word,phon_vec,syllables,ipa
ছাত্রনেতা,"[28, 1, 9, 2, 3, 6, 5, 9, 1, 0, 0, 0, 0, 0, 0, 0, 0, 0]","[['tʃʰ', 'a', 't̪'], ['r', 'o'], ['n', 'e'], ['t̪', 'a']]",tʃʰat̪ronet̪a
লক্ষাধিক,"[12, 3, 7, 24, 1, 25, 4, 7, 0, 0, 0, 0, 0, 0, 0, 0, 0, 0]","[['l', 'o', 'k'], ['kʰ', 'a'], ['d̪ʱ', 'i', 'k']]",lokkʰad̪ʱik
রোমান্টিক,"[2, 3, 13, 1, 6, 17, 4, 7, 0, 0, 0, 0, 0, 0, 0, 0, 0, 0]","[['r', 'o'], ['m', 'a', 'n'], ['ʈ', 'i', 'k']]",romanʈik
কোহলির,"[7, 3, 21, 12, 4, 2, 0, 0, 0, 0, 0, 0, 0, 0, 0, 0, 0, 0]","[['k', 'o', 'h'], ['l', 'i', 'r']]",kohlir
ঘটতে,"[34, 3, 17, 9, 5, 0, 0, 0, 0, 0, 0, 0, 0, 0, 0, 0, 0, 0]","[['gʱ', 'o', 'ʈ'], ['t̪', 'e']]",gʱoʈt̪e
রাখি,"[2, 1, 24, 4, 0, 0, 0, 0, 0, 0, 0, 0, 0, 0, 0, 0, 0, 0]","[['r', 'a'], ['kʰ', 'i']]",rakʰi
মোবারক,"[13, 3, 11, 1, 2, 8, 7, 0, 0, 0, 0, 0, 0, 0, 0, 0, 0, 0]","[['m', 'o'], ['b', 'a'], ['r', 'ɔ', 'k']]",mobarɔk
সকলে,"[10, 8, 7, 3, 12, 5, 0, 0, 0, 0, 0, 0, 0, 0, 0, 0, 0, 0]","[['ʃ', 'ɔ'], ['k', 'o'], ['l', 'e']]",ʃɔkole
ক্যাফে,"[7, 29, 27, 5, 0, 0, 0, 0, 0, 0, 0, 0, 0, 0, 0, 0, 0, 0]","[['k', 'æ'], ['f', 'e']]",kæfe
এসবই,"[5, 10, 8, 11, 4, 0, 0, 0, 0, 0, 0, 0, 0, 0, 0, 0, 0, 0]","[['e'], ['ʃ', 'ɔ'], ['b', 'i']]",eʃɔbi
বিক্রেতারা,"[11, 4, 7, 2, 5, 9, 1, 2, 1, 0, 0, 0, 0, 0, 0, 0, 0, 0]","[['b', 'i', 'k'], ['r', 'e'], ['t̪', 'a'], ['r', 'a']]",bikret̪ara
গাজা,"[20, 1, 18, 1, 0, 0, 0, 0, 0, 0, 0, 0, 0, 0, 0, 0, 0, 0]","[['g', 'a'], ['dʒ', 'a']]",gadʒa
সমঝোতার,"[10, 8, 13, 3, 42, 3, 9, 1, 2, 0, 0, 0, 0, 0, 0, 0, 0, 0]","[['ʃ', 'ɔ'], ['m', 'o'], ['dʒʱ', 'o'], ['t̪', 'a', 'r']]",ʃɔmodʒʱot̪ar
টানাটানি,"[17, 1, 6, 1, 17, 1, 6, 4, 0, 0, 0, 0, 0, 0, 0, 0, 0, 0]","[['ʈ', 'a'], ['n', 'a'], ['ʈ', 'a'], ['n', 'i']]",ʈanaʈani
অমীমাংসিত,"[8, 13, 4, 13, 1, 31, 10, 4, 9, 3, 0, 0, 0, 0, 0, 0, 0, 0]","[['ɔ'], ['m', 'i'], ['m', 'a', 'ŋ'], ['ʃ', 'i'], ['t̪', 'o']]",ɔmimaŋʃit̪o
পারভেজ,"[15, 1, 2, 23, 5, 18, 0, 0, 0, 0, 0, 0, 0, 0, 0, 0, 0, 0]","[['p', 'a', 'r'], ['bʱ', 'e', 'dʒ']]",parbʱedʒ
এমনটা,"[29, 13, 3, 6, 17, 1, 0, 0, 0, 0, 0, 0, 0, 0, 0, 0, 0, 0]","[['æ'], ['m', 'o', 'n'], ['ʈ', 'a']]",æmonʈa
মাঝি,"[13, 1, 42, 4, 0, 0, 0, 0, 0, 0, 0, 0, 0, 0, 0, 0, 0, 0]","[['m', 'a'], ['dʒʱ', 'i']]",madʒʱi
অনুসন্ধানের,"[3, 6, 14, 10, 8, 6, 25, 1, 6, 5, 2, 0, 0, 0, 0, 0, 0, 0]","[['o'], ['n', 'u'], ['ʃ', 'ɔ', 'n'], ['d̪ʱ', 'a'], ['n', 'e', 'r']]",onuʃɔnd̪ʱaner
জাপানে,"[18, 1, 15, 1, 6, 5, 0, 0, 0, 0, 0, 0, 0, 0, 0, 0, 0, 0]","[['dʒ', 'a'], ['p', 'a'], ['n', 'e']]",dʒapane
করছিলাম,"[7, 3, 2, 28, 4, 12, 1, 13, 0, 0, 0, 0, 0, 0, 0, 0, 0, 0]","[['k', 'o', 'r'], ['tʃʰ', 'i'], ['l', 'a', 'm']]",kortʃʰilam
স্বৈরাচারী,"[10, 35, 2, 1, 22, 1, 2, 4, 0, 0, 0, 0, 0, 0, 0, 0, 0, 0]","[['ʃ', 'oi̯'], ['r', 'a'], ['tʃ', 'a'], ['r', 'i']]",ʃoi̯ratʃari
ছোটখাটো,"[28, 3, 17, 3, 24, 1, 17, 3, 0, 0, 0, 0, 0, 0, 0, 0, 0, 0]","[['tʃʰ', 'o'], ['ʈ', 'o'], ['kʰ', 'a'], ['ʈ', 'o']]",tʃʰoʈokʰaʈo
পৌঁছতে,"[15, 38, 28, 3, 9, 5, 0, 0, 0, 0, 0, 0, 0, 0, 0, 0, 0, 0]","[['p', 'ou̯'], ['tʃʰ', 'o'], ['t̪', 'e']]",pou̯tʃʰot̪e
কথা,"[7, 8, 30, 1, 0, 0, 0, 0, 0, 0, 0, 0, 0, 0, 0, 0, 0, 0]","[['k', 'ɔ'], ['t̪ʰ', 'a']]",kɔt̪ʰa
সৈকতে,"[10, 35, 7, 3, 9, 5, 0, 0, 0, 0, 0, 0, 0, 0, 0, 0, 0, 0]","[['ʃ', 'oi̯'], ['k', 'o'], ['t̪', 'e']]",ʃoi̯kot̪e
চ্যানেলটি,"[22, 29, 6, 5, 12, 17, 4, 0, 0, 0, 0, 0, 0, 0, 0, 0, 0, 0]","[['tʃ', 'æ'], ['n', 'e', 'l'], ['ʈ', 'i']]",tʃænelʈi
ঘুমন্ত,"[34, 14, 13, 8, 6, 9, 3, 0, 0, 0, 0, 0, 0, 0, 0, 0, 0, 0]","[['gʱ', 'u'], ['m', 'ɔ', 'n'], ['t̪', 'o']]",gʱumɔnt̪o
ফাহাদ,"[27, 1, 21, 1, 16, 0, 0, 0, 0, 0, 0, 0, 0, 0, 0, 0, 0, 0]","[['f', 'a'], ['h', 'a', 'd̪']]",fahad̪
সরে,"[10, 3, 2, 5, 0, 0, 0, 0, 0, 0, 0, 0, 0, 0, 0, 0, 0, 0]","[['ʃ', 'o'], ['r', 'e']]",ʃore
বীমা,"[11, 4, 13, 1, 0, 0, 0, 0, 0, 0, 0, 0, 0, 0, 0, 0, 0, 0]","[['b', 'i'], ['m', 'a']]",bima
ব্যথার,"[11, 29, 30, 1, 2, 0, 0, 0, 0, 0, 0, 0, 0, 0, 0, 0, 0, 0]","[['b', 'æ'], ['t̪ʰ', 'a', 'r']]",bæt̪ʰar
পাবনার,"[15, 1, 11, 6, 1, 2, 0, 0, 0, 0, 0, 0, 0, 0, 0, 0, 0, 0]","[['p', 'a', 'b'], ['n', 'a', 'r']]",pabnar
রানার,"[2, 1, 6, 1, 2, 0, 0, 0, 0, 0, 0, 0, 0, 0, 0, 0, 0, 0]","[['r', 'a'], ['n', 'a', 'r']]",ranar
দেশের,"[16, 5, 10, 5, 2, 0, 0, 0, 0, 0, 0, 0, 0, 0, 0, 0, 0, 0]","[['d̪', 'e'], ['ʃ', 'e', 'r']]",d̪eʃer
পাবি,"[15, 1, 11, 4, 0, 0, 0, 0, 0, 0, 0, 0, 0, 0, 0, 0, 0, 0]","[['p', 'a'], ['b', 'i']]",pabi
মেশিন,"[13, 5, 10, 4, 6, 0, 0, 0, 0, 0, 0, 0, 0, 0, 0, 0, 0, 0]","[['m', 'e'], ['ʃ', 'i', 'n']]",meʃin
তত,"[9, 3, 9, 3, 0, 0, 0, 0, 0, 0, 0, 0, 0, 0, 0, 0, 0, 0]","[['t̪', 'o'], ['t̪', 'o']]",t̪ot̪o
যেটাকে,"[18, 5, 17, 1, 7, 5, 0, 0, 0, 0, 0, 0, 0, 0, 0, 0, 0, 0]","[['dʒ', 'e'], ['ʈ', 'a'], ['k', 'e']]",dʒeʈake
একার,"[29, 7, 1, 2, 0, 0, 0, 0, 0, 0, 0, 0, 0, 0, 0, 0, 0, 0]","[['æ'], ['k', 'a', 'r']]",ækar
দিকেই,"[16, 4, 7, 33, 0, 0, 0, 0, 0, 0, 0, 0, 0, 0, 0, 0, 0, 0]","[['d̪', 'i'], ['k', 'ei̯']]",d̪ikei̯
হাইব্রিড,"[21, 32, 11, 2, 4, 26, 0, 0, 0, 0, 0, 0, 0, 0, 0, 0, 0, 0]","[['h', 'ai̯'], ['b', 'r', 'i', 'ɖ']]",hai̯briɖ
মতই,"[13, 8, 9, 35, 0, 0, 0, 0, 0, 0, 0, 0, 0, 0, 0, 0, 0, 0]","[['m', 'ɔ'], ['t̪', 'oi̯']]",mɔt̪oi̯
মূল্যহীন,"[13, 14, 12, 12, 3, 21, 4, 6, 0, 0, 0, 0, 0, 0, 0, 0, 0, 0]","[['m', 'u', 'l'], ['l', 'o'], ['h', 'i', 'n']]",mullohin
লাভের,"[12, 1, 23, 5, 2, 0, 0, 0, 0, 0, 0, 0, 0, 0, 0, 0, 0, 0]","[['l', 'a'], ['bʱ', 'e', 'r']]",labʱer
বৃহস্পতি,"[11, 2, 4, 21, 8, 10, 15, 3, 9, 4, 0, 0, 0, 0, 0, 0, 0, 0]","[['b', 'r', 'i'], ['h', 'ɔ', 'ʃ'], ['p', 'o'], ['t̪', 'i']]",brihɔʃpot̪i
সমিতি,"[10, 8, 13, 4, 9, 4, 0, 0, 0, 0, 0, 0, 0, 0, 0, 0, 0, 0]","[['ʃ', 'ɔ'], ['m', 'i'], ['t̪', 'i']]",ʃɔmit̪i
ওলামা,"[3, 12, 1, 13, 1, 0, 0, 0, 0, 0, 0, 0, 0, 0, 0, 0, 0, 0]","[['o'], ['l', 'a'], ['m', 'a']]",olama
পুতুলের,"[15, 14, 9, 14, 12, 5, 2, 0, 0, 0, 0, 0, 0, 0, 0, 0, 0, 0]","[['p', 'u'], ['t̪', 'u'], ['l', 'e', 'r']]",put̪uler
সংগ্রহশালা,"[10, 8, 31, 20, 2, 3, 21, 3, 10, 1, 12, 1, 0, 0, 0, 0, 0, 0]","[['ʃ', 'ɔ', 'ŋ'], ['g', 'r', 'o'], ['h', 'o'], ['ʃ', 'a'], ['l', 'a']]",ʃɔŋgrohoʃala
পুলিস,"[15, 14, 12, 4, 10, 0, 0, 0, 0, 0, 0, 0, 0, 0, 0, 0, 0, 0]","[['p', 'u'], ['l', 'i', 'ʃ']]",puliʃ
কুমিল্লার,"[7, 14, 13, 4, 12, 12, 1, 2, 0, 0, 0, 0, 0, 0, 0, 0, 0, 0]","[['k', 'u'], ['m', 'i', 'l'], ['l', 'a', 'r']]",kumillar
টাইটেল,"[17, 32, 17, 5, 12, 0, 0, 0, 0, 0, 0, 0, 0, 0, 0, 0, 0, 0]","[['ʈ', 'ai̯'], ['ʈ', 'e', 'l']]",ʈai̯ʈel
খেলছে,"[24, 5, 12, 28, 5, 0, 0, 0, 0, 0, 0, 0, 0, 0, 0, 0, 0, 0]","[['kʰ', 'e', 'l'], ['tʃʰ', 'e']]",kʰeltʃʰe
কেন,"[7, 5, 6, 3, 0, 0, 0, 0, 0, 0, 0, 0, 0, 0, 0, 0, 0, 0]","[['k', 'e'], ['n', 'o']]",keno
বানী,"[11, 1, 6, 4, 0, 0, 0, 0, 0, 0, 0, 0, 0, 0, 0, 0, 0, 0]","[['b', 'a'], ['n', 'i']]",bani
চুমুক,"[22, 14, 13, 14, 7, 0, 0, 0, 0, 0, 0, 0, 0, 0, 0, 0, 0, 0]","[['tʃ', 'u'], ['m', 'u', 'k']]",tʃumuk
প্রতিবন্ধীদের,"[15, 2, 3, 9, 4, 11, 3, 6, 25, 4, 16, 5, 2, 0, 0, 0, 0, 0]","[['p', 'r', 'o'], ['t̪', 'i'], ['b', 'o', 'n'], ['d̪ʱ', 'i'], ['d̪', 'e', 'r']]",prot̪ibond̪ʱid̪er
ছেলেকে,"[28, 5, 12, 5, 7, 5, 0, 0, 0, 0, 0, 0, 0, 0, 0, 0, 0, 0]","[['tʃʰ', 'e'], ['l', 'e'], ['k', 'e']]",tʃʰeleke
মহিলাটি,"[13, 3, 21, 4, 12, 1, 17, 4, 0, 0, 0, 0, 0, 0, 0, 0, 0, 0]","[['m', 'o'], ['h', 'i'], ['l', 'a'], ['ʈ', 'i']]",mohilaʈi
জিতে,"[18, 4, 9, 5, 0, 0, 0, 0, 0, 0, 0, 0, 0, 0, 0, 0, 0, 0]","[['dʒ', 'i'], ['t̪', 'e']]",dʒit̪e
নির্বাসন,"[6, 4, 2, 11, 1, 10, 3, 6, 0, 0, 0, 0, 0, 0, 0, 0, 0, 0]","[['n', 'i', 'r'], ['b', 'a'], ['ʃ', 'o', 'n']]",nirbaʃon
এসেছিলাম,"[5, 10, 5, 28, 4, 12, 1, 13, 0, 0, 0, 0, 0, 0, 0, 0, 0, 0]","[['e'], ['ʃ', 'e'], ['tʃʰ', 'i'], ['l', 'a', 'm']]",eʃetʃʰilam
ভাজা,"[23, 1, 18, 1, 0, 0, 0, 0, 0, 0, 0, 0, 0, 0, 0, 0, 0, 0]","[['bʱ', 'a'], ['dʒ', 'a']]",bʱadʒa
ফেডারেশনের,"[27, 29, 26, 1, 2, 5, 10, 3, 6, 5, 2, 0, 0, 0, 0, 0, 0, 0]","[['f', 'æ'], ['ɖ', 'a'], ['r', 'e'], ['ʃ', 'o'], ['n', 'e', 'r']]",fæɖareʃoner
ঘেরা,"[34, 5, 2, 1, 0, 0, 0, 0, 0, 0, 0, 0, 0, 0, 0, 0, 0, 0]","[['gʱ', 'e'], ['r', 'a']]",gʱera
ব্যবহারকারী,"[11, 29, 11, 3, 21, 1, 2, 7, 1, 2, 4, 0, 0, 0, 0, 0, 0, 0]","[['b', 'æ'], ['b', 'o'], ['h', 'a', 'r'], ['k', 'a'], ['r', 'i']]",bæboharkari
ঘোরাফেরা,"[34, 3, 2, 1, 27, 5, 2, 1, 0, 0, 0, 0, 0, 0, 0, 0, 0, 0]","[['gʱ', 'o'], ['r', 'a'], ['f', 'e'], ['r', 'a']]",gʱorafera
ল্যাপটপ,"[12, 29, 15, 17, 8, 15, 0, 0, 0, 0, 0, 0, 0, 0, 0, 0, 0, 0]","[['l', 'æ', 'p'], ['ʈ', 'ɔ', 'p']]",læpʈɔp
দ্বারাই,"[16, 1, 2, 32, 0, 0, 0, 0, 0, 0, 0, 0, 0, 0, 0, 0, 0, 0]","[['d̪', 'a'], ['r', 'ai̯']]",d̪arai̯
এসো,"[5, 10, 3, 0, 0, 0, 0, 0, 0, 0, 0, 0, 0, 0, 0, 0, 0, 0]","[['e'], ['ʃ', 'o']]",eʃo
আসছেন,"[1, 10, 28, 5, 6, 0, 0, 0, 0, 0, 0, 0, 0, 0, 0, 0, 0, 0]","[['a', 'ʃ'], ['tʃʰ', 'e', 'n']]",aʃtʃʰen
পারছিল,"[15, 1, 2, 28, 4, 12, 3, 0, 0, 0, 0, 0, 0, 0, 0, 0, 0, 0]","[['p', 'a', 'r'], ['tʃʰ', 'i'], ['l', 'o']]",partʃʰilo
যামু,"[18, 1, 13, 14, 0, 0, 0, 0, 0, 0, 0, 0, 0, 0, 0, 0, 0, 0]","[['dʒ', 'a'], ['m', 'u']]",dʒamu
মুদি,"[13, 14, 16, 4, 0, 0, 0, 0, 0, 0, 0, 0, 0, 0, 0, 0, 0, 0]","[['m', 'u'], ['d̪', 'i']]",mud̪i
নিচু,"[6, 4, 22, 14, 0, 0, 0, 0, 0, 0, 0, 0, 0, 0, 0, 0, 0, 0]","[['n', 'i'], ['tʃ', 'u']]",nitʃu
অগণিত,"[8, 20, 3, 6, 4, 9, 3, 0, 0, 0, 0, 0, 0, 0, 0, 0, 0, 0]","[['ɔ'], ['g', 'o'], ['n', 'i'], ['t̪', 'o']]",ɔgonit̪o
শুনেছি,"[10, 14, 6, 5, 28, 4, 0, 0, 0, 0, 0, 0, 0, 0, 0, 0, 0, 0]","[['ʃ', 'u'], ['n', 'e'], ['tʃʰ', 'i']]",ʃunetʃʰi
পাইনা,"[15, 32, 6, 1, 0, 0, 0, 0, 0, 0, 0, 0, 0, 0, 0, 0, 0, 0]","[['p', 'ai̯'], ['n', 'a']]",pai̯na
গোশত,"[20, 3, 10, 9, 3, 0, 0, 0, 0, 0, 0, 0, 0, 0, 0, 0, 0, 0]","[['g', 'o', 'ʃ'], ['t̪', 'o']]",goʃt̪o
কপালে,"[7, 8, 15, 1, 12, 5, 0, 0, 0, 0, 0, 0, 0, 0, 0, 0, 0, 0]","[['k', 'ɔ'], ['p', 'a'], ['l', 'e']]",kɔpale
বকর,"[11, 8, 7, 8, 2, 0, 0, 0, 0, 0, 0, 0, 0, 0, 0, 0, 0, 0]","[['b', 'ɔ'], ['k', 'ɔ', 'r']]",bɔkɔr
লেগেছে,"[12, 5, 20, 5, 28, 5, 0, 0, 0, 0, 0, 0, 0, 0, 0, 0, 0, 0]","[['l', 'e'], ['g', 'e'], ['tʃʰ', 'e']]",legetʃʰe
পৃথিবী,"[15, 2, 4, 30, 4, 11, 4, 0, 0, 0, 0, 0, 0, 0, 0, 0, 0, 0]","[['p', 'r', 'i'], ['t̪ʰ', 'i'], ['b', 'i']]",prit̪ʰibi
মেহমান,"[13, 5, 21, 3, 13, 1, 6, 0, 0, 0, 0, 0, 0, 0, 0, 0, 0, 0]","[['m', 'e'], ['h', 'o'], ['m', 'a', 'n']]",mehoman
চুলা,"[22, 14, 12, 1, 0, 0, 0, 0, 0, 0, 0, 0, 0, 0, 0, 0, 0, 0]","[['tʃ', 'u'], ['l', 'a']]",tʃula
কাছের,"[7, 1, 28, 5, 2, 0, 0, 0, 0, 0, 0, 0, 0, 0, 0, 0, 0, 0]","[['k', 'a'], ['tʃʰ', 'e', 'r']]",katʃʰer
সংস্কৃতির,"[10, 8, 31, 19, 7, 2, 4, 9, 4, 2, 0, 0, 0, 0, 0, 0, 0, 0]","[['ʃ', 'ɔ', 'ŋ', 's'], ['k', 'r', 'i'], ['t̪', 'i', 'r']]",ʃɔŋskrit̪ir
পরামর্শ,"[15, 8, 2, 1, 13, 8, 2, 10, 3, 0, 0, 0, 0, 0, 0, 0, 0, 0]","[['p', 'ɔ'], ['r', 'a'], ['m', 'ɔ', 'r'], ['ʃ', 'o']]",pɔramɔrʃo
সতর্ক,"[10, 8, 9, 3, 2, 7, 3, 0, 0, 0, 0, 0, 0, 0, 0, 0, 0, 0]","[['ʃ', 'ɔ'], ['t̪', 'o', 'r'], ['k', 'o']]",ʃɔt̪orko
খেলাটা,"[24, 29, 12, 1, 17, 1, 0, 0, 0, 0, 0, 0, 0, 0, 0, 0, 0, 0]","[['kʰ', 'æ'], ['l', 'a'], ['ʈ', 'a']]",kʰælaʈa
মুরগির,"[13, 14, 2, 20, 4, 2, 0, 0, 0, 0, 0, 0, 0, 0, 0, 0, 0, 0]","[['m', 'u', 'r'], ['g', 'i', 'r']]",murgir
ধোনি,"[25, 3, 6, 4, 0, 0, 0, 0, 0, 0, 0, 0, 0, 0, 0, 0, 0, 0]","[['d̪ʱ', 'o'], ['n', 'i']]",d̪ʱoni
বাণী,"[11, 1, 6, 4, 0, 0, 0, 0, 0, 0, 0, 0, 0, 0, 0, 0, 0, 0]","[['b', 'a'], ['n', 'i']]",bani
যোগসূত্র,"[18, 3, 20, 3, 10, 14, 9, 2, 3, 0, 0, 0, 0, 0, 0, 0, 0, 0]","[['dʒ', 'o', 'g', 'o'], ['ʃ', 'u', 't̪'], ['r', 'o']]",dʒogoʃut̪ro
কওমি,"[7, 51, 13, 4, 0, 0, 0, 0, 0, 0, 0, 0, 0, 0, 0, 0, 0, 0]","[['k', 'ɔo̯'], ['m', 'i']]",kɔo̯mi
মহসিন,"[13, 3, 21, 3, 19, 4, 6, 0, 0, 0, 0, 0, 0, 0, 0, 0, 0, 0]","[['m', 'o'], ['h', 'o'], ['s', 'i', 'n']]",mohosin
শোনা,"[10, 3, 6, 1, 0, 0, 0, 0, 0, 0, 0, 0, 0, 0, 0, 0, 0, 0]","[['ʃ', 'o'], ['n', 'a']]",ʃona
গর্ভধারণ,"[20, 8, 2, 23, 3, 25, 1, 2, 3, 6, 0, 0, 0, 0, 0, 0, 0, 0]","[['g', 'ɔ', 'r'], ['bʱ', 'o'], ['d̪ʱ', 'a'], ['r', 'o', 'n']]",gɔrbʱod̪ʱaron
আক্রমন,"[1, 7, 2, 3, 13, 3, 6, 0, 0, 0, 0, 0, 0, 0, 0, 0, 0, 0]","[['a', 'k'], ['r', 'o'], ['m', 'o', 'n']]",akromon
ভালা,"[23, 1, 12, 1, 0, 0, 0, 0, 0, 0, 0, 0, 0, 0, 0, 0, 0, 0]","[['bʱ', 'a'], ['l', 'a']]",bʱala
ভৌতিক,"[23, 38, 9, 4, 7, 0, 0, 0, 0, 0, 0, 0, 0, 0, 0, 0, 0, 0]","[['bʱ', 'ou̯'], ['t̪', 'i', 'k']]",bʱou̯t̪ik
আইনজীবী,"[1, 4, 6, 18, 4, 11, 4, 0, 0, 0, 0, 0, 0, 0, 0, 0, 0, 0]","[['a'], ['i', 'n'], ['dʒ', 'i'], ['b', 'i']]",aindʒibi
দেখলে,"[16, 5, 24, 12, 5, 0, 0, 0, 0, 0, 0, 0, 0, 0, 0, 0, 0, 0]","[['d̪', 'e', 'kʰ'], ['l', 'e']]",d̪ekʰle
সংখ্যা,"[19, 3, 31, 24, 1, 0, 0, 0, 0, 0, 0, 0, 0, 0, 0, 0, 0, 0]","[['s', 'o', 'ŋ'], ['kʰ', 'a']]",soŋkʰa
দশজন,"[16, 8, 10, 18, 8, 6, 0, 0, 0, 0, 0, 0, 0, 0, 0, 0, 0, 0]","[['d̪', 'ɔ', 'ʃ'], ['dʒ', 'ɔ', 'n']]",d̪ɔʃdʒɔn
টিউমার,"[17, 41, 13, 1, 2, 0, 0, 0, 0, 0, 0, 0, 0, 0, 0, 0, 0, 0]","[['ʈ', 'iu̯'], ['m', 'a', 'r']]",ʈiu̯mar
ক্ষমা,"[24, 8, 13, 1, 0, 0, 0, 0, 0, 0, 0, 0, 0, 0, 0, 0, 0, 0]","[['kʰ', 'ɔ'], ['m', 'a']]",kʰɔma
সেকেন্ড,"[19, 5, 7, 5, 6, 26, 0, 0, 0, 0, 0, 0, 0, 0, 0, 0, 0, 0]","[['s', 'e'], ['k', 'e', 'n', 'ɖ']]",sekenɖ
বেগুন,"[11, 5, 20, 14, 6, 0, 0, 0, 0, 0, 0, 0, 0, 0, 0, 0, 0, 0]","[['b', 'e'], ['g', 'u', 'n']]",begun
গ্যারান্টি,"[20, 29, 2, 1, 6, 17, 4, 0, 0, 0, 0, 0, 0, 0, 0, 0, 0, 0]","[['g', 'æ'], ['r', 'a', 'n'], ['ʈ', 'i']]",gæranʈi
কারুর,"[7, 1, 2, 14, 2, 0, 0, 0, 0, 0, 0, 0, 0, 0, 0, 0, 0, 0]","[['k', 'a'], ['r', 'u', 'r']]",karur
আলাইকুম,"[1, 12, 32, 7, 14, 13, 0, 0, 0, 0, 0, 0, 0, 0, 0, 0, 0, 0]","[['a'], ['l', 'ai̯'], ['k', 'u', 'm']]",alai̯kum
পানের,"[15, 1, 6, 5, 2, 0, 0, 0, 0, 0, 0, 0, 0, 0, 0, 0, 0, 0]","[['p', 'a'], ['n', 'e', 'r']]",paner
ম্যাচেই,"[13, 29, 22, 33, 0, 0, 0, 0, 0, 0, 0, 0, 0, 0, 0, 0, 0, 0]","[['m', 'æ'], ['tʃ', 'ei̯']]",mætʃei̯
মতামত,"[13, 8, 9, 1, 13, 8, 9, 0, 0, 0, 0, 0, 0, 0, 0, 0, 0, 0]","[['m', 'ɔ'], ['t̪', 'a'], ['m', 'ɔ', 't̪']]",mɔt̪amɔt̪
স্বর্ণপদক,"[10, 8, 2, 6, 3, 15, 8, 16, 3, 7, 0, 0, 0, 0, 0, 0, 0, 0]","[['ʃ', 'ɔ', 'r'], ['n', 'o'], ['p', 'ɔ'], ['d̪', 'o', 'k']]",ʃɔrnopɔd̪ok
লিভার,"[12, 4, 23, 1, 2, 0, 0, 0, 0, 0, 0, 0, 0, 0, 0, 0, 0, 0]","[['l', 'i'], ['bʱ', 'a', 'r']]",libʱar
আইনজীবীরা,"[1, 4, 6, 18, 4, 11, 4, 2, 1, 0, 0, 0, 0, 0, 0, 0, 0, 0]","[['a'], ['i', 'n'], ['dʒ', 'i'], ['b', 'i'], ['r', 'a']]",aindʒibira
পুঁজি,"[15, 14, 18, 4, 0, 0, 0, 0, 0, 0, 0, 0, 0, 0, 0, 0, 0, 0]","[['p', 'u'], ['dʒ', 'i']]",pudʒi
দাপট,"[16, 1, 15, 3, 17, 0, 0, 0, 0, 0, 0, 0, 0, 0, 0, 0, 0, 0]","[['d̪', 'a'], ['p', 'o', 'ʈ']]",d̪apoʈ
উইকি,"[53, 7, 4, 0, 0, 0, 0, 0, 0, 0, 0, 0, 0, 0, 0, 0, 0, 0]","[['u̯i'], ['k', 'i']]",u̯iki
বাসনা,"[11, 1, 10, 3, 6, 1, 0, 0, 0, 0, 0, 0, 0, 0, 0, 0, 0, 0]","[['b', 'a'], ['ʃ', 'o'], ['n', 'a']]",baʃona
অগ্রাধিকার,"[8, 20, 2, 1, 25, 4, 7, 1, 2, 0, 0, 0, 0, 0, 0, 0, 0, 0]","[['ɔ', 'g'], ['r', 'a'], ['d̪ʱ', 'i'], ['k', 'a', 'r']]",ɔgrad̪ʱikar
এমনভাবে,"[29, 13, 3, 6, 23, 1, 11, 5, 0, 0, 0, 0, 0, 0, 0, 0, 0, 0]","[['æ'], ['m', 'o', 'n'], ['bʱ', 'a'], ['b', 'e']]",æmonbʱabe
ডেলিভারি,"[26, 5, 12, 4, 23, 1, 2, 4, 0, 0, 0, 0, 0, 0, 0, 0, 0, 0]","[['ɖ', 'e'], ['l', 'i'], ['bʱ', 'a'], ['r', 'i']]",ɖelibʱari
এটার,"[5, 17, 1, 2, 0, 0, 0, 0, 0, 0, 0, 0, 0, 0, 0, 0, 0, 0]","[['e'], ['ʈ', 'a', 'r']]",eʈar
পটল,"[15, 8, 17, 3, 12, 0, 0, 0, 0, 0, 0, 0, 0, 0, 0, 0, 0, 0]","[['p', 'ɔ'], ['ʈ', 'o', 'l']]",pɔʈol
জমে,"[18, 3, 13, 5, 0, 0, 0, 0, 0, 0, 0, 0, 0, 0, 0, 0, 0, 0]","[['dʒ', 'o'], ['m', 'e']]",dʒome
ব্যবস্থাপনা,"[11, 29, 11, 3, 19, 30, 1, 15, 8, 6, 1, 0, 0, 0, 0, 0, 0, 0]","[['b', 'æ'], ['b', 'o', 's'], ['t̪ʰ', 'a'], ['p', 'ɔ'], ['n', 'a']]",bæbost̪ʰapɔna
মনযোগ,"[13, 3, 6, 3, 18, 3, 20, 0, 0, 0, 0, 0, 0, 0, 0, 0, 0, 0]","[['m', 'o'], ['n', 'o'], ['dʒ', 'o', 'g']]",monodʒog
লেবার,"[12, 5, 11, 1, 2, 0, 0, 0, 0, 0, 0, 0, 0, 0, 0, 0, 0, 0]","[['l', 'e'], ['b', 'a', 'r']]",lebar
আহম্মেদ,"[1, 21, 8, 13, 13, 5, 16, 0, 0, 0, 0, 0, 0, 0, 0, 0, 0, 0]","[['a'], ['h', 'ɔ', 'm'], ['m', 'e', 'd̪']]",ahɔmmed̪
প্রশাসক,"[15, 2, 3, 10, 1, 10, 8, 7, 0, 0, 0, 0, 0, 0, 0, 0, 0, 0]","[['p', 'r', 'o'], ['ʃ', 'a'], ['ʃ', 'ɔ', 'k']]",proʃaʃɔk
বাধ্যবাধকতা,"[11, 1, 16, 25, 3, 11, 1, 25, 3, 7, 8, 9, 1, 0, 0, 0, 0, 0]","[['b', 'a', 'd̪'], ['d̪ʱ', 'o'], ['b', 'a'], ['d̪ʱ', 'o'], ['k', 'ɔ'], ['t̪', 'a']]",bad̪d̪ʱobad̪ʱokɔt̪a
দ্বিগুন,"[16, 4, 20, 14, 6, 0, 0, 0, 0, 0, 0, 0, 0, 0, 0, 0, 0, 0]","[['d̪', 'i'], ['g', 'u', 'n']]",d̪igun
অতিবাহিত,"[3, 9, 4, 11, 1, 21, 4, 9, 3, 0, 0, 0, 0, 0, 0, 0, 0, 0]","[['o'], ['t̪', 'i'], ['b', 'a'], ['h', 'i'], ['t̪', 'o']]",ot̪ibahit̪o
তাতেই,"[9, 1, 9, 33, 0, 0, 0, 0, 0, 0, 0, 0, 0, 0, 0, 0, 0, 0]","[['t̪', 'a'], ['t̪', 'ei̯']]",t̪at̪ei̯
থাকিস,"[30, 1, 7, 4, 10, 0, 0, 0, 0, 0, 0, 0, 0, 0, 0, 0, 0, 0]","[['t̪ʰ', 'a'], ['k', 'i', 'ʃ']]",t̪ʰakiʃ
ফ্লোরিডার,"[27, 12, 3, 2, 4, 26, 1, 2, 0, 0, 0, 0, 0, 0, 0, 0, 0, 0]","[['f', 'l', 'o'], ['r', 'i'], ['ɖ', 'a', 'r']]",floriɖar
বৈশাখের,"[11, 35, 10, 1, 24, 5, 2, 0, 0, 0, 0, 0, 0, 0, 0, 0, 0, 0]","[['b', 'oi̯'], ['ʃ', 'a'], ['kʰ', 'e', 'r']]",boi̯ʃakʰer
প্রাণিসম্পদ,"[15, 2, 1, 6, 4, 10, 8, 13, 15, 8, 16, 0, 0, 0, 0, 0, 0, 0]","[['p', 'r', 'a'], ['n', 'i'], ['ʃ', 'ɔ', 'm'], ['p', 'ɔ', 'd̪']]",praniʃɔmpɔd̪
গোপন,"[20, 3, 15, 3, 6, 0, 0, 0, 0, 0, 0, 0, 0, 0, 0, 0, 0, 0]","[['g', 'o'], ['p', 'o', 'n']]",gopon
গণধর্ষণ,"[20, 8, 6, 3, 25, 8, 2, 10, 3, 6, 0, 0, 0, 0, 0, 0, 0, 0]","[['g', 'ɔ'], ['n', 'o'], ['d̪ʱ', 'ɔ', 'r'], ['ʃ', 'o', 'n']]",gɔnod̪ʱɔrʃon
টিমের,"[17, 4, 13, 5, 2, 0, 0, 0, 0, 0, 0, 0, 0, 0, 0, 0, 0, 0]","[['ʈ', 'i'], ['m', 'e', 'r']]",ʈimer
অর্থনৈতিকভাবে,"[8, 2, 30, 3, 6, 35, 9, 4, 7, 23, 1, 11, 5, 0, 0, 0, 0, 0]","[['ɔ', 'r'], ['t̪ʰ', 'o'], ['n', 'oi̯'], ['t̪', 'i', 'k'], ['bʱ', 'a'], ['b', 'e']]",ɔrt̪ʰonoi̯t̪ikbʱabe
বনানী,"[11, 8, 6, 1, 6, 4, 0, 0, 0, 0, 0, 0, 0, 0, 0, 0, 0, 0]","[['b', 'ɔ'], ['n', 'a'], ['n', 'i']]",bɔnani
শিবিরে,"[10, 4, 11, 4, 2, 5, 0, 0, 0, 0, 0, 0, 0, 0, 0, 0, 0, 0]","[['ʃ', 'i'], ['b', 'i'], ['r', 'e']]",ʃibire
কসম,"[7, 8, 19, 3, 13, 0, 0, 0, 0, 0, 0, 0, 0, 0, 0, 0, 0, 0]","[['k', 'ɔ'], ['s', 'o', 'm']]",kɔsom
সনি,"[19, 8, 6, 4, 0, 0, 0, 0, 0, 0, 0, 0, 0, 0, 0, 0, 0, 0]","[['s', 'ɔ'], ['n', 'i']]",sɔni
ছাগলের,"[28, 1, 20, 3, 12, 5, 2, 0, 0, 0, 0, 0, 0, 0, 0, 0, 0, 0]","[['tʃʰ', 'a'], ['g', 'o'], ['l', 'e', 'r']]",tʃʰagoler
পাখা,"[15, 1, 24, 1, 0, 0, 0, 0, 0, 0, 0, 0, 0, 0, 0, 0, 0, 0]","[['p', 'a'], ['kʰ', 'a']]",pakʰa
হাসতে,"[21, 1, 10, 9, 5, 0, 0, 0, 0, 0, 0, 0, 0, 0, 0, 0, 0, 0]","[['h', 'a', 'ʃ'], ['t̪', 'e']]",haʃt̪e
ঘোরে,"[34, 3, 2, 5, 0, 0, 0, 0, 0, 0, 0, 0, 0, 0, 0, 0, 0, 0]","[['gʱ', 'o'], ['r', 'e']]",gʱore
দুর্ভাগ্যবশত,"[16, 14, 2, 23, 1, 20, 20, 3, 11, 8, 10, 3, 9, 3, 0, 0, 0, 0]","[['d̪', 'u', 'r'], ['bʱ', 'a', 'g'], ['g', 'o'], ['b', 'ɔ'], ['ʃ', 'o'], ['t̪', 'o']]",d̪urbʱaggobɔʃot̪o
সিংহ,"[10, 4, 31, 21, 3, 0, 0, 0, 0, 0, 0, 0, 0, 0, 0, 0, 0, 0]","[['ʃ', 'i', 'ŋ'], ['h', 'o']]",ʃiŋho
ভ্রাম্যমাণ,"[23, 2, 1, 13, 13, 3, 13, 1, 6, 0, 0, 0, 0, 0, 0, 0, 0, 0]","[['bʱ', 'r', 'a', 'm'], ['m', 'o'], ['m', 'a', 'n']]",bʱrammoman
জৈব,"[18, 35, 11, 3, 0, 0, 0, 0, 0, 0, 0, 0, 0, 0, 0, 0, 0, 0]","[['dʒ', 'oi̯'], ['b', 'o']]",dʒoi̯bo
পাতার,"[15, 1, 9, 1, 2, 0, 0, 0, 0, 0, 0, 0, 0, 0, 0, 0, 0, 0]","[['p', 'a'], ['t̪', 'a', 'r']]",pat̪ar
খেলো,"[24, 5, 12, 3, 0, 0, 0, 0, 0, 0, 0, 0, 0, 0, 0, 0, 0, 0]","[['kʰ', 'e'], ['l', 'o']]",kʰelo
মোনা,"[13, 3, 6, 1, 0, 0, 0, 0, 0, 0, 0, 0, 0, 0, 0, 0, 0, 0]","[['m', 'o'], ['n', 'a']]",mona
দীক্ষিত,"[16, 4, 7, 24, 4, 9, 3, 0, 0, 0, 0, 0, 0, 0, 0, 0, 0, 0]","[['d̪', 'i', 'k'], ['kʰ', 'i'], ['t̪', 'o']]",d̪ikkʰit̪o
পাখি,"[15, 1, 24, 4, 0, 0, 0, 0, 0, 0, 0, 0, 0, 0, 0, 0, 0, 0]","[['p', 'a'], ['kʰ', 'i']]",pakʰi
আইকন,"[32, 7, 8, 6, 0, 0, 0, 0, 0, 0, 0, 0, 0, 0, 0, 0, 0, 0]","[['ai̯'], ['k', 'ɔ', 'n']]",ai̯kɔn
তরুন,"[9, 3, 2, 14, 6, 0, 0, 0, 0, 0, 0, 0, 0, 0, 0, 0, 0, 0]","[['t̪', 'o'], ['r', 'u', 'n']]",t̪orun
প্রতিমন্ত্রী,"[15, 2, 3, 9, 4, 13, 3, 6, 9, 2, 4, 0, 0, 0, 0, 0, 0, 0]","[['p', 'r', 'o'], ['t̪', 'i'], ['m', 'o', 'n'], ['t̪', 'r', 'i']]",prot̪imont̪ri
আলফা,"[1, 12, 27, 1, 0, 0, 0, 0, 0, 0, 0, 0, 0, 0, 0, 0, 0, 0]","[['a', 'l'], ['f', 'a']]",alfa
সহানুভূতি,"[10, 8, 21, 1, 6, 14, 23, 14, 9, 4, 0, 0, 0, 0, 0, 0, 0, 0]","[['ʃ', 'ɔ'], ['h', 'a'], ['n', 'u'], ['bʱ', 'u'], ['t̪', 'i']]",ʃɔhanubʱut̪i
আচরণে,"[1, 22, 3, 2, 8, 6, 5, 0, 0, 0, 0, 0, 0, 0, 0, 0, 0, 0]","[['a'], ['tʃ', 'o'], ['r', 'ɔ'], ['n', 'e']]",atʃorɔne
মন্দিরের,"[13, 3, 6, 16, 4, 2, 5, 2, 0, 0, 0, 0, 0, 0, 0, 0, 0, 0]","[['m', 'o', 'n'], ['d̪', 'i'], ['r', 'e', 'r']]",mond̪irer
অজ্ঞতা,"[8, 20, 20, 3, 9, 1, 0, 0, 0, 0, 0, 0, 0, 0, 0, 0, 0, 0]","[['ɔ', 'g'], ['g', 'o'], ['t̪', 'a']]",ɔggot̪a
যুদ্ধবিমান,"[18, 14, 16, 25, 3, 11, 4, 13, 1, 6, 0, 0, 0, 0, 0, 0, 0, 0]","[['dʒ', 'u', 'd̪'], ['d̪ʱ', 'o'], ['b', 'i'], ['m', 'a', 'n']]",dʒud̪d̪ʱobiman
সিগন্যাল,"[19, 4, 20, 6, 1, 12, 0, 0, 0, 0, 0, 0, 0, 0, 0, 0, 0, 0]","[['s', 'i', 'g'], ['n', 'a', 'l']]",signal
ডাবল,"[26, 1, 11, 3, 12, 0, 0, 0, 0, 0, 0, 0, 0, 0, 0, 0, 0, 0]","[['ɖ', 'a'], ['b', 'o', 'l']]",ɖabol
ক্রেতার,"[7, 2, 5, 9, 1, 2, 0, 0, 0, 0, 0, 0, 0, 0, 0, 0, 0, 0]","[['k', 'r', 'e'], ['t̪', 'a', 'r']]",kret̪ar
বেইজিং,"[11, 33, 18, 4, 31, 0, 0, 0, 0, 0, 0, 0, 0, 0, 0, 0, 0, 0]","[['b', 'ei̯'], ['dʒ', 'i', 'ŋ']]",bei̯dʒiŋ
হিসাবে,"[21, 4, 10, 1, 11, 5, 0, 0, 0, 0, 0, 0, 0, 0, 0, 0, 0, 0]","[['h', 'i'], ['ʃ', 'a'], ['b', 'e']]",hiʃabe
আমদানির,"[1, 13, 16, 1, 6, 4, 2, 0, 0, 0, 0, 0, 0, 0, 0, 0, 0, 0]","[['a', 'm'], ['d̪', 'a'], ['n', 'i', 'r']]",amd̪anir
জ্বালানি,"[18, 1, 12, 1, 6, 4, 0, 0, 0, 0, 0, 0, 0, 0, 0, 0, 0, 0]","[['dʒ', 'a'], ['l', 'a'], ['n', 'i']]",dʒalani
পালাতে,"[15, 1, 12, 1, 9, 5, 0, 0, 0, 0, 0, 0, 0, 0, 0, 0, 0, 0]","[['p', 'a'], ['l', 'a'], ['t̪', 'e']]",palat̪e
হিংস্র,"[21, 4, 31, 19, 2, 3, 0, 0, 0, 0, 0, 0, 0, 0, 0, 0, 0, 0]","[['h', 'i', 'ŋ'], ['s', 'r', 'o']]",hiŋsro
করবেনা,"[7, 3, 2, 11, 5, 6, 1, 0, 0, 0, 0, 0, 0, 0, 0, 0, 0, 0]","[['k', 'o', 'r'], ['b', 'e'], ['n', 'a']]",korbena
আনন্দের,"[1, 6, 8, 6, 16, 5, 2, 0, 0, 0, 0, 0, 0, 0, 0, 0, 0, 0]","[['a'], ['n', 'ɔ', 'n'], ['d̪', 'e', 'r']]",anɔnd̪er
এইমাত্র,"[33, 13, 1, 9, 2, 3, 0, 0, 0, 0, 0, 0, 0, 0, 0, 0, 0, 0]","[['ei̯'], ['m', 'a', 't̪'], ['r', 'o']]",ei̯mat̪ro
ধন্যবাদ,"[25, 3, 6, 6, 3, 11, 1, 16, 0, 0, 0, 0, 0, 0, 0, 0, 0, 0]","[['d̪ʱ', 'o', 'n'], ['n', 'o'], ['b', 'a', 'd̪']]",d̪ʱonnobad̪
কল্পনার,"[7, 8, 12, 15, 3, 6, 1, 2, 0, 0, 0, 0, 0, 0, 0, 0, 0, 0]","[['k', 'ɔ', 'l'], ['p', 'o'], ['n', 'a', 'r']]",kɔlponar
গুনে,"[20, 14, 6, 5, 0, 0, 0, 0, 0, 0, 0, 0, 0, 0, 0, 0, 0, 0]","[['g', 'u'], ['n', 'e']]",gune
ডিফেন্ডার,"[26, 4, 27, 5, 6, 26, 1, 2, 0, 0, 0, 0, 0, 0, 0, 0, 0, 0]","[['ɖ', 'i'], ['f', 'e', 'n'], ['ɖ', 'a', 'r']]",ɖifenɖar
ডক,"[26, 8, 7, 0, 0, 0, 0, 0, 0, 0, 0, 0, 0, 0, 0, 0, 0, 0]","[['ɖ', 'ɔ', 'k']]",ɖɔk
অলৌকিক,"[8, 12, 38, 7, 4, 7, 0, 0, 0, 0, 0, 0, 0, 0, 0, 0, 0, 0]","[['ɔ'], ['l', 'ou̯'], ['k', 'i', 'k']]",ɔlou̯kik
উদ্দীপনা,"[14, 16, 16, 4, 15, 8, 6, 1, 0, 0, 0, 0, 0, 0, 0, 0, 0, 0]","[['u', 'd̪'], ['d̪', 'i'], ['p', 'ɔ'], ['n', 'a']]",ud̪d̪ipɔna
দেখেছিল,"[16, 5, 24, 5, 28, 4, 12, 3, 0, 0, 0, 0, 0, 0, 0, 0, 0, 0]","[['d̪', 'e'], ['kʰ', 'e'], ['tʃʰ', 'i'], ['l', 'o']]",d̪ekʰetʃʰilo
হুদা,"[21, 14, 16, 1, 0, 0, 0, 0, 0, 0, 0, 0, 0, 0, 0, 0, 0, 0]","[['h', 'u'], ['d̪', 'a']]",hud̪a
পুরু,"[15, 14, 2, 14, 0, 0, 0, 0, 0, 0, 0, 0, 0, 0, 0, 0, 0, 0]","[['p', 'u'], ['r', 'u']]",puru
ভিসার,"[23, 4, 19, 1, 2, 0, 0, 0, 0, 0, 0, 0, 0, 0, 0, 0, 0, 0]","[['bʱ', 'i'], ['s', 'a', 'r']]",bʱisar
আগষ্ট,"[1, 20, 3, 19, 17, 0, 0, 0, 0, 0, 0, 0, 0, 0, 0, 0, 0, 0]","[['a'], ['g', 'o', 's', 'ʈ']]",agosʈ
বিদেশী,"[11, 4, 16, 5, 10, 4, 0, 0, 0, 0, 0, 0, 0, 0, 0, 0, 0, 0]","[['b', 'i'], ['d̪', 'e'], ['ʃ', 'i']]",bid̪eʃi
টিকা,"[17, 4, 7, 1, 0, 0, 0, 0, 0, 0, 0, 0, 0, 0, 0, 0, 0, 0]","[['ʈ', 'i'], ['k', 'a']]",ʈika
এলেন,"[5, 12, 5, 6, 0, 0, 0, 0, 0, 0, 0, 0, 0, 0, 0, 0, 0, 0]","[['e'], ['l', 'e', 'n']]",elen
আত্মপ্রকাশ,"[1, 9, 9, 3, 15, 2, 3, 7, 1, 10, 0, 0, 0, 0, 0, 0, 0, 0]","[['a', 't̪'], ['t̪', 'o'], ['p', 'r', 'o'], ['k', 'a', 'ʃ']]",at̪t̪oprokaʃ
তালাক,"[9, 1, 12, 1, 7, 0, 0, 0, 0, 0, 0, 0, 0, 0, 0, 0, 0, 0]","[['t̪', 'a'], ['l', 'a', 'k']]",t̪alak
বিশ্বকাপ,"[11, 4, 10, 10, 3, 7, 1, 15, 0, 0, 0, 0, 0, 0, 0, 0, 0, 0]","[['b', 'i', 'ʃ'], ['ʃ', 'o'], ['k', 'a', 'p']]",biʃʃokap
সন্ত্রাসের,"[10, 8, 6, 9, 2, 1, 10, 5, 2, 0, 0, 0, 0, 0, 0, 0, 0, 0]","[['ʃ', 'ɔ', 'n'], ['t̪', 'r', 'a'], ['ʃ', 'e', 'r']]",ʃɔnt̪raʃer
এভাবে,"[5, 23, 1, 11, 5, 0, 0, 0, 0, 0, 0, 0, 0, 0, 0, 0, 0, 0]","[['e'], ['bʱ', 'a'], ['b', 'e']]",ebʱabe
অটোরিকশা,"[8, 17, 3, 2, 4, 7, 10, 1, 0, 0, 0, 0, 0, 0, 0, 0, 0, 0]","[['ɔ'], ['ʈ', 'o'], ['r', 'i', 'k'], ['ʃ', 'a']]",ɔʈorikʃa
রেলপথ,"[2, 5, 12, 15, 8, 30, 0, 0, 0, 0, 0, 0, 0, 0, 0, 0, 0, 0]","[['r', 'e', 'l'], ['p', 'ɔ', 't̪ʰ']]",relpɔt̪ʰ
করার,"[7, 8, 2, 1, 2, 0, 0, 0, 0, 0, 0, 0, 0, 0, 0, 0, 0, 0]","[['k', 'ɔ'], ['r', 'a', 'r']]",kɔrar
ইসলামি,"[4, 19, 12, 1, 13, 4, 0, 0, 0, 0, 0, 0, 0, 0, 0, 0, 0, 0]","[['i', 's'], ['l', 'a'], ['m', 'i']]",islami
প্রোডাকশন,"[15, 2, 3, 26, 1, 7, 10, 3, 6, 0, 0, 0, 0, 0, 0, 0, 0, 0]","[['p', 'r', 'o'], ['ɖ', 'a', 'k'], ['ʃ', 'o', 'n']]",proɖakʃon
আলোক,"[1, 12, 3, 7, 0, 0, 0, 0, 0, 0, 0, 0, 0, 0, 0, 0, 0, 0]","[['a'], ['l', 'o', 'k']]",alok
জনক,"[18, 8, 6, 3, 7, 0, 0, 0, 0, 0, 0, 0, 0, 0, 0, 0, 0, 0]","[['dʒ', 'ɔ'], ['n', 'o', 'k']]",dʒɔnok
গাছের,"[20, 1, 28, 5, 2, 0, 0, 0, 0, 0, 0, 0, 0, 0, 0, 0, 0, 0]","[['g', 'a'], ['tʃʰ', 'e', 'r']]",gatʃʰer
আজম,"[1, 18, 8, 13, 0, 0, 0, 0, 0, 0, 0, 0, 0, 0, 0, 0, 0, 0]","[['a'], ['dʒ', 'ɔ', 'm']]",adʒɔm
শুনলেন,"[10, 14, 6, 12, 5, 6, 0, 0, 0, 0, 0, 0, 0, 0, 0, 0, 0, 0]","[['ʃ', 'u', 'n'], ['l', 'e', 'n']]",ʃunlen
চমকপ্রদ,"[22, 8, 13, 3, 7, 15, 2, 8, 16, 3, 0, 0, 0, 0, 0, 0, 0, 0]","[['tʃ', 'ɔ'], ['m', 'o', 'k'], ['p', 'r', 'ɔ'], ['d̪', 'o']]",tʃɔmokprɔd̪o
চলচিত্র,"[22, 8, 12, 3, 22, 4, 9, 2, 3, 0, 0, 0, 0, 0, 0, 0, 0, 0]","[['tʃ', 'ɔ'], ['l', 'o'], ['tʃ', 'i', 't̪'], ['r', 'o']]",tʃɔlotʃit̪ro
বাজেটের,"[11, 1, 18, 5, 17, 5, 2, 0, 0, 0, 0, 0, 0, 0, 0, 0, 0, 0]","[['b', 'a'], ['dʒ', 'e'], ['ʈ', 'e', 'r']]",badʒeʈer
খনির,"[24, 3, 6, 4, 2, 0, 0, 0, 0, 0, 0, 0, 0, 0, 0, 0, 0, 0]","[['kʰ', 'o'], ['n', 'i', 'r']]",kʰonir
নিরপরাধ,"[6, 4, 2, 8, 15, 3, 2, 1, 25, 0, 0, 0, 0, 0, 0, 0, 0, 0]","[['n', 'i'], ['r', 'ɔ'], ['p', 'o'], ['r', 'a', 'd̪ʱ']]",nirɔporad̪ʱ
আন্তরিকভাবে,"[1, 6, 9, 3, 2, 4, 7, 23, 1, 11, 5, 0, 0, 0, 0, 0, 0, 0]","[['a', 'n'], ['t̪', 'o'], ['r', 'i', 'k'], ['bʱ', 'a'], ['b', 'e']]",ant̪orikbʱabe
আধুনিক,"[1, 25, 14, 6, 4, 7, 0, 0, 0, 0, 0, 0, 0, 0, 0, 0, 0, 0]","[['a'], ['d̪ʱ', 'u'], ['n', 'i', 'k']]",ad̪ʱunik
একর,"[29, 7, 3, 2, 0, 0, 0, 0, 0, 0, 0, 0, 0, 0, 0, 0, 0, 0]","[['æ'], ['k', 'o', 'r']]",ækor
মানার,"[13, 1, 6, 1, 2, 0, 0, 0, 0, 0, 0, 0, 0, 0, 0, 0, 0, 0]","[['m', 'a'], ['n', 'a', 'r']]",manar
বিজ্ঞাপন,"[11, 4, 20, 20, 1, 15, 3, 6, 0, 0, 0, 0, 0, 0, 0, 0, 0, 0]","[['b', 'i', 'g'], ['g', 'a'], ['p', 'o', 'n']]",biggapon
হিটলারের,"[21, 4, 17, 12, 1, 2, 5, 2, 0, 0, 0, 0, 0, 0, 0, 0, 0, 0]","[['h', 'i', 'ʈ'], ['l', 'a'], ['r', 'e', 'r']]",hiʈlarer
ধর্মঘটের,"[25, 8, 2, 13, 3, 34, 8, 17, 5, 2, 0, 0, 0, 0, 0, 0, 0, 0]","[['d̪ʱ', 'ɔ', 'r'], ['m', 'o'], ['gʱ', 'ɔ'], ['ʈ', 'e', 'r']]",d̪ʱɔrmogʱɔʈer
বিজ্ঞানীদের,"[11, 4, 20, 20, 1, 6, 4, 16, 5, 2, 0, 0, 0, 0, 0, 0, 0, 0]","[['b', 'i', 'g'], ['g', 'a'], ['n', 'i'], ['d̪', 'e', 'r']]",bigganid̪er
নির্মমভাবে,"[6, 4, 2, 13, 8, 13, 23, 1, 11, 5, 0, 0, 0, 0, 0, 0, 0, 0]","[['n', 'i', 'r'], ['m', 'ɔ', 'm'], ['bʱ', 'a'], ['b', 'e']]",nirmɔmbʱabe
টেলিযোগাযোগ,"[17, 5, 12, 4, 18, 3, 20, 1, 18, 3, 20, 0, 0, 0, 0, 0, 0, 0]","[['ʈ', 'e'], ['l', 'i'], ['dʒ', 'o'], ['g', 'a'], ['dʒ', 'o', 'g']]",ʈelidʒogadʒog
করা,"[7, 8, 2, 1, 0, 0, 0, 0, 0, 0, 0, 0, 0, 0, 0, 0, 0, 0]","[['k', 'ɔ'], ['r', 'a']]",kɔra
বিশ্বকাপের,"[11, 4, 10, 10, 3, 7, 1, 15, 5, 2, 0, 0, 0, 0, 0, 0, 0, 0]","[['b', 'i', 'ʃ'], ['ʃ', 'o'], ['k', 'a'], ['p', 'e', 'r']]",biʃʃokaper
টেকনিক,"[17, 5, 7, 6, 4, 7, 0, 0, 0, 0, 0, 0, 0, 0, 0, 0, 0, 0]","[['ʈ', 'e', 'k'], ['n', 'i', 'k']]",ʈeknik
ছিলনা,"[28, 4, 12, 3, 6, 1, 0, 0, 0, 0, 0, 0, 0, 0, 0, 0, 0, 0]","[['tʃʰ', 'i'], ['l', 'o'], ['n', 'a']]",tʃʰilona
ইব্রাহীম,"[4, 11, 2, 1, 21, 4, 13, 0, 0, 0, 0, 0, 0, 0, 0, 0, 0, 0]","[['i', 'b'], ['r', 'a'], ['h', 'i', 'm']]",ibrahim
ধারণা,"[25, 1, 2, 3, 6, 1, 0, 0, 0, 0, 0, 0, 0, 0, 0, 0, 0, 0]","[['d̪ʱ', 'a'], ['r', 'o'], ['n', 'a']]",d̪ʱarona
আধুনিকতার,"[1, 25, 14, 6, 4, 7, 8, 9, 1, 2, 0, 0, 0, 0, 0, 0, 0, 0]","[['a'], ['d̪ʱ', 'u'], ['n', 'i'], ['k', 'ɔ'], ['t̪', 'a', 'r']]",ad̪ʱunikɔt̪ar
কারিগর,"[7, 1, 2, 4, 20, 8, 2, 0, 0, 0, 0, 0, 0, 0, 0, 0, 0, 0]","[['k', 'a'], ['r', 'i'], ['g', 'ɔ', 'r']]",karigɔr
সংকীর্ণ,"[10, 8, 31, 7, 4, 2, 6, 3, 0, 0, 0, 0, 0, 0, 0, 0, 0, 0]","[['ʃ', 'ɔ', 'ŋ'], ['k', 'i', 'r'], ['n', 'o']]",ʃɔŋkirno
অনেকের,"[8, 6, 5, 7, 5, 2, 0, 0, 0, 0, 0, 0, 0, 0, 0, 0, 0, 0]","[['ɔ'], ['n', 'e'], ['k', 'e', 'r']]",ɔneker
উপার্জন,"[14, 15, 1, 2, 18, 8, 6, 0, 0, 0, 0, 0, 0, 0, 0, 0, 0, 0]","[['u'], ['p', 'a', 'r'], ['dʒ', 'ɔ', 'n']]",upardʒɔn
বারবার,"[11, 1, 2, 11, 1, 2, 0, 0, 0, 0, 0, 0, 0, 0, 0, 0, 0, 0]","[['b', 'a', 'r'], ['b', 'a', 'r']]",barbar
শিশুর,"[10, 4, 10, 14, 2, 0, 0, 0, 0, 0, 0, 0, 0, 0, 0, 0, 0, 0]","[['ʃ', 'i'], ['ʃ', 'u', 'r']]",ʃiʃur
ইহুদী,"[4, 21, 14, 16, 4, 0, 0, 0, 0, 0, 0, 0, 0, 0, 0, 0, 0, 0]","[['i'], ['h', 'u'], ['d̪', 'i']]",ihud̪i
থাকবেই,"[30, 1, 7, 11, 33, 0, 0, 0, 0, 0, 0, 0, 0, 0, 0, 0, 0, 0]","[['t̪ʰ', 'a', 'k'], ['b', 'ei̯']]",t̪ʰakbei̯
স্বাস্থ্যসেবা,"[10, 1, 19, 30, 3, 10, 5, 11, 1, 0, 0, 0, 0, 0, 0, 0, 0, 0]","[['ʃ', 'a', 's'], ['t̪ʰ', 'o'], ['ʃ', 'e'], ['b', 'a']]",ʃast̪ʰoʃeba
পাইনি,"[15, 32, 6, 4, 0, 0, 0, 0, 0, 0, 0, 0, 0, 0, 0, 0, 0, 0]","[['p', 'ai̯'], ['n', 'i']]",pai̯ni
কাজেই,"[7, 1, 18, 33, 0, 0, 0, 0, 0, 0, 0, 0, 0, 0, 0, 0, 0, 0]","[['k', 'a'], ['dʒ', 'ei̯']]",kadʒei̯
মিথিলা,"[13, 4, 30, 4, 12, 1, 0, 0, 0, 0, 0, 0, 0, 0, 0, 0, 0, 0]","[['m', 'i'], ['t̪ʰ', 'i'], ['l', 'a']]",mit̪ʰila
শিশুটির,"[10, 4, 10, 14, 17, 4, 2, 0, 0, 0, 0, 0, 0, 0, 0, 0, 0, 0]","[['ʃ', 'i'], ['ʃ', 'u'], ['ʈ', 'i', 'r']]",ʃiʃuʈir
লোডশেডিং,"[12, 3, 26, 10, 5, 26, 4, 31, 0, 0, 0, 0, 0, 0, 0, 0, 0, 0]","[['l', 'o', 'ɖ'], ['ʃ', 'e'], ['ɖ', 'i', 'ŋ']]",loɖʃeɖiŋ
সাজাতে,"[10, 1, 18, 1, 9, 5, 0, 0, 0, 0, 0, 0, 0, 0, 0, 0, 0, 0]","[['ʃ', 'a'], ['dʒ', 'a'], ['t̪', 'e']]",ʃadʒat̪e
উৎস,"[14, 9, 10, 3, 0, 0, 0, 0, 0, 0, 0, 0, 0, 0, 0, 0, 0, 0]","[['u', 't̪'], ['ʃ', 'o']]",ut̪ʃo
নাহার,"[6, 1, 21, 1, 2, 0, 0, 0, 0, 0, 0, 0, 0, 0, 0, 0, 0, 0]","[['n', 'a'], ['h', 'a', 'r']]",nahar
প্রসব,"[15, 2, 3, 10, 3, 11, 0, 0, 0, 0, 0, 0, 0, 0, 0, 0, 0, 0]","[['p', 'r', 'o'], ['ʃ', 'o'], ['b']]",proʃob
নিছক,"[6, 4, 28, 8, 7, 0, 0, 0, 0, 0, 0, 0, 0, 0, 0, 0, 0, 0]","[['n', 'i'], ['tʃʰ', 'ɔ', 'k']]",nitʃʰɔk
জবাই,"[18, 8, 11, 32, 0, 0, 0, 0, 0, 0, 0, 0, 0, 0, 0, 0, 0, 0]","[['dʒ', 'ɔ'], ['b', 'ai̯']]",dʒɔbai̯
করেই,"[7, 3, 2, 33, 0, 0, 0, 0, 0, 0, 0, 0, 0, 0, 0, 0, 0, 0]","[['k', 'o'], ['r', 'ei̯']]",korei̯
সুসম্পর্ক,"[10, 14, 10, 8, 13, 15, 8, 2, 7, 3, 0, 0, 0, 0, 0, 0, 0, 0]","[['ʃ', 'u'], ['ʃ', 'ɔ', 'm'], ['p', 'ɔ', 'r'], ['k', 'o']]",ʃuʃɔmpɔrko
করাতে,"[7, 8, 2, 1, 9, 5, 0, 0, 0, 0, 0, 0, 0, 0, 0, 0, 0, 0]","[['k', 'ɔ'], ['r', 'a'], ['t̪', 'e']]",kɔrat̪e
পোশাকের,"[15, 3, 10, 1, 7, 5, 2, 0, 0, 0, 0, 0, 0, 0, 0, 0, 0, 0]","[['p', 'o'], ['ʃ', 'a'], ['k', 'e', 'r']]",poʃaker
ট্রানজিট,"[17, 2, 1, 6, 18, 4, 17, 0, 0, 0, 0, 0, 0, 0, 0, 0, 0, 0]","[['ʈ', 'r', 'a', 'n'], ['dʒ', 'i', 'ʈ']]",ʈrandʒiʈ
অজানা,"[8, 18, 1, 6, 1, 0, 0, 0, 0, 0, 0, 0, 0, 0, 0, 0, 0, 0]","[['ɔ'], ['dʒ', 'a'], ['n', 'a']]",ɔdʒana
বাল্যবিবাহ,"[11, 1, 12, 12, 3, 11, 4, 11, 1, 21, 3, 0, 0, 0, 0, 0, 0, 0]","[['b', 'a', 'l'], ['l', 'o'], ['b', 'i'], ['b', 'a'], ['h', 'o']]",ballobibaho
বিচারক,"[11, 4, 22, 1, 2, 3, 7, 0, 0, 0, 0, 0, 0, 0, 0, 0, 0, 0]","[['b', 'i'], ['tʃ', 'a'], ['r', 'o', 'k']]",bitʃarok
জামাই,"[18, 1, 13, 32, 0, 0, 0, 0, 0, 0, 0, 0, 0, 0, 0, 0, 0, 0]","[['dʒ', 'a'], ['m', 'ai̯']]",dʒamai̯
ত্রিমাত্রিক,"[9, 2, 4, 13, 1, 9, 2, 4, 7, 0, 0, 0, 0, 0, 0, 0, 0, 0]","[['t̪', 'r', 'i'], ['m', 'a', 't̪'], ['r', 'i', 'k']]",t̪rimat̪rik
গ্রহণকারী,"[20, 2, 3, 21, 3, 6, 7, 1, 2, 4, 0, 0, 0, 0, 0, 0, 0, 0]","[['g', 'r', 'o'], ['h', 'o', 'n'], ['k', 'a'], ['r', 'i']]",grohonkari
চালাচ্ছে,"[22, 1, 12, 1, 22, 28, 5, 0, 0, 0, 0, 0, 0, 0, 0, 0, 0, 0]","[['tʃ', 'a'], ['l', 'a', 'tʃ'], ['tʃʰ', 'e']]",tʃalatʃtʃʰe
ধ্বংসপ্রাপ্ত,"[25, 8, 31, 10, 3, 15, 2, 1, 15, 9, 3, 0, 0, 0, 0, 0, 0, 0]","[['d̪ʱ', 'ɔ', 'ŋ'], ['ʃ', 'o'], ['p', 'r', 'a', 'p'], ['t̪', 'o']]",d̪ʱɔŋʃoprapt̪o
পরিবর্তিত,"[15, 3, 2, 4, 11, 3, 2, 9, 4, 9, 3, 0, 0, 0, 0, 0, 0, 0]","[['p', 'o'], ['r', 'i'], ['b', 'o', 'r'], ['t̪', 'i'], ['t̪', 'o']]",poribort̪it̪o
ফাঁকা,"[27, 1, 7, 1, 0, 0, 0, 0, 0, 0, 0, 0, 0, 0, 0, 0, 0, 0]","[['f', 'a'], ['k', 'a']]",faka
পত্রিকার,"[15, 3, 9, 2, 4, 7, 1, 2, 0, 0, 0, 0, 0, 0, 0, 0, 0, 0]","[['p', 'o', 't̪'], ['r', 'i'], ['k', 'a', 'r']]",pot̪rikar
ছুরি,"[28, 14, 2, 4, 0, 0, 0, 0, 0, 0, 0, 0, 0, 0, 0, 0, 0, 0]","[['tʃʰ', 'u'], ['r', 'i']]",tʃʰuri
হাবিব,"[21, 1, 11, 4, 11, 0, 0, 0, 0, 0, 0, 0, 0, 0, 0, 0, 0, 0]","[['h', 'a'], ['b', 'i', 'b']]",habib
প্রতিযোগীতা,"[15, 2, 3, 9, 4, 18, 3, 20, 4, 9, 1, 0, 0, 0, 0, 0, 0, 0]","[['p', 'r', 'o'], ['t̪', 'i'], ['dʒ', 'o'], ['g', 'i'], ['t̪', 'a']]",prot̪idʒogit̪a
ভাবনা,"[23, 1, 11, 6, 1, 0, 0, 0, 0, 0, 0, 0, 0, 0, 0, 0, 0, 0]","[['bʱ', 'a', 'b'], ['n', 'a']]",bʱabna
বিধিনিষেধ,"[11, 4, 25, 4, 6, 4, 10, 5, 25, 0, 0, 0, 0, 0, 0, 0, 0, 0]","[['b', 'i'], ['d̪ʱ', 'i'], ['n', 'i'], ['ʃ', 'e', 'd̪ʱ']]",bid̪ʱiniʃed̪ʱ
ক্ষেপণাস্ত্র,"[24, 5, 15, 3, 6, 1, 19, 9, 2, 3, 0, 0, 0, 0, 0, 0, 0, 0]","[['kʰ', 'e'], ['p', 'o'], ['n', 'a', 's'], ['t̪', 'r', 'o']]",kʰeponast̪ro
সাভার,"[19, 1, 23, 1, 2, 0, 0, 0, 0, 0, 0, 0, 0, 0, 0, 0, 0, 0]","[['s', 'a'], ['bʱ', 'a', 'r']]",sabʱar
প্রার্থীদের,"[15, 2, 1, 2, 30, 4, 16, 5, 2, 0, 0, 0, 0, 0, 0, 0, 0, 0]","[['p', 'r', 'a', 'r'], ['t̪ʰ', 'i'], ['d̪', 'e', 'r']]",prart̪ʰid̪er
অসন্তোষ,"[8, 10, 8, 6, 9, 3, 10, 0, 0, 0, 0, 0, 0, 0, 0, 0, 0, 0]","[['ɔ'], ['ʃ', 'ɔ', 'n'], ['t̪', 'o', 'ʃ']]",ɔʃɔnt̪oʃ
ফটোশপ,"[27, 3, 17, 3, 10, 8, 15, 0, 0, 0, 0, 0, 0, 0, 0, 0, 0, 0]","[['f', 'o'], ['ʈ', 'o'], ['ʃ', 'ɔ', 'p']]",foʈoʃɔp
বদলানোর,"[11, 8, 16, 12, 1, 6, 3, 2, 0, 0, 0, 0, 0, 0, 0, 0, 0, 0]","[['b', 'ɔ', 'd̪'], ['l', 'a'], ['n', 'o', 'r']]",bɔd̪lanor
কেঁপে,"[7, 5, 15, 5, 0, 0, 0, 0, 0, 0, 0, 0, 0, 0, 0, 0, 0, 0]","[['k', 'e'], ['p', 'e']]",kepe
এবারই,"[29, 11, 1, 2, 4, 0, 0, 0, 0, 0, 0, 0, 0, 0, 0, 0, 0, 0]","[['æ'], ['b', 'a'], ['r', 'i']]",æbari
অতিথি,"[3, 9, 4, 30, 4, 0, 0, 0, 0, 0, 0, 0, 0, 0, 0, 0, 0, 0]","[['o'], ['t̪', 'i'], ['t̪ʰ', 'i']]",ot̪it̪ʰi
ভেবে,"[23, 5, 11, 5, 0, 0, 0, 0, 0, 0, 0, 0, 0, 0, 0, 0, 0, 0]","[['bʱ', 'e'], ['b', 'e']]",bʱebe
ওঠা,"[3, 36, 1, 0, 0, 0, 0, 0, 0, 0, 0, 0, 0, 0, 0, 0, 0, 0]","[['o'], ['ʈʰ', 'a']]",oʈʰa
বংশ,"[11, 8, 31, 10, 3, 0, 0, 0, 0, 0, 0, 0, 0, 0, 0, 0, 0, 0]","[['b', 'ɔ', 'ŋ'], ['ʃ', 'o']]",bɔŋʃo
ব্রিটিশ,"[11, 2, 4, 17, 4, 10, 0, 0, 0, 0, 0, 0, 0, 0, 0, 0, 0, 0]","[['b', 'r', 'i'], ['ʈ', 'i', 'ʃ']]",briʈiʃ
বাদামী,"[11, 1, 16, 1, 13, 4, 0, 0, 0, 0, 0, 0, 0, 0, 0, 0, 0, 0]","[['b', 'a'], ['d̪', 'a'], ['m', 'i']]",bad̪ami
শ্রাবণ,"[19, 2, 1, 11, 3, 6, 0, 0, 0, 0, 0, 0, 0, 0, 0, 0, 0, 0]","[['s', 'r', 'a'], ['b', 'o', 'n']]",srabon
আপনজন,"[1, 15, 3, 6, 18, 3, 6, 0, 0, 0, 0, 0, 0, 0, 0, 0, 0, 0]","[['a'], ['p', 'o', 'n'], ['dʒ', 'o', 'n']]",apondʒon
গাধা,"[20, 1, 25, 1, 0, 0, 0, 0, 0, 0, 0, 0, 0, 0, 0, 0, 0, 0]","[['g', 'a'], ['d̪ʱ', 'a']]",gad̪ʱa
হিজরী,"[21, 4, 18, 2, 4, 0, 0, 0, 0, 0, 0, 0, 0, 0, 0, 0, 0, 0]","[['h', 'i', 'dʒ'], ['r', 'i']]",hidʒri
সমবেদনা,"[10, 8, 13, 3, 11, 5, 16, 3, 6, 1, 0, 0, 0, 0, 0, 0, 0, 0]","[['ʃ', 'ɔ'], ['m', 'o'], ['b', 'e'], ['d̪', 'o'], ['n', 'a']]",ʃɔmobed̪ona
লালন,"[12, 1, 12, 3, 6, 0, 0, 0, 0, 0, 0, 0, 0, 0, 0, 0, 0, 0]","[['l', 'a'], ['l', 'o', 'n']]",lalon
পাথরে,"[15, 1, 30, 3, 2, 5, 0, 0, 0, 0, 0, 0, 0, 0, 0, 0, 0, 0]","[['p', 'a'], ['t̪ʰ', 'o'], ['r', 'e']]",pat̪ʰore
অভিনেতার,"[3, 23, 4, 6, 5, 9, 1, 2, 0, 0, 0, 0, 0, 0, 0, 0, 0, 0]","[['o'], ['bʱ', 'i'], ['n', 'e'], ['t̪', 'a', 'r']]",obʱinet̪ar
বিখ্যাত,"[11, 4, 7, 24, 29, 9, 3, 0, 0, 0, 0, 0, 0, 0, 0, 0, 0, 0]","[['b', 'i', 'k'], ['kʰ', 'æ'], ['t̪', 'o']]",bikkʰæt̪o
অফিসের,"[8, 27, 4, 19, 5, 2, 0, 0, 0, 0, 0, 0, 0, 0, 0, 0, 0, 0]","[['ɔ'], ['f', 'i'], ['s', 'e', 'r']]",ɔfiser
সিরিজ,"[19, 4, 2, 4, 18, 0, 0, 0, 0, 0, 0, 0, 0, 0, 0, 0, 0, 0]","[['s', 'i'], ['r', 'i', 'dʒ']]",siridʒ
রেডিওতে,"[2, 5, 26, 4, 3, 9, 5, 0, 0, 0, 0, 0, 0, 0, 0, 0, 0, 0]","[['r', 'e'], ['ɖ', 'i'], ['o'], ['t̪', 'e']]",reɖiot̪e
কর্মজীবী,"[7, 8, 2, 13, 3, 18, 4, 11, 4, 0, 0, 0, 0, 0, 0, 0, 0, 0]","[['k', 'ɔ', 'r'], ['m', 'o'], ['dʒ', 'i'], ['b', 'i']]",kɔrmodʒibi
আনুষ্ঠানিক,"[1, 6, 14, 10, 36, 1, 6, 4, 7, 0, 0, 0, 0, 0, 0, 0, 0, 0]","[['a'], ['n', 'u', 'ʃ'], ['ʈʰ', 'a'], ['n', 'i', 'k']]",anuʃʈʰanik
সংশোধনের,"[10, 8, 31, 10, 3, 25, 3, 6, 5, 2, 0, 0, 0, 0, 0, 0, 0, 0]","[['ʃ', 'ɔ', 'ŋ'], ['ʃ', 'o'], ['d̪ʱ', 'o'], ['n', 'e', 'r']]",ʃɔŋʃod̪ʱoner
বদলাতে,"[11, 8, 16, 12, 1, 9, 5, 0, 0, 0, 0, 0, 0, 0, 0, 0, 0, 0]","[['b', 'ɔ', 'd̪'], ['l', 'a'], ['t̪', 'e']]",bɔd̪lat̪e
পাতাল,"[15, 1, 9, 1, 12, 0, 0, 0, 0, 0, 0, 0, 0, 0, 0, 0, 0, 0]","[['p', 'a'], ['t̪', 'a', 'l']]",pat̪al
সম্প্রচার,"[10, 8, 13, 15, 2, 3, 22, 1, 2, 0, 0, 0, 0, 0, 0, 0, 0, 0]","[['ʃ', 'ɔ', 'm'], ['p', 'r', 'o'], ['tʃ', 'a', 'r']]",ʃɔmprotʃar
গ্যালারি,"[20, 29, 12, 1, 2, 4, 0, 0, 0, 0, 0, 0, 0, 0, 0, 0, 0, 0]","[['g', 'æ'], ['l', 'a'], ['r', 'i']]",gælari
অফিসার,"[8, 27, 4, 19, 1, 2, 0, 0, 0, 0, 0, 0, 0, 0, 0, 0, 0, 0]","[['ɔ'], ['f', 'i'], ['s', 'a', 'r']]",ɔfisar
উচিৎ,"[14, 22, 4, 9, 0, 0, 0, 0, 0, 0, 0, 0, 0, 0, 0, 0, 0, 0]","[['u'], ['tʃ', 'i', 't̪']]",utʃit̪
চাকুরী,"[22, 1, 7, 14, 2, 4, 0, 0, 0, 0, 0, 0, 0, 0, 0, 0, 0, 0]","[['tʃ', 'a'], ['k', 'u'], ['r', 'i']]",tʃakuri
তরফ,"[9, 8, 2, 3, 27, 0, 0, 0, 0, 0, 0, 0, 0, 0, 0, 0, 0, 0]","[['t̪', 'ɔ'], ['r', 'o', 'f']]",t̪ɔrof
বিকাশ,"[11, 4, 7, 1, 10, 0, 0, 0, 0, 0, 0, 0, 0, 0, 0, 0, 0, 0]","[['b', 'i'], ['k', 'a', 'ʃ']]",bikaʃ
বরণ,"[11, 8, 2, 3, 6, 0, 0, 0, 0, 0, 0, 0, 0, 0, 0, 0, 0, 0]","[['b', 'ɔ'], ['r', 'o', 'n']]",bɔron
অনবরত,"[8, 6, 3, 11, 8, 2, 3, 9, 3, 0, 0, 0, 0, 0, 0, 0, 0, 0]","[['ɔ'], ['n', 'o'], ['b', 'ɔ'], ['r', 'o'], ['t̪', 'o']]",ɔnobɔrot̪o
ব্রিটেন,"[11, 2, 4, 17, 5, 6, 0, 0, 0, 0, 0, 0, 0, 0, 0, 0, 0, 0]","[['b', 'r', 'i'], ['ʈ', 'e', 'n']]",briʈen
সাইকেলের,"[19, 32, 7, 5, 12, 5, 2, 0, 0, 0, 0, 0, 0, 0, 0, 0, 0, 0]","[['s', 'ai̯'], ['k', 'e'], ['l', 'e', 'r']]",sai̯keler
যুগান্তকারী,"[18, 14, 20, 1, 6, 9, 3, 7, 1, 2, 4, 0, 0, 0, 0, 0, 0, 0]","[['dʒ', 'u'], ['g', 'a', 'n'], ['t̪', 'o'], ['k', 'a'], ['r', 'i']]",dʒugant̪okari
মাঝখানে,"[13, 1, 42, 24, 1, 6, 5, 0, 0, 0, 0, 0, 0, 0, 0, 0, 0, 0]","[['m', 'a', 'dʒʱ'], ['kʰ', 'a'], ['n', 'e']]",madʒʱkʰane
আদার,"[1, 16, 1, 2, 0, 0, 0, 0, 0, 0, 0, 0, 0, 0, 0, 0, 0, 0]","[['a'], ['d̪', 'a', 'r']]",ad̪ar
লোকেশন,"[12, 3, 7, 5, 10, 8, 6, 0, 0, 0, 0, 0, 0, 0, 0, 0, 0, 0]","[['l', 'o'], ['k', 'e'], ['ʃ', 'ɔ', 'n']]",lokeʃɔn
পাঠানো,"[15, 1, 36, 1, 6, 3, 0, 0, 0, 0, 0, 0, 0, 0, 0, 0, 0, 0]","[['p', 'a'], ['ʈʰ', 'a'], ['n', 'o']]",paʈʰano
হুজুর,"[21, 14, 18, 14, 2, 0, 0, 0, 0, 0, 0, 0, 0, 0, 0, 0, 0, 0]","[['h', 'u'], ['dʒ', 'u', 'r']]",hudʒur
বস,"[11, 8, 10, 3, 0, 0, 0, 0, 0, 0, 0, 0, 0, 0, 0, 0, 0, 0]","[['b', 'ɔ'], ['ʃ', 'o']]",bɔʃo
অনুমতির,"[3, 6, 14, 13, 3, 9, 4, 2, 0, 0, 0, 0, 0, 0, 0, 0, 0, 0]","[['o'], ['n', 'u'], ['m', 'o'], ['t̪', 'i', 'r']]",onumot̪ir
ধরতে,"[25, 3, 2, 9, 5, 0, 0, 0, 0, 0, 0, 0, 0, 0, 0, 0, 0, 0]","[['d̪ʱ', 'o', 'r'], ['t̪', 'e']]",d̪ʱort̪e
প্রবাল,"[15, 2, 3, 11, 1, 12, 0, 0, 0, 0, 0, 0, 0, 0, 0, 0, 0, 0]","[['p', 'r', 'o'], ['b', 'a', 'l']]",probal
দুইবার,"[16, 44, 11, 1, 2, 0, 0, 0, 0, 0, 0, 0, 0, 0, 0, 0, 0, 0]","[['d̪', 'ui̯'], ['b', 'a', 'r']]",d̪ui̯bar
ওদিকে,"[3, 16, 4, 7, 5, 0, 0, 0, 0, 0, 0, 0, 0, 0, 0, 0, 0, 0]","[['o'], ['d̪', 'i'], ['k', 'e']]",od̪ike
রেবেকা,"[2, 5, 11, 5, 7, 1, 0, 0, 0, 0, 0, 0, 0, 0, 0, 0, 0, 0]","[['r', 'e'], ['b', 'e'], ['k', 'a']]",rebeka
দার্শনিক,"[16, 1, 2, 10, 3, 6, 4, 7, 0, 0, 0, 0, 0, 0, 0, 0, 0, 0]","[['d̪', 'a', 'r'], ['ʃ', 'o'], ['n', 'i', 'k']]",d̪arʃonik
গ্রহণের,"[20, 2, 3, 21, 3, 6, 5, 2, 0, 0, 0, 0, 0, 0, 0, 0, 0, 0]","[['g', 'r', 'o'], ['h', 'o'], ['n', 'e', 'r']]",grohoner
রাজকুমার,"[2, 1, 18, 7, 14, 13, 1, 2, 0, 0, 0, 0, 0, 0, 0, 0, 0, 0]","[['r', 'a', 'dʒ'], ['k', 'u'], ['m', 'a', 'r']]",radʒkumar
জুটি,"[18, 14, 17, 4, 0, 0, 0, 0, 0, 0, 0, 0, 0, 0, 0, 0, 0, 0]","[['dʒ', 'u'], ['ʈ', 'i']]",dʒuʈi
ওনার,"[3, 6, 1, 2, 0, 0, 0, 0, 0, 0, 0, 0, 0, 0, 0, 0, 0, 0]","[['o'], ['n', 'a', 'r']]",onar
এবারও,"[5, 11, 1, 2, 3, 0, 0, 0, 0, 0, 0, 0, 0, 0, 0, 0, 0, 0]","[['e'], ['b', 'a', 'r'], ['o']]",ebaro
কৃষির,"[7, 2, 4, 10, 4, 2, 0, 0, 0, 0, 0, 0, 0, 0, 0, 0, 0, 0]","[['k', 'r', 'i'], ['ʃ', 'i', 'r']]",kriʃir
মধ্যবিত্ত,"[13, 3, 16, 25, 3, 11, 4, 9, 9, 3, 0, 0, 0, 0, 0, 0, 0, 0]","[['m', 'o', 'd̪'], ['d̪ʱ', 'o'], ['b', 'i', 't̪'], ['t̪', 'o']]",mod̪d̪ʱobit̪t̪o
উপদেষ্টা,"[14, 15, 3, 16, 5, 10, 17, 1, 0, 0, 0, 0, 0, 0, 0, 0, 0, 0]","[['u'], ['p', 'o'], ['d̪', 'e', 'ʃ'], ['ʈ', 'a']]",upod̪eʃʈa
আপাতত,"[1, 15, 1, 9, 3, 9, 3, 0, 0, 0, 0, 0, 0, 0, 0, 0, 0, 0]","[['a'], ['p', 'a'], ['t̪', 'o'], ['t̪', 'o']]",apat̪ot̪o
বিশ্বাসী,"[11, 4, 10, 10, 1, 10, 4, 0, 0, 0, 0, 0, 0, 0, 0, 0, 0, 0]","[['b', 'i', 'ʃ'], ['ʃ', 'a'], ['ʃ', 'i']]",biʃʃaʃi
মোস্তফা,"[13, 3, 19, 9, 3, 27, 1, 0, 0, 0, 0, 0, 0, 0, 0, 0, 0, 0]","[['m', 'o', 's'], ['t̪', 'o'], ['f', 'a']]",most̪ofa
কপাল,"[7, 8, 15, 1, 12, 0, 0, 0, 0, 0, 0, 0, 0, 0, 0, 0, 0, 0]","[['k', 'ɔ'], ['p', 'a', 'l']]",kɔpal
মাথাপিছু,"[13, 1, 30, 1, 15, 4, 28, 14, 0, 0, 0, 0, 0, 0, 0, 0, 0, 0]","[['m', 'a'], ['t̪ʰ', 'a'], ['p', 'i'], ['tʃʰ', 'u']]",mat̪ʰapitʃʰu
সচেষ্ট,"[10, 8, 22, 5, 10, 17, 3, 0, 0, 0, 0, 0, 0, 0, 0, 0, 0, 0]","[['ʃ', 'ɔ'], ['tʃ', 'e', 'ʃ'], ['ʈ', 'o']]",ʃɔtʃeʃʈo
বসে,"[11, 3, 10, 5, 0, 0, 0, 0, 0, 0, 0, 0, 0, 0, 0, 0, 0, 0]","[['b', 'o'], ['ʃ', 'e']]",boʃe
অব্যাহতি,"[3, 11, 11, 1, 21, 3, 9, 4, 0, 0, 0, 0, 0, 0, 0, 0, 0, 0]","[['o', 'b'], ['b', 'a'], ['h', 'o'], ['t̪', 'i']]",obbahot̪i
প্রতিষ্ঠানকে,"[15, 2, 3, 9, 4, 10, 36, 1, 6, 7, 5, 0, 0, 0, 0, 0, 0, 0]","[['p', 'r', 'o'], ['t̪', 'i', 'ʃ'], ['ʈʰ', 'a', 'n'], ['k', 'e']]",prot̪iʃʈʰanke
নাগরিক,"[6, 1, 20, 3, 2, 4, 7, 0, 0, 0, 0, 0, 0, 0, 0, 0, 0, 0]","[['n', 'a'], ['g', 'o'], ['r', 'i', 'k']]",nagorik
ভাবতে,"[23, 1, 11, 9, 5, 0, 0, 0, 0, 0, 0, 0, 0, 0, 0, 0, 0, 0]","[['bʱ', 'a', 'b'], ['t̪', 'e']]",bʱabt̪e
বহিষ্কৃত,"[11, 8, 21, 4, 10, 7, 2, 4, 9, 3, 0, 0, 0, 0, 0, 0, 0, 0]","[['b', 'ɔ'], ['h', 'i', 'ʃ'], ['k', 'r', 'i'], ['t̪', 'o']]",bɔhiʃkrit̪o
পরি,"[15, 3, 2, 4, 0, 0, 0, 0, 0, 0, 0, 0, 0, 0, 0, 0, 0, 0]","[['p', 'o'], ['r', 'i']]",pori
পূর্ব-নির্ধারিত,"[15, 14, 2, 11, 3, 6, 4, 2, 25, 1, 2, 4, 9, 3, 0, 0, 0, 0]","[['p', 'u', 'r'], ['b', 'o'], ['n', 'i', 'r'], ['d̪ʱ', 'a'], ['r', 'i'], ['t̪', 'o']]",purbonird̪ʱarit̪o
বাসে,"[11, 1, 19, 5, 0, 0, 0, 0, 0, 0, 0, 0, 0, 0, 0, 0, 0, 0]","[['b', 'a'], ['s', 'e']]",base
জিনিস,"[18, 4, 6, 4, 10, 0, 0, 0, 0, 0, 0, 0, 0, 0, 0, 0, 0, 0]","[['dʒ', 'i'], ['n', 'i', 'ʃ']]",dʒiniʃ
দফতর,"[16, 8, 27, 9, 3, 2, 0, 0, 0, 0, 0, 0, 0, 0, 0, 0, 0, 0]","[['d̪', 'ɔ', 'f'], ['t̪', 'o', 'r']]",d̪ɔft̪or
নমুনা,"[6, 3, 13, 14, 6, 1, 0, 0, 0, 0, 0, 0, 0, 0, 0, 0, 0, 0]","[['n', 'o'], ['m', 'u'], ['n', 'a']]",nomuna
রোনালদোর,"[2, 3, 6, 1, 12, 16, 3, 2, 0, 0, 0, 0, 0, 0, 0, 0, 0, 0]","[['r', 'o'], ['n', 'a', 'l'], ['d̪', 'o', 'r']]",ronald̪or
ধ্বসে,"[25, 8, 10, 5, 0, 0, 0, 0, 0, 0, 0, 0, 0, 0, 0, 0, 0, 0]","[['d̪ʱ', 'ɔ'], ['ʃ', 'e']]",d̪ʱɔʃe
ভারি,"[23, 1, 2, 4, 0, 0, 0, 0, 0, 0, 0, 0, 0, 0, 0, 0, 0, 0]","[['bʱ', 'a'], ['r', 'i']]",bʱari
আহাদ,"[1, 21, 1, 16, 0, 0, 0, 0, 0, 0, 0, 0, 0, 0, 0, 0, 0, 0]","[['a'], ['h', 'a', 'd̪']]",ahad̪
সাবধান,"[10, 1, 11, 25, 1, 6, 0, 0, 0, 0, 0, 0, 0, 0, 0, 0, 0, 0]","[['ʃ', 'a', 'b'], ['d̪ʱ', 'a', 'n']]",ʃabd̪ʱan
প্রেসিডেন্টের,"[15, 2, 5, 19, 4, 26, 5, 6, 17, 5, 2, 0, 0, 0, 0, 0, 0, 0]","[['p', 'r', 'e'], ['s', 'i'], ['ɖ', 'e', 'n'], ['ʈ', 'e', 'r']]",presiɖenʈer
পরিচালকদের,"[15, 3, 2, 4, 22, 1, 12, 3, 7, 16, 5, 2, 0, 0, 0, 0, 0, 0]","[['p', 'o'], ['r', 'i'], ['tʃ', 'a'], ['l', 'o', 'k'], ['d̪', 'e', 'r']]",poritʃalokd̪er
সুলতানের,"[19, 14, 12, 9, 1, 6, 5, 2, 0, 0, 0, 0, 0, 0, 0, 0, 0, 0]","[['s', 'u', 'l'], ['t̪', 'a'], ['n', 'e', 'r']]",sult̪aner
অভাবের,"[8, 23, 1, 11, 5, 2, 0, 0, 0, 0, 0, 0, 0, 0, 0, 0, 0, 0]","[['ɔ'], ['bʱ', 'a'], ['b', 'e', 'r']]",ɔbʱaber
পেলে,"[15, 5, 12, 5, 0, 0, 0, 0, 0, 0, 0, 0, 0, 0, 0, 0, 0, 0]","[['p', 'e'], ['l', 'e']]",pele
পদাতিক,"[15, 8, 16, 1, 9, 4, 7, 0, 0, 0, 0, 0, 0, 0, 0, 0, 0, 0]","[['p', 'ɔ'], ['d̪', 'a'], ['t̪', 'i', 'k']]",pɔd̪at̪ik
ফজরের,"[27, 8, 18, 3, 2, 5, 2, 0, 0, 0, 0, 0, 0, 0, 0, 0, 0, 0]","[['f', 'ɔ'], ['dʒ', 'o'], ['r', 'e', 'r']]",fɔdʒorer
ব্যপক,"[11, 29, 15, 3, 7, 0, 0, 0, 0, 0, 0, 0, 0, 0, 0, 0, 0, 0]","[['b', 'æ'], ['p', 'o', 'k']]",bæpok
সম্পর্কিত,"[19, 8, 13, 15, 3, 2, 7, 4, 9, 3, 0, 0, 0, 0, 0, 0, 0, 0]","[['s', 'ɔ', 'm'], ['p', 'o', 'r'], ['k', 'i'], ['t̪', 'o']]",sɔmporkit̪o
আভা,"[1, 23, 1, 0, 0, 0, 0, 0, 0, 0, 0, 0, 0, 0, 0, 0, 0, 0]","[['a'], ['bʱ', 'a']]",abʱa
ইউনিফর্ম,"[41, 6, 4, 27, 8, 2, 13, 0, 0, 0, 0, 0, 0, 0, 0, 0, 0, 0]","[['iu̯'], ['n', 'i'], ['f', 'ɔ', 'r', 'm']]",iu̯nifɔrm
গালি,"[20, 1, 12, 4, 0, 0, 0, 0, 0, 0, 0, 0, 0, 0, 0, 0, 0, 0]","[['g', 'a'], ['l', 'i']]",gali
অঙ্গনে,"[8, 31, 20, 3, 6, 5, 0, 0, 0, 0, 0, 0, 0, 0, 0, 0, 0, 0]","[['ɔ', 'ŋ'], ['g', 'o'], ['n', 'e']]",ɔŋgone
কমেছে,"[7, 3, 13, 5, 28, 5, 0, 0, 0, 0, 0, 0, 0, 0, 0, 0, 0, 0]","[['k', 'o'], ['m', 'e'], ['tʃʰ', 'e']]",kometʃʰe
বিচারপতি,"[11, 4, 22, 1, 2, 15, 3, 9, 4, 0, 0, 0, 0, 0, 0, 0, 0, 0]","[['b', 'i'], ['tʃ', 'a', 'r'], ['p', 'o'], ['t̪', 'i']]",bitʃarpot̪i
তিনজনকে,"[9, 4, 6, 18, 3, 6, 7, 5, 0, 0, 0, 0, 0, 0, 0, 0, 0, 0]","[['t̪', 'i', 'n'], ['dʒ', 'o', 'n'], ['k', 'e']]",t̪indʒonke
বিকেলের,"[11, 4, 7, 5, 12, 5, 2, 0, 0, 0, 0, 0, 0, 0, 0, 0, 0, 0]","[['b', 'i'], ['k', 'e'], ['l', 'e', 'r']]",bikeler
গণমাধ্যমে,"[20, 8, 6, 3, 13, 1, 16, 25, 3, 13, 5, 0, 0, 0, 0, 0, 0, 0]","[['g', 'ɔ'], ['n', 'o'], ['m', 'a', 'd̪'], ['d̪ʱ', 'o'], ['m', 'e']]",gɔnomad̪d̪ʱome
পারবেন,"[15, 1, 2, 11, 5, 6, 0, 0, 0, 0, 0, 0, 0, 0, 0, 0, 0, 0]","[['p', 'a', 'r'], ['b', 'e', 'n']]",parben
বোধগম্য,"[11, 3, 25, 3, 20, 8, 13, 13, 3, 0, 0, 0, 0, 0, 0, 0, 0, 0]","[['b', 'o'], ['d̪ʱ', 'o'], ['g', 'ɔ', 'm'], ['m', 'o']]",bod̪ʱogɔmmo
টানা,"[17, 1, 6, 1, 0, 0, 0, 0, 0, 0, 0, 0, 0, 0, 0, 0, 0, 0]","[['ʈ', 'a'], ['n', 'a']]",ʈana
হাজির,"[21, 1, 18, 4, 2, 0, 0, 0, 0, 0, 0, 0, 0, 0, 0, 0, 0, 0]","[['h', 'a'], ['dʒ', 'i', 'r']]",hadʒir
মুজিবুর,"[13, 14, 18, 4, 11, 14, 2, 0, 0, 0, 0, 0, 0, 0, 0, 0, 0, 0]","[['m', 'u'], ['dʒ', 'i'], ['b', 'u', 'r']]",mudʒibur
একটা,"[29, 7, 17, 1, 0, 0, 0, 0, 0, 0, 0, 0, 0, 0, 0, 0, 0, 0]","[['æ', 'k'], ['ʈ', 'a']]",ækʈa
যেনো,"[18, 29, 6, 3, 0, 0, 0, 0, 0, 0, 0, 0, 0, 0, 0, 0, 0, 0]","[['dʒ', 'æ'], ['n', 'o']]",dʒæno
এলাকাতে,"[5, 12, 1, 7, 1, 9, 5, 0, 0, 0, 0, 0, 0, 0, 0, 0, 0, 0]","[['e'], ['l', 'a'], ['k', 'a'], ['t̪', 'e']]",elakat̪e
আরোপিত,"[1, 2, 3, 15, 4, 9, 3, 0, 0, 0, 0, 0, 0, 0, 0, 0, 0, 0]","[['a'], ['r', 'o'], ['p', 'i'], ['t̪', 'o']]",aropit̪o
বেআইনি,"[11, 5, 32, 6, 4, 0, 0, 0, 0, 0, 0, 0, 0, 0, 0, 0, 0, 0]","[['b', 'e'], ['ai̯'], ['n', 'i']]",beai̯ni
মুখস্থ,"[13, 14, 24, 8, 19, 30, 3, 0, 0, 0, 0, 0, 0, 0, 0, 0, 0, 0]","[['m', 'u'], ['kʰ', 'ɔ', 's'], ['t̪ʰ', 'o']]",mukʰɔst̪ʰo
গলে,"[20, 3, 12, 5, 0, 0, 0, 0, 0, 0, 0, 0, 0, 0, 0, 0, 0, 0]","[['g', 'o'], ['l', 'e']]",gole
তখনই,"[9, 8, 24, 3, 6, 4, 0, 0, 0, 0, 0, 0, 0, 0, 0, 0, 0, 0]","[['t̪', 'ɔ'], ['kʰ', 'o'], ['n', 'i']]",t̪ɔkʰoni
কাগজে,"[7, 1, 20, 3, 18, 5, 0, 0, 0, 0, 0, 0, 0, 0, 0, 0, 0, 0]","[['k', 'a'], ['g', 'o'], ['dʒ', 'e']]",kagodʒe
অনেকেরই,"[8, 6, 5, 7, 5, 2, 4, 0, 0, 0, 0, 0, 0, 0, 0, 0, 0, 0]","[['ɔ'], ['n', 'e'], ['k', 'e', 'r'], ['i']]",ɔnekeri
কাজকর্ম,"[7, 1, 18, 7, 8, 2, 13, 3, 0, 0, 0, 0, 0, 0, 0, 0, 0, 0]","[['k', 'a', 'dʒ'], ['k', 'ɔ', 'r'], ['m', 'o']]",kadʒkɔrmo
কোলা,"[7, 3, 12, 1, 0, 0, 0, 0, 0, 0, 0, 0, 0, 0, 0, 0, 0, 0]","[['k', 'o'], ['l', 'a']]",kola
আত্মবিশ্বাসী,"[1, 9, 9, 3, 11, 4, 10, 10, 1, 10, 4, 0, 0, 0, 0, 0, 0, 0]","[['a', 't̪'], ['t̪', 'o'], ['b', 'i', 'ʃ'], ['ʃ', 'a'], ['ʃ', 'i']]",at̪t̪obiʃʃaʃi
আপনাকেও,"[1, 15, 6, 1, 7, 37, 0, 0, 0, 0, 0, 0, 0, 0, 0, 0, 0, 0]","[['a', 'p'], ['n', 'a'], ['k', 'eo̯']]",apnakeo̯
ঘটল,"[34, 3, 17, 12, 3, 0, 0, 0, 0, 0, 0, 0, 0, 0, 0, 0, 0, 0]","[['gʱ', 'o', 'ʈ'], ['l', 'o']]",gʱoʈlo
পিছনের,"[15, 4, 28, 3, 6, 5, 2, 0, 0, 0, 0, 0, 0, 0, 0, 0, 0, 0]","[['p', 'i'], ['tʃʰ', 'o'], ['n', 'e', 'r']]",pitʃʰoner
ব্যবহারকারীর,"[11, 29, 11, 3, 21, 1, 2, 7, 1, 2, 4, 2, 0, 0, 0, 0, 0, 0]","[['b', 'æ'], ['b', 'o'], ['h', 'a', 'r'], ['k', 'a'], ['r', 'i', 'r']]",bæboharkarir
কৃষকরা,"[7, 2, 4, 10, 8, 7, 2, 1, 0, 0, 0, 0, 0, 0, 0, 0, 0, 0]","[['k', 'r', 'i'], ['ʃ', 'ɔ', 'k'], ['r', 'a']]",kriʃɔkra
রক্তদান,"[2, 8, 7, 9, 3, 16, 1, 6, 0, 0, 0, 0, 0, 0, 0, 0, 0, 0]","[['r', 'ɔ', 'k'], ['t̪', 'o'], ['d̪', 'a', 'n']]",rɔkt̪od̪an
সার্টিফিকেট,"[19, 1, 2, 17, 4, 27, 4, 7, 5, 17, 0, 0, 0, 0, 0, 0, 0, 0]","[['s', 'a', 'r'], ['ʈ', 'i'], ['f', 'i'], ['k', 'e', 'ʈ']]",sarʈifikeʈ
শাবানা,"[10, 1, 11, 1, 6, 1, 0, 0, 0, 0, 0, 0, 0, 0, 0, 0, 0, 0]","[['ʃ', 'a'], ['b', 'a'], ['n', 'a']]",ʃabana
লোকেরা,"[12, 3, 7, 5, 2, 1, 0, 0, 0, 0, 0, 0, 0, 0, 0, 0, 0, 0]","[['l', 'o'], ['k', 'e'], ['r', 'a']]",lokera
স্মারক,"[10, 1, 2, 3, 7, 0, 0, 0, 0, 0, 0, 0, 0, 0, 0, 0, 0, 0]","[['ʃ', 'a'], ['r', 'o', 'k']]",ʃarok
স্কলারশিপ,"[19, 7, 8, 12, 1, 2, 10, 4, 15, 0, 0, 0, 0, 0, 0, 0, 0, 0]","[['s', 'k', 'ɔ'], ['l', 'a', 'r'], ['ʃ', 'i', 'p']]",skɔlarʃip
স্পেনে,"[19, 15, 5, 6, 5, 0, 0, 0, 0, 0, 0, 0, 0, 0, 0, 0, 0, 0]","[['s', 'p', 'e'], ['n', 'e']]",spene
এইট,"[33, 17, 0, 0, 0, 0, 0, 0, 0, 0, 0, 0, 0, 0, 0, 0, 0, 0]","[['ei̯', 'ʈ']]",ei̯ʈ
আন্তরিক,"[1, 6, 9, 3, 2, 4, 7, 0, 0, 0, 0, 0, 0, 0, 0, 0, 0, 0]","[['a', 'n'], ['t̪', 'o'], ['r', 'i', 'k']]",ant̪orik
দিবসটি,"[16, 4, 11, 3, 10, 17, 4, 0, 0, 0, 0, 0, 0, 0, 0, 0, 0, 0]","[['d̪', 'i'], ['b', 'o', 'ʃ'], ['ʈ', 'i']]",d̪iboʃʈi
মিউনিখ,"[13, 41, 6, 4, 24, 0, 0, 0, 0, 0, 0, 0, 0, 0, 0, 0, 0, 0]","[['m', 'iu̯'], ['n', 'i', 'kʰ']]",miu̯nikʰ
আধার,"[1, 25, 1, 2, 0, 0, 0, 0, 0, 0, 0, 0, 0, 0, 0, 0, 0, 0]","[['a'], ['d̪ʱ', 'a', 'r']]",ad̪ʱar
বাথরুমে,"[11, 1, 30, 2, 14, 13, 5, 0, 0, 0, 0, 0, 0, 0, 0, 0, 0, 0]","[['b', 'a', 't̪ʰ'], ['r', 'u'], ['m', 'e']]",bat̪ʰrume
সীমার,"[10, 4, 13, 1, 2, 0, 0, 0, 0, 0, 0, 0, 0, 0, 0, 0, 0, 0]","[['ʃ', 'i'], ['m', 'a', 'r']]",ʃimar
শরীরে,"[10, 3, 2, 4, 2, 5, 0, 0, 0, 0, 0, 0, 0, 0, 0, 0, 0, 0]","[['ʃ', 'o'], ['r', 'i'], ['r', 'e']]",ʃorire
সিনা,"[19, 4, 6, 1, 0, 0, 0, 0, 0, 0, 0, 0, 0, 0, 0, 0, 0, 0]","[['s', 'i'], ['n', 'a']]",sina
ডাকলে,"[26, 1, 7, 12, 5, 0, 0, 0, 0, 0, 0, 0, 0, 0, 0, 0, 0, 0]","[['ɖ', 'a', 'k'], ['l', 'e']]",ɖakle
টুর্নামেন্ট,"[17, 14, 2, 6, 1, 13, 5, 6, 17, 0, 0, 0, 0, 0, 0, 0, 0, 0]","[['ʈ', 'u', 'r'], ['n', 'a'], ['m', 'e', 'n', 'ʈ']]",ʈurnamenʈ
চাপে,"[22, 1, 15, 5, 0, 0, 0, 0, 0, 0, 0, 0, 0, 0, 0, 0, 0, 0]","[['tʃ', 'a'], ['p', 'e']]",tʃape
ভাবে,"[23, 1, 11, 5, 0, 0, 0, 0, 0, 0, 0, 0, 0, 0, 0, 0, 0, 0]","[['bʱ', 'a'], ['b', 'e']]",bʱabe
পরিমান,"[15, 3, 2, 4, 13, 1, 6, 0, 0, 0, 0, 0, 0, 0, 0, 0, 0, 0]","[['p', 'o'], ['r', 'i'], ['m', 'a', 'n']]",poriman
জীবনের,"[18, 4, 11, 3, 6, 5, 2, 0, 0, 0, 0, 0, 0, 0, 0, 0, 0, 0]","[['dʒ', 'i'], ['b', 'o'], ['n', 'e', 'r']]",dʒiboner
জিতেছিল,"[18, 4, 9, 5, 28, 4, 12, 3, 0, 0, 0, 0, 0, 0, 0, 0, 0, 0]","[['dʒ', 'i'], ['t̪', 'e'], ['tʃʰ', 'i'], ['l', 'o']]",dʒit̪etʃʰilo
সবাইকেই,"[10, 8, 11, 32, 7, 33, 0, 0, 0, 0, 0, 0, 0, 0, 0, 0, 0, 0]","[['ʃ', 'ɔ'], ['b', 'ai̯'], ['k', 'ei̯']]",ʃɔbai̯kei̯
ইনস্টিটিউটের,"[4, 6, 19, 17, 4, 17, 41, 17, 5, 2, 0, 0, 0, 0, 0, 0, 0, 0]","[['i', 'n', 's'], ['ʈ', 'i'], ['ʈ', 'iu̯'], ['ʈ', 'e', 'r']]",insʈiʈiu̯ʈer
এখানেই,"[5, 24, 1, 6, 33, 0, 0, 0, 0, 0, 0, 0, 0, 0, 0, 0, 0, 0]","[['e'], ['kʰ', 'a'], ['n', 'ei̯']]",ekʰanei̯
সম্মিলিতভাবে,"[10, 3, 13, 13, 4, 12, 4, 9, 3, 23, 1, 11, 5, 0, 0, 0, 0, 0]","[['ʃ', 'o', 'm'], ['m', 'i'], ['l', 'i'], ['t̪', 'o'], ['bʱ', 'a'], ['b', 'e']]",ʃommilit̪obʱabe
চেন,"[22, 5, 6, 3, 0, 0, 0, 0, 0, 0, 0, 0, 0, 0, 0, 0, 0, 0]","[['tʃ', 'e'], ['n', 'o']]",tʃeno
করান,"[7, 8, 2, 1, 6, 0, 0, 0, 0, 0, 0, 0, 0, 0, 0, 0, 0, 0]","[['k', 'ɔ'], ['r', 'a', 'n']]",kɔran
গুলো,"[20, 14, 12, 3, 0, 0, 0, 0, 0, 0, 0, 0, 0, 0, 0, 0, 0, 0]","[['g', 'u'], ['l', 'o']]",gulo
মিলিত,"[13, 4, 12, 4, 9, 3, 0, 0, 0, 0, 0, 0, 0, 0, 0, 0, 0, 0]","[['m', 'i'], ['l', 'i'], ['t̪', 'o']]",milit̪o
উদ্ধারের,"[14, 16, 25, 1, 2, 5, 2, 0, 0, 0, 0, 0, 0, 0, 0, 0, 0, 0]","[['u', 'd̪'], ['d̪ʱ', 'a'], ['r', 'e', 'r']]",ud̪d̪ʱarer
উপ,"[14, 15, 3, 0, 0, 0, 0, 0, 0, 0, 0, 0, 0, 0, 0, 0, 0, 0]","[['u'], ['p', 'o']]",upo
ফেলেছি,"[27, 5, 12, 5, 28, 4, 0, 0, 0, 0, 0, 0, 0, 0, 0, 0, 0, 0]","[['f', 'e'], ['l', 'e'], ['tʃʰ', 'i']]",feletʃʰi
পুরস্কৃত,"[15, 14, 2, 3, 10, 7, 2, 4, 9, 3, 0, 0, 0, 0, 0, 0, 0, 0]","[['p', 'u'], ['r', 'o', 'ʃ'], ['k', 'r', 'i'], ['t̪', 'o']]",puroʃkrit̪o
উপত্যকার,"[14, 15, 8, 9, 9, 8, 7, 1, 2, 0, 0, 0, 0, 0, 0, 0, 0, 0]","[['u'], ['p', 'ɔ', 't̪'], ['t̪', 'ɔ'], ['k', 'a', 'r']]",upɔt̪t̪ɔkar
শনি,"[10, 3, 6, 4, 0, 0, 0, 0, 0, 0, 0, 0, 0, 0, 0, 0, 0, 0]","[['ʃ', 'o'], ['n', 'i']]",ʃoni
ভলিবল,"[23, 3, 12, 4, 11, 8, 12, 0, 0, 0, 0, 0, 0, 0, 0, 0, 0, 0]","[['bʱ', 'o'], ['l', 'i'], ['b', 'ɔ', 'l']]",bʱolibɔl
বিশেষত,"[11, 4, 10, 5, 10, 8, 9, 3, 0, 0, 0, 0, 0, 0, 0, 0, 0, 0]","[['b', 'i'], ['ʃ', 'e'], ['ʃ', 'ɔ'], ['t̪', 'o']]",biʃeʃɔt̪o
পরেন,"[15, 8, 2, 5, 6, 0, 0, 0, 0, 0, 0, 0, 0, 0, 0, 0, 0, 0]","[['p', 'ɔ'], ['r', 'e', 'n']]",pɔren
কংগ্রেসের,"[7, 8, 31, 20, 2, 5, 19, 5, 2, 0, 0, 0, 0, 0, 0, 0, 0, 0]","[['k', 'ɔ', 'ŋ'], ['g', 'r', 'e'], ['s', 'e', 'r']]",kɔŋgreser
শাসন,"[10, 1, 10, 3, 6, 0, 0, 0, 0, 0, 0, 0, 0, 0, 0, 0, 0, 0]","[['ʃ', 'a'], ['ʃ', 'o', 'n']]",ʃaʃon
প্রেমিকের,"[15, 2, 5, 13, 4, 7, 5, 2, 0, 0, 0, 0, 0, 0, 0, 0, 0, 0]","[['p', 'r', 'e'], ['m', 'i'], ['k', 'e', 'r']]",premiker
ঘাটতি,"[34, 1, 17, 9, 4, 0, 0, 0, 0, 0, 0, 0, 0, 0, 0, 0, 0, 0]","[['gʱ', 'a', 'ʈ'], ['t̪', 'i']]",gʱaʈt̪i
প্রেসক্লাবে,"[15, 2, 5, 19, 7, 12, 1, 11, 5, 0, 0, 0, 0, 0, 0, 0, 0, 0]","[['p', 'r', 'e', 's'], ['k', 'l', 'a'], ['b', 'e']]",presklabe
শিক্ষাগত,"[10, 4, 7, 24, 1, 20, 8, 9, 3, 0, 0, 0, 0, 0, 0, 0, 0, 0]","[['ʃ', 'i', 'k'], ['kʰ', 'a'], ['g', 'ɔ'], ['t̪', 'o']]",ʃikkʰagɔt̪o
ফুটেজ,"[27, 14, 17, 5, 18, 0, 0, 0, 0, 0, 0, 0, 0, 0, 0, 0, 0, 0]","[['f', 'u'], ['ʈ', 'e', 'dʒ']]",fuʈedʒ
ইরানে,"[4, 2, 1, 6, 5, 0, 0, 0, 0, 0, 0, 0, 0, 0, 0, 0, 0, 0]","[['i'], ['r', 'a'], ['n', 'e']]",irane
লুকানোর,"[12, 14, 7, 1, 6, 3, 2, 0, 0, 0, 0, 0, 0, 0, 0, 0, 0, 0]","[['l', 'u'], ['k', 'a'], ['n', 'o', 'r']]",lukanor
উদ্ভাবন,"[14, 16, 23, 1, 11, 8, 6, 0, 0, 0, 0, 0, 0, 0, 0, 0, 0, 0]","[['u', 'd̪'], ['bʱ', 'a'], ['b', 'ɔ', 'n']]",ud̪bʱabɔn
জমিন,"[18, 3, 13, 4, 6, 0, 0, 0, 0, 0, 0, 0, 0, 0, 0, 0, 0, 0]","[['dʒ', 'o'], ['m', 'i', 'n']]",dʒomin
পেরেছেন,"[15, 5, 2, 5, 28, 5, 6, 0, 0, 0, 0, 0, 0, 0, 0, 0, 0, 0]","[['p', 'e'], ['r', 'e'], ['tʃʰ', 'e', 'n']]",peretʃʰen
অনেকদিন,"[8, 6, 5, 7, 16, 4, 6, 0, 0, 0, 0, 0, 0, 0, 0, 0, 0, 0]","[['ɔ'], ['n', 'e', 'k'], ['d̪', 'i', 'n']]",ɔnekd̪in
কতদিন,"[7, 8, 9, 3, 16, 4, 6, 0, 0, 0, 0, 0, 0, 0, 0, 0, 0, 0]","[['k', 'ɔ'], ['t̪', 'o'], ['d̪', 'i', 'n']]",kɔt̪od̪in
অকার্যকর,"[8, 7, 1, 2, 18, 3, 7, 8, 2, 0, 0, 0, 0, 0, 0, 0, 0, 0]","[['ɔ'], ['k', 'a', 'r'], ['dʒ', 'o'], ['k', 'ɔ', 'r']]",ɔkardʒokɔr
মুস্তাফিজুর,"[13, 14, 19, 9, 1, 27, 4, 18, 14, 2, 0, 0, 0, 0, 0, 0, 0, 0]","[['m', 'u', 's'], ['t̪', 'a'], ['f', 'i'], ['dʒ', 'u', 'r']]",must̪afidʒur
বাতাস,"[11, 1, 9, 1, 10, 0, 0, 0, 0, 0, 0, 0, 0, 0, 0, 0, 0, 0]","[['b', 'a'], ['t̪', 'a', 'ʃ']]",bat̪aʃ
কদম,"[7, 8, 16, 3, 13, 0, 0, 0, 0, 0, 0, 0, 0, 0, 0, 0, 0, 0]","[['k', 'ɔ'], ['d̪', 'o', 'm']]",kɔd̪om
দিনমজুর,"[16, 4, 6, 13, 3, 18, 14, 2, 0, 0, 0, 0, 0, 0, 0, 0, 0, 0]","[['d̪', 'i', 'n'], ['m', 'o'], ['dʒ', 'u', 'r']]",d̪inmodʒur
করেছি,"[7, 3, 2, 5, 28, 4, 0, 0, 0, 0, 0, 0, 0, 0, 0, 0, 0, 0]","[['k', 'o'], ['r', 'e'], ['tʃʰ', 'i']]",koretʃʰi
পাথুরে,"[15, 1, 30, 14, 2, 5, 0, 0, 0, 0, 0, 0, 0, 0, 0, 0, 0, 0]","[['p', 'a'], ['t̪ʰ', 'u'], ['r', 'e']]",pat̪ʰure
অপরাধে,"[8, 15, 3, 2, 1, 25, 5, 0, 0, 0, 0, 0, 0, 0, 0, 0, 0, 0]","[['ɔ'], ['p', 'o'], ['r', 'a'], ['d̪ʱ', 'e']]",ɔporad̪ʱe
দূরের,"[16, 14, 2, 5, 2, 0, 0, 0, 0, 0, 0, 0, 0, 0, 0, 0, 0, 0]","[['d̪', 'u'], ['r', 'e', 'r']]",d̪urer
দেবীর,"[16, 5, 11, 4, 2, 0, 0, 0, 0, 0, 0, 0, 0, 0, 0, 0, 0, 0]","[['d̪', 'e'], ['b', 'i', 'r']]",d̪ebir
সম্ভবত,"[19, 8, 13, 23, 3, 11, 8, 9, 3, 0, 0, 0, 0, 0, 0, 0, 0, 0]","[['s', 'ɔ', 'm'], ['bʱ', 'o'], ['b', 'ɔ'], ['t̪', 'o']]",sɔmbʱobɔt̪o
দিবে,"[16, 4, 11, 5, 0, 0, 0, 0, 0, 0, 0, 0, 0, 0, 0, 0, 0, 0]","[['d̪', 'i'], ['b', 'e']]",d̪ibe
সমাজসেবক,"[10, 8, 13, 1, 18, 10, 5, 11, 3, 7, 0, 0, 0, 0, 0, 0, 0, 0]","[['ʃ', 'ɔ'], ['m', 'a', 'dʒ'], ['ʃ', 'e'], ['b', 'o', 'k']]",ʃɔmadʒʃebok
হাসপাতালের,"[21, 1, 10, 15, 1, 9, 1, 12, 5, 2, 0, 0, 0, 0, 0, 0, 0, 0]","[['h', 'a', 'ʃ'], ['p', 'a'], ['t̪', 'a'], ['l', 'e', 'r']]",haʃpat̪aler
উপাদান,"[14, 15, 1, 16, 1, 6, 0, 0, 0, 0, 0, 0, 0, 0, 0, 0, 0, 0]","[['u'], ['p', 'a'], ['d̪', 'a', 'n']]",upad̪an
করবা,"[7, 3, 2, 11, 1, 0, 0, 0, 0, 0, 0, 0, 0, 0, 0, 0, 0, 0]","[['k', 'o', 'r'], ['b', 'a']]",korba
সবগুলো,"[10, 8, 11, 20, 14, 12, 3, 0, 0, 0, 0, 0, 0, 0, 0, 0, 0, 0]","[['ʃ', 'ɔ', 'b'], ['g', 'u'], ['l', 'o']]",ʃɔbgulo
কালকের,"[7, 1, 12, 7, 5, 2, 0, 0, 0, 0, 0, 0, 0, 0, 0, 0, 0, 0]","[['k', 'a', 'l'], ['k', 'e', 'r']]",kalker
মুবারক,"[13, 14, 11, 1, 2, 8, 7, 0, 0, 0, 0, 0, 0, 0, 0, 0, 0, 0]","[['m', 'u'], ['b', 'a'], ['r', 'ɔ', 'k']]",mubarɔk
পাঠাবে,"[15, 1, 36, 1, 11, 5, 0, 0, 0, 0, 0, 0, 0, 0, 0, 0, 0, 0]","[['p', 'a'], ['ʈʰ', 'a'], ['b', 'e']]",paʈʰabe
আপিল,"[1, 15, 4, 12, 0, 0, 0, 0, 0, 0, 0, 0, 0, 0, 0, 0, 0, 0]","[['a'], ['p', 'i', 'l']]",apil
মন্ত্রিসভার,"[13, 3, 6, 9, 2, 4, 10, 8, 23, 1, 2, 0, 0, 0, 0, 0, 0, 0]","[['m', 'o', 'n'], ['t̪', 'r', 'i'], ['ʃ', 'ɔ'], ['bʱ', 'a', 'r']]",mont̪riʃɔbʱar
পারস্য,"[15, 1, 2, 3, 10, 10, 3, 0, 0, 0, 0, 0, 0, 0, 0, 0, 0, 0]","[['p', 'a'], ['r', 'o', 'ʃ'], ['ʃ', 'o']]",paroʃʃo
এতোটা,"[29, 9, 3, 17, 1, 0, 0, 0, 0, 0, 0, 0, 0, 0, 0, 0, 0, 0]","[['æ'], ['t̪', 'o'], ['ʈ', 'a']]",æt̪oʈa
ফেরৎ,"[27, 5, 2, 3, 9, 0, 0, 0, 0, 0, 0, 0, 0, 0, 0, 0, 0, 0]","[['f', 'e'], ['r', 'o', 't̪']]",ferot̪
পদত্যাগের,"[15, 8, 16, 3, 9, 29, 20, 5, 2, 0, 0, 0, 0, 0, 0, 0, 0, 0]","[['p', 'ɔ'], ['d̪', 'o'], ['t̪', 'æ'], ['g', 'e', 'r']]",pɔd̪ot̪æger
গণেশ,"[20, 8, 6, 5, 10, 0, 0, 0, 0, 0, 0, 0, 0, 0, 0, 0, 0, 0]","[['g', 'ɔ'], ['n', 'e', 'ʃ']]",gɔneʃ
কর্মসূচির,"[7, 8, 2, 13, 3, 10, 14, 22, 4, 2, 0, 0, 0, 0, 0, 0, 0, 0]","[['k', 'ɔ', 'r'], ['m', 'o'], ['ʃ', 'u'], ['tʃ', 'i', 'r']]",kɔrmoʃutʃir
স্বাস্থ্যকর,"[10, 1, 19, 30, 3, 7, 8, 2, 0, 0, 0, 0, 0, 0, 0, 0, 0, 0]","[['ʃ', 'a', 's'], ['t̪ʰ', 'o'], ['k', 'ɔ', 'r']]",ʃast̪ʰokɔr
নগরীতে,"[6, 8, 20, 3, 2, 4, 9, 5, 0, 0, 0, 0, 0, 0, 0, 0, 0, 0]","[['n', 'ɔ'], ['g', 'o'], ['r', 'i'], ['t̪', 'e']]",nɔgorit̪e
অপারেশন,"[8, 15, 1, 2, 5, 10, 8, 6, 0, 0, 0, 0, 0, 0, 0, 0, 0, 0]","[['ɔ'], ['p', 'a'], ['r', 'e'], ['ʃ', 'ɔ', 'n']]",ɔpareʃɔn
নিলেন,"[6, 4, 12, 5, 6, 0, 0, 0, 0, 0, 0, 0, 0, 0, 0, 0, 0, 0]","[['n', 'i'], ['l', 'e', 'n']]",nilen
সেতুমন্ত্রী,"[10, 5, 9, 14, 13, 3, 6, 9, 2, 4, 0, 0, 0, 0, 0, 0, 0, 0]","[['ʃ', 'e'], ['t̪', 'u'], ['m', 'o', 'n'], ['t̪', 'r', 'i']]",ʃet̪umont̪ri
নিরাশ,"[6, 4, 2, 1, 10, 0, 0, 0, 0, 0, 0, 0, 0, 0, 0, 0, 0, 0]","[['n', 'i'], ['r', 'a', 'ʃ']]",niraʃ
ইউনেস্কো,"[50, 6, 5, 19, 7, 3, 0, 0, 0, 0, 0, 0, 0, 0, 0, 0, 0, 0]","[['i̯u'], ['n', 'e', 's'], ['k', 'o']]",i̯unesko
বেগুনি,"[11, 5, 20, 14, 6, 4, 0, 0, 0, 0, 0, 0, 0, 0, 0, 0, 0, 0]","[['b', 'e'], ['g', 'u'], ['n', 'i']]",beguni
চাইবে,"[22, 32, 11, 5, 0, 0, 0, 0, 0, 0, 0, 0, 0, 0, 0, 0, 0, 0]","[['tʃ', 'ai̯'], ['b', 'e']]",tʃai̯be
নীরব,"[6, 4, 2, 8, 11, 0, 0, 0, 0, 0, 0, 0, 0, 0, 0, 0, 0, 0]","[['n', 'i'], ['r', 'ɔ', 'b']]",nirɔb
কার্যকরী,"[7, 1, 2, 18, 3, 7, 3, 2, 4, 0, 0, 0, 0, 0, 0, 0, 0, 0]","[['k', 'a', 'r'], ['dʒ', 'o'], ['k', 'o'], ['r', 'i']]",kardʒokori
মটর,"[13, 8, 17, 3, 2, 0, 0, 0, 0, 0, 0, 0, 0, 0, 0, 0, 0, 0]","[['m', 'ɔ'], ['ʈ', 'o', 'r']]",mɔʈor
সুবিধাজনক,"[10, 14, 11, 4, 25, 1, 18, 8, 6, 3, 7, 0, 0, 0, 0, 0, 0, 0]","[['ʃ', 'u'], ['b', 'i'], ['d̪ʱ', 'a'], ['dʒ', 'ɔ'], ['n', 'o', 'k']]",ʃubid̪ʱadʒɔnok
প্রতিরোধ,"[15, 2, 3, 9, 4, 2, 3, 25, 0, 0, 0, 0, 0, 0, 0, 0, 0, 0]","[['p', 'r', 'o'], ['t̪', 'i'], ['r', 'o', 'd̪ʱ']]",prot̪irod̪ʱ
বিধবা,"[11, 4, 25, 3, 11, 1, 0, 0, 0, 0, 0, 0, 0, 0, 0, 0, 0, 0]","[['b', 'i'], ['d̪ʱ', 'o'], ['b', 'a']]",bid̪ʱoba
প্যাকেট,"[15, 29, 7, 5, 17, 0, 0, 0, 0, 0, 0, 0, 0, 0, 0, 0, 0, 0]","[['p', 'æ'], ['k', 'e', 'ʈ']]",pækeʈ
সভা,"[10, 8, 23, 1, 0, 0, 0, 0, 0, 0, 0, 0, 0, 0, 0, 0, 0, 0]","[['ʃ', 'ɔ'], ['bʱ', 'a']]",ʃɔbʱa
কবির,"[7, 3, 11, 4, 2, 0, 0, 0, 0, 0, 0, 0, 0, 0, 0, 0, 0, 0]","[['k', 'o'], ['b', 'i', 'r']]",kobir
সুইডিশ,"[19, 44, 26, 4, 10, 0, 0, 0, 0, 0, 0, 0, 0, 0, 0, 0, 0, 0]","[['s', 'ui̯'], ['ɖ', 'i', 'ʃ']]",sui̯ɖiʃ
বেশিরভাগই,"[11, 5, 10, 4, 2, 23, 1, 20, 4, 0, 0, 0, 0, 0, 0, 0, 0, 0]","[['b', 'e'], ['ʃ', 'i', 'r'], ['bʱ', 'a', 'g'], ['i']]",beʃirbʱagi
আগমনে,"[1, 20, 3, 13, 3, 6, 5, 0, 0, 0, 0, 0, 0, 0, 0, 0, 0, 0]","[['a'], ['g', 'o'], ['m', 'o'], ['n', 'e']]",agomone
বেগম,"[11, 5, 20, 8, 13, 0, 0, 0, 0, 0, 0, 0, 0, 0, 0, 0, 0, 0]","[['b', 'e'], ['g', 'ɔ', 'm']]",begɔm
অভিনেতা,"[3, 23, 4, 6, 5, 9, 1, 0, 0, 0, 0, 0, 0, 0, 0, 0, 0, 0]","[['o'], ['bʱ', 'i'], ['n', 'e'], ['t̪', 'a']]",obʱinet̪a
চাঁদা,"[22, 1, 16, 1, 0, 0, 0, 0, 0, 0, 0, 0, 0, 0, 0, 0, 0, 0]","[['tʃ', 'a'], ['d̪', 'a']]",tʃad̪a
পার্সোনাল,"[15, 1, 2, 19, 3, 6, 1, 12, 0, 0, 0, 0, 0, 0, 0, 0, 0, 0]","[['p', 'a', 'r'], ['s', 'o'], ['n', 'a', 'l']]",parsonal
জানতে,"[18, 1, 6, 9, 5, 0, 0, 0, 0, 0, 0, 0, 0, 0, 0, 0, 0, 0]","[['dʒ', 'a', 'n'], ['t̪', 'e']]",dʒant̪e
পাউডার,"[15, 43, 26, 1, 2, 0, 0, 0, 0, 0, 0, 0, 0, 0, 0, 0, 0, 0]","[['p', 'au̯'], ['ɖ', 'a', 'r']]",pau̯ɖar
সিদ্দিকী,"[19, 4, 16, 16, 4, 7, 4, 0, 0, 0, 0, 0, 0, 0, 0, 0, 0, 0]","[['s', 'i', 'd̪'], ['d̪', 'i'], ['k', 'i']]",sid̪d̪iki
দিলেই,"[16, 4, 12, 33, 0, 0, 0, 0, 0, 0, 0, 0, 0, 0, 0, 0, 0, 0]","[['d̪', 'i'], ['l', 'ei̯']]",d̪ilei̯
স্মৃতিসৌধ,"[19, 2, 4, 9, 4, 10, 38, 25, 3, 0, 0, 0, 0, 0, 0, 0, 0, 0]","[['s', 'r', 'i'], ['t̪', 'i'], ['ʃ', 'ou̯'], ['d̪ʱ', 'o']]",srit̪iʃou̯d̪ʱo
প্রতিপক্ষকে,"[15, 2, 3, 9, 4, 15, 8, 7, 24, 3, 7, 5, 0, 0, 0, 0, 0, 0]","[['p', 'r', 'o'], ['t̪', 'i'], ['p', 'ɔ', 'k'], ['kʰ', 'o'], ['k', 'e']]",prot̪ipɔkkʰoke
মারধর,"[13, 1, 2, 25, 8, 2, 0, 0, 0, 0, 0, 0, 0, 0, 0, 0, 0, 0]","[['m', 'a', 'r'], ['d̪ʱ', 'ɔ', 'r']]",mard̪ʱɔr
পুঁজিবাদী,"[15, 14, 18, 4, 11, 1, 16, 4, 0, 0, 0, 0, 0, 0, 0, 0, 0, 0]","[['p', 'u'], ['dʒ', 'i'], ['b', 'a'], ['d̪', 'i']]",pudʒibad̪i
সালাহ,"[19, 1, 12, 1, 21, 0, 0, 0, 0, 0, 0, 0, 0, 0, 0, 0, 0, 0]","[['s', 'a'], ['l', 'a', 'h']]",salah
পারব,"[15, 1, 2, 11, 3, 0, 0, 0, 0, 0, 0, 0, 0, 0, 0, 0, 0, 0]","[['p', 'a', 'r'], ['b', 'o']]",parbo
সরঞ্জাম,"[10, 8, 2, 3, 6, 18, 1, 13, 0, 0, 0, 0, 0, 0, 0, 0, 0, 0]","[['ʃ', 'ɔ'], ['r', 'o', 'n'], ['dʒ', 'a', 'm']]",ʃɔrondʒam
নিরবতা,"[6, 4, 2, 8, 11, 8, 9, 1, 0, 0, 0, 0, 0, 0, 0, 0, 0, 0]","[['n', 'i'], ['r', 'ɔ'], ['b', 'ɔ'], ['t̪', 'a']]",nirɔbɔt̪a
আপোষ,"[1, 15, 3, 10, 0, 0, 0, 0, 0, 0, 0, 0, 0, 0, 0, 0, 0, 0]","[['a'], ['p', 'o', 'ʃ']]",apoʃ
নিজেরই,"[6, 4, 18, 5, 2, 4, 0, 0, 0, 0, 0, 0, 0, 0, 0, 0, 0, 0]","[['n', 'i'], ['dʒ', 'e', 'r'], ['i']]",nidʒeri
নেতাকর্মীদের,"[6, 5, 9, 1, 7, 3, 2, 13, 4, 16, 5, 2, 0, 0, 0, 0, 0, 0]","[['n', 'e'], ['t̪', 'a'], ['k', 'o', 'r'], ['m', 'i'], ['d̪', 'e', 'r']]",net̪akormid̪er
গেমসে,"[20, 5, 13, 19, 5, 0, 0, 0, 0, 0, 0, 0, 0, 0, 0, 0, 0, 0]","[['g', 'e', 'm'], ['s', 'e']]",gemse
রবীন্দ্রনাথের,"[2, 3, 11, 4, 6, 16, 2, 3, 6, 1, 30, 5, 2, 0, 0, 0, 0, 0]","[['r', 'o'], ['b', 'i', 'n'], ['d̪', 'r', 'o'], ['n', 'a'], ['t̪ʰ', 'e', 'r']]",robind̪ronat̪ʰer
ব্যতীত,"[11, 29, 9, 4, 9, 3, 0, 0, 0, 0, 0, 0, 0, 0, 0, 0, 0, 0]","[['b', 'æ'], ['t̪', 'i'], ['t̪', 'o']]",bæt̪it̪o
পশুদের,"[15, 3, 10, 14, 16, 5, 2, 0, 0, 0, 0, 0, 0, 0, 0, 0, 0, 0]","[['p', 'o'], ['ʃ', 'u'], ['d̪', 'e', 'r']]",poʃud̪er
খোদাই,"[24, 3, 16, 32, 0, 0, 0, 0, 0, 0, 0, 0, 0, 0, 0, 0, 0, 0]","[['kʰ', 'o'], ['d̪', 'ai̯']]",kʰod̪ai̯
লেবেল,"[12, 5, 11, 5, 12, 0, 0, 0, 0, 0, 0, 0, 0, 0, 0, 0, 0, 0]","[['l', 'e'], ['b', 'e', 'l']]",lebel
পেটে,"[15, 5, 17, 5, 0, 0, 0, 0, 0, 0, 0, 0, 0, 0, 0, 0, 0, 0]","[['p', 'e'], ['ʈ', 'e']]",peʈe
শ্যুটিং,"[10, 14, 17, 4, 31, 0, 0, 0, 0, 0, 0, 0, 0, 0, 0, 0, 0, 0]","[['ʃ', 'u'], ['ʈ', 'i', 'ŋ']]",ʃuʈiŋ
মানব,"[13, 1, 6, 3, 11, 0, 0, 0, 0, 0, 0, 0, 0, 0, 0, 0, 0, 0]","[['m', 'a'], ['n', 'o', 'b']]",manob
হত্যাযজ্ঞ,"[21, 3, 9, 9, 1, 18, 3, 20, 20, 3, 0, 0, 0, 0, 0, 0, 0, 0]","[['h', 'o', 't̪'], ['t̪', 'a'], ['dʒ', 'o', 'g'], ['g', 'o']]",hot̪t̪adʒoggo
বরিশাল,"[11, 3, 2, 4, 10, 1, 12, 0, 0, 0, 0, 0, 0, 0, 0, 0, 0, 0]","[['b', 'o'], ['r', 'i'], ['ʃ', 'a', 'l']]",boriʃal
ওইদিন,"[35, 16, 4, 6, 0, 0, 0, 0, 0, 0, 0, 0, 0, 0, 0, 0, 0, 0]","[['oi̯'], ['d̪', 'i', 'n']]",oi̯d̪in
প্রকট,"[15, 2, 3, 7, 8, 17, 0, 0, 0, 0, 0, 0, 0, 0, 0, 0, 0, 0]","[['p', 'r', 'o'], ['k', 'ɔ', 'ʈ']]",prokɔʈ
ফেলল,"[27, 5, 12, 12, 3, 0, 0, 0, 0, 0, 0, 0, 0, 0, 0, 0, 0, 0]","[['f', 'e', 'l'], ['l', 'o']]",fello
মুজিব,"[13, 14, 18, 4, 11, 0, 0, 0, 0, 0, 0, 0, 0, 0, 0, 0, 0, 0]","[['m', 'u'], ['dʒ', 'i', 'b']]",mudʒib
স্থিতিশীল,"[19, 30, 4, 9, 4, 10, 4, 12, 0, 0, 0, 0, 0, 0, 0, 0, 0, 0]","[['s', 't̪ʰ', 'i'], ['t̪', 'i'], ['ʃ', 'i', 'l']]",st̪ʰit̪iʃil
ইচ্ছাকৃত,"[4, 22, 28, 1, 7, 2, 4, 9, 3, 0, 0, 0, 0, 0, 0, 0, 0, 0]","[['i', 'tʃ'], ['tʃʰ', 'a'], ['k', 'r', 'i'], ['t̪', 'o']]",itʃtʃʰakrit̪o
বিতরন,"[11, 4, 9, 8, 2, 3, 6, 0, 0, 0, 0, 0, 0, 0, 0, 0, 0, 0]","[['b', 'i'], ['t̪', 'ɔ'], ['r', 'o', 'n']]",bit̪ɔron
লাগা,"[12, 1, 20, 1, 0, 0, 0, 0, 0, 0, 0, 0, 0, 0, 0, 0, 0, 0]","[['l', 'a'], ['g', 'a']]",laga
বলার,"[11, 8, 12, 1, 2, 0, 0, 0, 0, 0, 0, 0, 0, 0, 0, 0, 0, 0]","[['b', 'ɔ'], ['l', 'a', 'r']]",bɔlar
অনুরোধ,"[3, 6, 14, 2, 3, 25, 0, 0, 0, 0, 0, 0, 0, 0, 0, 0, 0, 0]","[['o'], ['n', 'u'], ['r', 'o', 'd̪ʱ']]",onurod̪ʱ
আবেগের,"[1, 11, 5, 20, 5, 2, 0, 0, 0, 0, 0, 0, 0, 0, 0, 0, 0, 0]","[['a'], ['b', 'e'], ['g', 'e', 'r']]",abeger
শাহাদাত,"[10, 1, 21, 1, 16, 1, 9, 0, 0, 0, 0, 0, 0, 0, 0, 0, 0, 0]","[['ʃ', 'a'], ['h', 'a'], ['d̪', 'a', 't̪']]",ʃahad̪at̪
মেহেদী,"[13, 5, 21, 5, 16, 4, 0, 0, 0, 0, 0, 0, 0, 0, 0, 0, 0, 0]","[['m', 'e'], ['h', 'e'], ['d̪', 'i']]",mehed̪i
চলমান,"[22, 8, 12, 3, 13, 1, 6, 0, 0, 0, 0, 0, 0, 0, 0, 0, 0, 0]","[['tʃ', 'ɔ'], ['l', 'o'], ['m', 'a', 'n']]",tʃɔloman
একতা,"[29, 7, 3, 9, 1, 0, 0, 0, 0, 0, 0, 0, 0, 0, 0, 0, 0, 0]","[['æ'], ['k', 'o'], ['t̪', 'a']]",ækot̪a
হাসির,"[21, 1, 10, 4, 2, 0, 0, 0, 0, 0, 0, 0, 0, 0, 0, 0, 0, 0]","[['h', 'a'], ['ʃ', 'i', 'r']]",haʃir
বৈষম্যমূলক,"[11, 35, 10, 8, 13, 13, 3, 13, 14, 12, 8, 7, 0, 0, 0, 0, 0, 0]","[['b', 'oi̯'], ['ʃ', 'ɔ', 'm'], ['m', 'o'], ['m', 'u'], ['l', 'ɔ', 'k']]",boi̯ʃɔmmomulɔk
খেলি,"[24, 5, 12, 4, 0, 0, 0, 0, 0, 0, 0, 0, 0, 0, 0, 0, 0, 0]","[['kʰ', 'e'], ['l', 'i']]",kʰeli
প্লেনে,"[15, 12, 5, 6, 5, 0, 0, 0, 0, 0, 0, 0, 0, 0, 0, 0, 0, 0]","[['p', 'l', 'e'], ['n', 'e']]",plene
হামলা,"[21, 1, 13, 12, 1, 0, 0, 0, 0, 0, 0, 0, 0, 0, 0, 0, 0, 0]","[['h', 'a', 'm'], ['l', 'a']]",hamla
পরিচালনার,"[15, 3, 2, 4, 22, 1, 12, 3, 6, 1, 2, 0, 0, 0, 0, 0, 0, 0]","[['p', 'o'], ['r', 'i'], ['tʃ', 'a'], ['l', 'o'], ['n', 'a', 'r']]",poritʃalonar
খুশী,"[24, 14, 10, 4, 0, 0, 0, 0, 0, 0, 0, 0, 0, 0, 0, 0, 0, 0]","[['kʰ', 'u'], ['ʃ', 'i']]",kʰuʃi
জামিনের,"[18, 1, 13, 4, 6, 5, 2, 0, 0, 0, 0, 0, 0, 0, 0, 0, 0, 0]","[['dʒ', 'a'], ['m', 'i'], ['n', 'e', 'r']]",dʒaminer
সংযত,"[10, 8, 31, 18, 8, 9, 3, 0, 0, 0, 0, 0, 0, 0, 0, 0, 0, 0]","[['ʃ', 'ɔ', 'ŋ'], ['dʒ', 'ɔ'], ['t̪', 'o']]",ʃɔŋdʒɔt̪o
বছরগুলোতে,"[11, 8, 28, 3, 2, 20, 14, 12, 3, 9, 5, 0, 0, 0, 0, 0, 0, 0]","[['b', 'ɔ'], ['tʃʰ', 'o', 'r'], ['g', 'u'], ['l', 'o'], ['t̪', 'e']]",bɔtʃʰorgulot̪e
বালি,"[11, 1, 12, 4, 0, 0, 0, 0, 0, 0, 0, 0, 0, 0, 0, 0, 0, 0]","[['b', 'a'], ['l', 'i']]",bali
করতেন,"[7, 3, 2, 9, 5, 6, 0, 0, 0, 0, 0, 0, 0, 0, 0, 0, 0, 0]","[['k', 'o', 'r'], ['t̪', 'e', 'n']]",kort̪en
কলমে,"[7, 8, 12, 3, 13, 5, 0, 0, 0, 0, 0, 0, 0, 0, 0, 0, 0, 0]","[['k', 'ɔ'], ['l', 'o'], ['m', 'e']]",kɔlome
অন্যতম,"[3, 6, 6, 3, 9, 8, 13, 3, 0, 0, 0, 0, 0, 0, 0, 0, 0, 0]","[['o', 'n'], ['n', 'o'], ['t̪', 'ɔ'], ['m', 'o']]",onnot̪ɔmo
কূটনৈতিক,"[7, 14, 17, 6, 35, 9, 4, 7, 0, 0, 0, 0, 0, 0, 0, 0, 0, 0]","[['k', 'u', 'ʈ'], ['n', 'oi̯'], ['t̪', 'i', 'k']]",kuʈnoi̯t̪ik
ব্যবহারকারীদের,"[11, 29, 11, 3, 21, 1, 2, 7, 1, 2, 4, 16, 5, 2, 0, 0, 0, 0]","[['b', 'æ'], ['b', 'o'], ['h', 'a', 'r'], ['k', 'a'], ['r', 'i'], ['d̪', 'e', 'r']]",bæboharkarid̪er
আরেকবার,"[1, 2, 5, 7, 11, 1, 2, 0, 0, 0, 0, 0, 0, 0, 0, 0, 0, 0]","[['a'], ['r', 'e', 'k'], ['b', 'a', 'r']]",arekbar
টানেল,"[17, 1, 6, 5, 12, 0, 0, 0, 0, 0, 0, 0, 0, 0, 0, 0, 0, 0]","[['ʈ', 'a'], ['n', 'e', 'l']]",ʈanel
কার্যত,"[7, 1, 2, 18, 3, 9, 3, 0, 0, 0, 0, 0, 0, 0, 0, 0, 0, 0]","[['k', 'a', 'r'], ['dʒ', 'o'], ['t̪', 'o']]",kardʒot̪o
লিমিটেডের,"[12, 4, 13, 4, 17, 5, 26, 5, 2, 0, 0, 0, 0, 0, 0, 0, 0, 0]","[['l', 'i'], ['m', 'i'], ['ʈ', 'e'], ['ɖ', 'e', 'r']]",limiʈeɖer
ফোটে,"[27, 3, 17, 5, 0, 0, 0, 0, 0, 0, 0, 0, 0, 0, 0, 0, 0, 0]","[['f', 'o'], ['ʈ', 'e']]",foʈe
মহাকাশে,"[13, 8, 21, 1, 7, 1, 10, 5, 0, 0, 0, 0, 0, 0, 0, 0, 0, 0]","[['m', 'ɔ'], ['h', 'a'], ['k', 'a'], ['ʃ', 'e']]",mɔhakaʃe
চাহিদা,"[22, 1, 21, 4, 16, 1, 0, 0, 0, 0, 0, 0, 0, 0, 0, 0, 0, 0]","[['tʃ', 'a'], ['h', 'i'], ['d̪', 'a']]",tʃahid̪a
সুদর্শন,"[10, 14, 16, 8, 2, 10, 8, 6, 0, 0, 0, 0, 0, 0, 0, 0, 0, 0]","[['ʃ', 'u'], ['d̪', 'ɔ', 'r'], ['ʃ', 'ɔ', 'n']]",ʃud̪ɔrʃɔn
একাডেমিতে,"[29, 7, 1, 26, 5, 13, 4, 9, 5, 0, 0, 0, 0, 0, 0, 0, 0, 0]","[['æ'], ['k', 'a'], ['ɖ', 'e'], ['m', 'i'], ['t̪', 'e']]",ækaɖemit̪e
আমেরিকানরা,"[1, 13, 5, 2, 4, 7, 1, 6, 2, 1, 0, 0, 0, 0, 0, 0, 0, 0]","[['a'], ['m', 'e'], ['r', 'i'], ['k', 'a', 'n'], ['r', 'a']]",amerikanra
শেখার,"[10, 5, 24, 1, 2, 0, 0, 0, 0, 0, 0, 0, 0, 0, 0, 0, 0, 0]","[['ʃ', 'e'], ['kʰ', 'a', 'r']]",ʃekʰar
মতামতের,"[13, 8, 9, 1, 13, 8, 9, 5, 2, 0, 0, 0, 0, 0, 0, 0, 0, 0]","[['m', 'ɔ'], ['t̪', 'a'], ['m', 'ɔ'], ['t̪', 'e', 'r']]",mɔt̪amɔt̪er
আরমান,"[1, 2, 13, 1, 6, 0, 0, 0, 0, 0, 0, 0, 0, 0, 0, 0, 0, 0]","[['a', 'r'], ['m', 'a', 'n']]",arman
হইল,"[21, 35, 12, 3, 0, 0, 0, 0, 0, 0, 0, 0, 0, 0, 0, 0, 0, 0]","[['h', 'oi̯'], ['l', 'o']]",hoi̯lo
বাসিন্দা,"[11, 1, 10, 4, 6, 16, 1, 0, 0, 0, 0, 0, 0, 0, 0, 0, 0, 0]","[['b', 'a'], ['ʃ', 'i', 'n'], ['d̪', 'a']]",baʃind̪a
লেখক,"[12, 5, 24, 3, 7, 0, 0, 0, 0, 0, 0, 0, 0, 0, 0, 0, 0, 0]","[['l', 'e'], ['kʰ', 'o', 'k']]",lekʰok
কেনা,"[7, 5, 6, 1, 0, 0, 0, 0, 0, 0, 0, 0, 0, 0, 0, 0, 0, 0]","[['k', 'e'], ['n', 'a']]",kena
ক্ষতিগ্রস্ত,"[24, 3, 9, 4, 20, 2, 3, 19, 9, 3, 0, 0, 0, 0, 0, 0, 0, 0]","[['kʰ', 'o'], ['t̪', 'i'], ['g', 'r', 'o', 's'], ['t̪', 'o']]",kʰot̪igrost̪o
আপার,"[1, 15, 1, 2, 0, 0, 0, 0, 0, 0, 0, 0, 0, 0, 0, 0, 0, 0]","[['a'], ['p', 'a', 'r']]",apar
সংশোধিত,"[10, 8, 31, 10, 3, 25, 4, 9, 3, 0, 0, 0, 0, 0, 0, 0, 0, 0]","[['ʃ', 'ɔ', 'ŋ'], ['ʃ', 'o'], ['d̪ʱ', 'i'], ['t̪', 'o']]",ʃɔŋʃod̪ʱit̪o
অভিবাদন,"[3, 23, 4, 11, 1, 16, 3, 6, 0, 0, 0, 0, 0, 0, 0, 0, 0, 0]","[['o'], ['bʱ', 'i'], ['b', 'a'], ['d̪', 'o', 'n']]",obʱibad̪on
মিলের,"[13, 4, 12, 5, 2, 0, 0, 0, 0, 0, 0, 0, 0, 0, 0, 0, 0, 0]","[['m', 'i'], ['l', 'e', 'r']]",miler
খ্যাতি,"[24, 29, 9, 4, 0, 0, 0, 0, 0, 0, 0, 0, 0, 0, 0, 0, 0, 0]","[['kʰ', 'æ'], ['t̪', 'i']]",kʰæt̪i
শুরু,"[10, 14, 2, 14, 0, 0, 0, 0, 0, 0, 0, 0, 0, 0, 0, 0, 0, 0]","[['ʃ', 'u'], ['r', 'u']]",ʃuru
রুটির,"[2, 14, 17, 4, 2, 0, 0, 0, 0, 0, 0, 0, 0, 0, 0, 0, 0, 0]","[['r', 'u'], ['ʈ', 'i', 'r']]",ruʈir
কবি,"[7, 3, 11, 4, 0, 0, 0, 0, 0, 0, 0, 0, 0, 0, 0, 0, 0, 0]","[['k', 'o'], ['b', 'i']]",kobi
পেশাগত,"[15, 5, 10, 1, 20, 8, 9, 3, 0, 0, 0, 0, 0, 0, 0, 0, 0, 0]","[['p', 'e'], ['ʃ', 'a'], ['g', 'ɔ'], ['t̪', 'o']]",peʃagɔt̪o
মুজিবনগর,"[13, 14, 18, 4, 11, 6, 8, 20, 3, 2, 0, 0, 0, 0, 0, 0, 0, 0]","[['m', 'u'], ['dʒ', 'i', 'b'], ['n', 'ɔ'], ['g', 'o', 'r']]",mudʒibnɔgor
মেঝেতে,"[13, 5, 42, 5, 9, 5, 0, 0, 0, 0, 0, 0, 0, 0, 0, 0, 0, 0]","[['m', 'e'], ['dʒʱ', 'e'], ['t̪', 'e']]",medʒʱet̪e
সামাজিকভাবে,"[10, 1, 13, 1, 18, 4, 7, 23, 1, 11, 5, 0, 0, 0, 0, 0, 0, 0]","[['ʃ', 'a'], ['m', 'a'], ['dʒ', 'i', 'k'], ['bʱ', 'a'], ['b', 'e']]",ʃamadʒikbʱabe
কীসের,"[7, 4, 10, 5, 2, 0, 0, 0, 0, 0, 0, 0, 0, 0, 0, 0, 0, 0]","[['k', 'i'], ['ʃ', 'e', 'r']]",kiʃer
কথাবার্তা,"[7, 8, 30, 1, 11, 1, 2, 9, 1, 0, 0, 0, 0, 0, 0, 0, 0, 0]","[['k', 'ɔ'], ['t̪ʰ', 'a'], ['b', 'a', 'r'], ['t̪', 'a']]",kɔt̪ʰabart̪a
চলেছি,"[22, 3, 12, 5, 28, 4, 0, 0, 0, 0, 0, 0, 0, 0, 0, 0, 0, 0]","[['tʃ', 'o'], ['l', 'e'], ['tʃʰ', 'i']]",tʃoletʃʰi
ভারতবর্ষে,"[23, 1, 2, 3, 9, 11, 8, 2, 10, 5, 0, 0, 0, 0, 0, 0, 0, 0]","[['bʱ', 'a'], ['r', 'o', 't̪'], ['b', 'ɔ', 'r'], ['ʃ', 'e']]",bʱarot̪bɔrʃe
বাবর,"[11, 1, 11, 3, 2, 0, 0, 0, 0, 0, 0, 0, 0, 0, 0, 0, 0, 0]","[['b', 'a'], ['b', 'o', 'r']]",babor
লেখালেখির,"[12, 5, 24, 1, 12, 5, 24, 4, 2, 0, 0, 0, 0, 0, 0, 0, 0, 0]","[['l', 'e'], ['kʰ', 'a'], ['l', 'e'], ['kʰ', 'i', 'r']]",lekʰalekʰir
আহরণ,"[1, 21, 3, 2, 8, 6, 0, 0, 0, 0, 0, 0, 0, 0, 0, 0, 0, 0]","[['a'], ['h', 'o'], ['r', 'ɔ', 'n']]",ahorɔn
বরগুনা,"[11, 8, 2, 20, 14, 6, 1, 0, 0, 0, 0, 0, 0, 0, 0, 0, 0, 0]","[['b', 'ɔ', 'r'], ['g', 'u'], ['n', 'a']]",bɔrguna
শৈলী,"[10, 35, 12, 4, 0, 0, 0, 0, 0, 0, 0, 0, 0, 0, 0, 0, 0, 0]","[['ʃ', 'oi̯'], ['l', 'i']]",ʃoi̯li
পাবলিক,"[15, 1, 11, 12, 4, 7, 0, 0, 0, 0, 0, 0, 0, 0, 0, 0, 0, 0]","[['p', 'a', 'b'], ['l', 'i', 'k']]",pablik
কালাম,"[7, 1, 12, 1, 13, 0, 0, 0, 0, 0, 0, 0, 0, 0, 0, 0, 0, 0]","[['k', 'a'], ['l', 'a', 'm']]",kalam
মালিকদের,"[13, 1, 12, 4, 7, 16, 5, 2, 0, 0, 0, 0, 0, 0, 0, 0, 0, 0]","[['m', 'a'], ['l', 'i', 'k'], ['d̪', 'e', 'r']]",malikd̪er
পরামর্শে,"[15, 8, 2, 1, 13, 8, 2, 10, 5, 0, 0, 0, 0, 0, 0, 0, 0, 0]","[['p', 'ɔ'], ['r', 'a'], ['m', 'ɔ', 'r'], ['ʃ', 'e']]",pɔramɔrʃe
চারপাশ,"[22, 1, 2, 15, 1, 10, 0, 0, 0, 0, 0, 0, 0, 0, 0, 0, 0, 0]","[['tʃ', 'a', 'r'], ['p', 'a', 'ʃ']]",tʃarpaʃ
সীমা,"[10, 4, 13, 1, 0, 0, 0, 0, 0, 0, 0, 0, 0, 0, 0, 0, 0, 0]","[['ʃ', 'i'], ['m', 'a']]",ʃima
ডিসেম্বরের,"[26, 4, 19, 5, 13, 11, 8, 2, 5, 2, 0, 0, 0, 0, 0, 0, 0, 0]","[['ɖ', 'i'], ['s', 'e', 'm'], ['b', 'ɔ'], ['r', 'e', 'r']]",ɖisembɔrer
পৌঁছানো,"[15, 38, 28, 1, 6, 3, 0, 0, 0, 0, 0, 0, 0, 0, 0, 0, 0, 0]","[['p', 'ou̯'], ['tʃʰ', 'a'], ['n', 'o']]",pou̯tʃʰano
সালেহ,"[19, 1, 12, 5, 21, 0, 0, 0, 0, 0, 0, 0, 0, 0, 0, 0, 0, 0]","[['s', 'a'], ['l', 'e', 'h']]",saleh
অত্যাধুনিক,"[3, 9, 9, 1, 25, 14, 6, 4, 7, 0, 0, 0, 0, 0, 0, 0, 0, 0]","[['o', 't̪'], ['t̪', 'a'], ['d̪ʱ', 'u'], ['n', 'i', 'k']]",ot̪t̪ad̪ʱunik
উপাচার্যের,"[14, 15, 1, 22, 1, 2, 18, 5, 2, 0, 0, 0, 0, 0, 0, 0, 0, 0]","[['u'], ['p', 'a'], ['tʃ', 'a', 'r'], ['dʒ', 'e', 'r']]",upatʃardʒer
সাধু,"[10, 1, 25, 14, 0, 0, 0, 0, 0, 0, 0, 0, 0, 0, 0, 0, 0, 0]","[['ʃ', 'a'], ['d̪ʱ', 'u']]",ʃad̪ʱu
পুরোটা,"[15, 14, 2, 3, 17, 1, 0, 0, 0, 0, 0, 0, 0, 0, 0, 0, 0, 0]","[['p', 'u'], ['r', 'o'], ['ʈ', 'a']]",puroʈa
প্রতারিত,"[15, 2, 3, 9, 1, 2, 4, 9, 3, 0, 0, 0, 0, 0, 0, 0, 0, 0]","[['p', 'r', 'o'], ['t̪', 'a'], ['r', 'i'], ['t̪', 'o']]",prot̪arit̪o
ঘৃণার,"[34, 2, 4, 6, 1, 2, 0, 0, 0, 0, 0, 0, 0, 0, 0, 0, 0, 0]","[['gʱ', 'r', 'i'], ['n', 'a', 'r']]",gʱrinar
রানে,"[2, 1, 6, 5, 0, 0, 0, 0, 0, 0, 0, 0, 0, 0, 0, 0, 0, 0]","[['r', 'a'], ['n', 'e']]",rane
জনকে,"[18, 8, 6, 7, 5, 0, 0, 0, 0, 0, 0, 0, 0, 0, 0, 0, 0, 0]","[['dʒ', 'ɔ', 'n'], ['k', 'e']]",dʒɔnke
অপারেটিং,"[8, 15, 1, 2, 5, 17, 4, 31, 0, 0, 0, 0, 0, 0, 0, 0, 0, 0]","[['ɔ'], ['p', 'a'], ['r', 'e'], ['ʈ', 'i', 'ŋ']]",ɔpareʈiŋ
শুরুর,"[10, 14, 2, 14, 2, 0, 0, 0, 0, 0, 0, 0, 0, 0, 0, 0, 0, 0]","[['ʃ', 'u'], ['r', 'u', 'r']]",ʃurur
প্রত্যেকের,"[15, 2, 3, 9, 9, 5, 7, 5, 2, 0, 0, 0, 0, 0, 0, 0, 0, 0]","[['p', 'r', 'o', 't̪'], ['t̪', 'e'], ['k', 'e', 'r']]",prot̪t̪eker
বৈষম্য,"[11, 35, 10, 8, 13, 13, 3, 0, 0, 0, 0, 0, 0, 0, 0, 0, 0, 0]","[['b', 'oi̯'], ['ʃ', 'ɔ', 'm'], ['m', 'o']]",boi̯ʃɔmmo
মহিলার,"[13, 3, 21, 4, 12, 1, 2, 0, 0, 0, 0, 0, 0, 0, 0, 0, 0, 0]","[['m', 'o'], ['h', 'i'], ['l', 'a', 'r']]",mohilar
বিপক্ষে,"[11, 4, 15, 8, 7, 24, 5, 0, 0, 0, 0, 0, 0, 0, 0, 0, 0, 0]","[['b', 'i'], ['p', 'ɔ', 'k'], ['kʰ', 'e']]",bipɔkkʰe
মর্যাদার,"[13, 8, 2, 18, 1, 16, 1, 2, 0, 0, 0, 0, 0, 0, 0, 0, 0, 0]","[['m', 'ɔ', 'r'], ['dʒ', 'a'], ['d̪', 'a', 'r']]",mɔrdʒad̪ar
অংশগ্রহণকারী,"[8, 31, 10, 3, 20, 2, 3, 21, 3, 6, 7, 1, 2, 4, 0, 0, 0, 0]","[['ɔ', 'ŋ'], ['ʃ', 'o'], ['g', 'r', 'o'], ['h', 'o', 'n'], ['k', 'a'], ['r', 'i']]",ɔŋʃogrohonkari
রবীন্দ্র,"[2, 3, 11, 4, 6, 16, 2, 3, 0, 0, 0, 0, 0, 0, 0, 0, 0, 0]","[['r', 'o'], ['b', 'i', 'n'], ['d̪', 'r', 'o']]",robind̪ro
এরপরেও,"[5, 2, 15, 8, 2, 37, 0, 0, 0, 0, 0, 0, 0, 0, 0, 0, 0, 0]","[['e', 'r'], ['p', 'ɔ'], ['r', 'eo̯']]",erpɔreo̯
পলিটেকনিক,"[15, 8, 12, 4, 17, 5, 7, 6, 4, 7, 0, 0, 0, 0, 0, 0, 0, 0]","[['p', 'ɔ'], ['l', 'i'], ['ʈ', 'e', 'k'], ['n', 'i', 'k']]",pɔliʈeknik
তোমরাই,"[9, 3, 13, 2, 32, 0, 0, 0, 0, 0, 0, 0, 0, 0, 0, 0, 0, 0]","[['t̪', 'o', 'm'], ['r', 'ai̯']]",t̪omrai̯
চাঁদপুরের,"[22, 1, 16, 15, 14, 2, 5, 2, 0, 0, 0, 0, 0, 0, 0, 0, 0, 0]","[['tʃ', 'a', 'd̪'], ['p', 'u'], ['r', 'e', 'r']]",tʃad̪purer
পুনর্গঠন,"[15, 14, 6, 3, 2, 20, 8, 36, 3, 6, 0, 0, 0, 0, 0, 0, 0, 0]","[['p', 'u'], ['n', 'o', 'r'], ['g', 'ɔ'], ['ʈʰ', 'o', 'n']]",punorgɔʈʰon
অপকর্ম,"[8, 15, 3, 7, 8, 2, 13, 3, 0, 0, 0, 0, 0, 0, 0, 0, 0, 0]","[['ɔ'], ['p', 'o'], ['k', 'ɔ', 'r'], ['m', 'o']]",ɔpokɔrmo
লিংকন,"[12, 4, 31, 7, 3, 6, 0, 0, 0, 0, 0, 0, 0, 0, 0, 0, 0, 0]","[['l', 'i', 'ŋ'], ['k', 'o', 'n']]",liŋkon
জাগরণ,"[18, 1, 20, 3, 2, 3, 6, 0, 0, 0, 0, 0, 0, 0, 0, 0, 0, 0]","[['dʒ', 'a'], ['g', 'o'], ['r', 'o', 'n']]",dʒagoron
কণা,"[7, 8, 6, 1, 0, 0, 0, 0, 0, 0, 0, 0, 0, 0, 0, 0, 0, 0]","[['k', 'ɔ'], ['n', 'a']]",kɔna
তুষারপাত,"[9, 14, 10, 1, 2, 15, 1, 9, 0, 0, 0, 0, 0, 0, 0, 0, 0, 0]","[['t̪', 'u'], ['ʃ', 'a', 'r'], ['p', 'a', 't̪']]",t̪uʃarpat̪
পুরুষরা,"[15, 14, 2, 14, 10, 2, 1, 0, 0, 0, 0, 0, 0, 0, 0, 0, 0, 0]","[['p', 'u'], ['r', 'u', 'ʃ'], ['r', 'a']]",puruʃra
অভিযানের,"[3, 23, 4, 18, 1, 6, 5, 2, 0, 0, 0, 0, 0, 0, 0, 0, 0, 0]","[['o'], ['bʱ', 'i'], ['dʒ', 'a'], ['n', 'e', 'r']]",obʱidʒaner
আলোকিত,"[1, 12, 3, 7, 4, 9, 3, 0, 0, 0, 0, 0, 0, 0, 0, 0, 0, 0]","[['a'], ['l', 'o'], ['k', 'i'], ['t̪', 'o']]",alokit̪o
আসামীকে,"[1, 10, 1, 13, 4, 7, 5, 0, 0, 0, 0, 0, 0, 0, 0, 0, 0, 0]","[['a'], ['ʃ', 'a'], ['m', 'i'], ['k', 'e']]",aʃamike
উৎসব,"[14, 9, 10, 8, 11, 0, 0, 0, 0, 0, 0, 0, 0, 0, 0, 0, 0, 0]","[['u', 't̪'], ['ʃ', 'ɔ', 'b']]",ut̪ʃɔb
দৈনিক,"[16, 35, 6, 4, 7, 0, 0, 0, 0, 0, 0, 0, 0, 0, 0, 0, 0, 0]","[['d̪', 'oi̯'], ['n', 'i', 'k']]",d̪oi̯nik
হোসেনকে,"[21, 3, 19, 5, 6, 7, 5, 0, 0, 0, 0, 0, 0, 0, 0, 0, 0, 0]","[['h', 'o'], ['s', 'e', 'n'], ['k', 'e']]",hosenke
সাপের,"[10, 1, 15, 5, 2, 0, 0, 0, 0, 0, 0, 0, 0, 0, 0, 0, 0, 0]","[['ʃ', 'a'], ['p', 'e', 'r']]",ʃaper
সালমান,"[19, 1, 12, 13, 1, 6, 0, 0, 0, 0, 0, 0, 0, 0, 0, 0, 0, 0]","[['s', 'a', 'l'], ['m', 'a', 'n']]",salman
সমস্যাটি,"[10, 8, 13, 3, 10, 10, 1, 17, 4, 0, 0, 0, 0, 0, 0, 0, 0, 0]","[['ʃ', 'ɔ'], ['m', 'o', 'ʃ'], ['ʃ', 'a'], ['ʈ', 'i']]",ʃɔmoʃʃaʈi
ব্যারেল,"[11, 29, 2, 5, 12, 0, 0, 0, 0, 0, 0, 0, 0, 0, 0, 0, 0, 0]","[['b', 'æ'], ['r', 'e', 'l']]",bærel
ব্রুস,"[11, 2, 14, 19, 0, 0, 0, 0, 0, 0, 0, 0, 0, 0, 0, 0, 0, 0]","[['b', 'r', 'u', 's']]",brus
প্রবৃদ্ধির,"[15, 2, 3, 11, 2, 4, 16, 25, 4, 2, 0, 0, 0, 0, 0, 0, 0, 0]","[['p', 'r', 'o'], ['b', 'r', 'i', 'd̪'], ['d̪ʱ', 'i', 'r']]",probrid̪d̪ʱir
শিরোনামে,"[10, 4, 2, 3, 6, 1, 13, 5, 0, 0, 0, 0, 0, 0, 0, 0, 0, 0]","[['ʃ', 'i'], ['r', 'o'], ['n', 'a'], ['m', 'e']]",ʃironame
অংশগ্রহণের,"[8, 31, 10, 3, 20, 2, 3, 21, 3, 6, 5, 2, 0, 0, 0, 0, 0, 0]","[['ɔ', 'ŋ'], ['ʃ', 'o'], ['g', 'r', 'o'], ['h', 'o'], ['n', 'e', 'r']]",ɔŋʃogrohoner
প্রবর্তিত,"[15, 2, 3, 11, 3, 2, 9, 4, 9, 3, 0, 0, 0, 0, 0, 0, 0, 0]","[['p', 'r', 'o'], ['b', 'o', 'r'], ['t̪', 'i'], ['t̪', 'o']]",probort̪it̪o
অপছন্দ,"[8, 15, 8, 28, 3, 6, 16, 3, 0, 0, 0, 0, 0, 0, 0, 0, 0, 0]","[['ɔ'], ['p', 'ɔ'], ['tʃʰ', 'o', 'n'], ['d̪', 'o']]",ɔpɔtʃʰond̪o
মালিকের,"[13, 1, 12, 4, 7, 5, 2, 0, 0, 0, 0, 0, 0, 0, 0, 0, 0, 0]","[['m', 'a'], ['l', 'i'], ['k', 'e', 'r']]",maliker
বৃটিশ,"[11, 2, 4, 17, 4, 10, 0, 0, 0, 0, 0, 0, 0, 0, 0, 0, 0, 0]","[['b', 'r', 'i'], ['ʈ', 'i', 'ʃ']]",briʈiʃ
দালাল,"[16, 1, 12, 1, 12, 0, 0, 0, 0, 0, 0, 0, 0, 0, 0, 0, 0, 0]","[['d̪', 'a'], ['l', 'a', 'l']]",d̪alal
মতিউর,"[13, 3, 9, 4, 14, 2, 0, 0, 0, 0, 0, 0, 0, 0, 0, 0, 0, 0]","[['m', 'o'], ['t̪', 'i'], ['u', 'r']]",mot̪iur
দলে,"[16, 8, 12, 5, 0, 0, 0, 0, 0, 0, 0, 0, 0, 0, 0, 0, 0, 0]","[['d̪', 'ɔ'], ['l', 'e']]",d̪ɔle
কলার,"[7, 8, 12, 1, 2, 0, 0, 0, 0, 0, 0, 0, 0, 0, 0, 0, 0, 0]","[['k', 'ɔ'], ['l', 'a', 'r']]",kɔlar
এক্সপার্ট,"[5, 7, 19, 15, 1, 2, 17, 0, 0, 0, 0, 0, 0, 0, 0, 0, 0, 0]","[['e', 'k', 's'], ['p', 'a', 'r', 'ʈ']]",eksparʈ
ভগবানের,"[23, 8, 20, 3, 11, 1, 6, 5, 2, 0, 0, 0, 0, 0, 0, 0, 0, 0]","[['bʱ', 'ɔ'], ['g', 'o'], ['b', 'a'], ['n', 'e', 'r']]",bʱɔgobaner
কর্মীকে,"[7, 3, 2, 13, 4, 7, 5, 0, 0, 0, 0, 0, 0, 0, 0, 0, 0, 0]","[['k', 'o', 'r'], ['m', 'i'], ['k', 'e']]",kormike
আসমা,"[1, 19, 13, 1, 0, 0, 0, 0, 0, 0, 0, 0, 0, 0, 0, 0, 0, 0]","[['a', 's'], ['m', 'a']]",asma
নিঃস্ব,"[6, 4, 10, 10, 3, 0, 0, 0, 0, 0, 0, 0, 0, 0, 0, 0, 0, 0]","[['n', 'i', 'ʃ'], ['ʃ', 'o']]",niʃʃo
লরি,"[12, 8, 2, 4, 0, 0, 0, 0, 0, 0, 0, 0, 0, 0, 0, 0, 0, 0]","[['l', 'ɔ'], ['r', 'i']]",lɔri
সমকামী,"[10, 8, 13, 3, 7, 1, 13, 4, 0, 0, 0, 0, 0, 0, 0, 0, 0, 0]","[['ʃ', 'ɔ'], ['m', 'o'], ['k', 'a'], ['m', 'i']]",ʃɔmokami
রাজশাহীতে,"[2, 1, 18, 10, 1, 21, 4, 9, 5, 0, 0, 0, 0, 0, 0, 0, 0, 0]","[['r', 'a', 'dʒ'], ['ʃ', 'a'], ['h', 'i'], ['t̪', 'e']]",radʒʃahit̪e
পরিবেষ্টিত,"[15, 3, 2, 4, 11, 5, 10, 17, 4, 9, 3, 0, 0, 0, 0, 0, 0, 0]","[['p', 'o'], ['r', 'i'], ['b', 'e', 'ʃ'], ['ʈ', 'i'], ['t̪', 'o']]",poribeʃʈit̪o
খাদিজা,"[24, 1, 16, 4, 18, 1, 0, 0, 0, 0, 0, 0, 0, 0, 0, 0, 0, 0]","[['kʰ', 'a'], ['d̪', 'i'], ['dʒ', 'a']]",kʰad̪idʒa
ক্ষুধার্ত,"[24, 14, 25, 1, 2, 9, 3, 0, 0, 0, 0, 0, 0, 0, 0, 0, 0, 0]","[['kʰ', 'u'], ['d̪ʱ', 'a', 'r'], ['t̪', 'o']]",kʰud̪ʱart̪o
উপকারী,"[14, 15, 3, 7, 1, 2, 4, 0, 0, 0, 0, 0, 0, 0, 0, 0, 0, 0]","[['u'], ['p', 'o'], ['k', 'a'], ['r', 'i']]",upokari
ভাবতেই,"[23, 1, 11, 9, 33, 0, 0, 0, 0, 0, 0, 0, 0, 0, 0, 0, 0, 0]","[['bʱ', 'a', 'b'], ['t̪', 'ei̯']]",bʱabt̪ei̯
বিদ্রোহীদের,"[11, 4, 16, 2, 3, 21, 4, 16, 5, 2, 0, 0, 0, 0, 0, 0, 0, 0]","[['b', 'i', 'd̪'], ['r', 'o'], ['h', 'i'], ['d̪', 'e', 'r']]",bid̪rohid̪er
নামটি,"[6, 1, 13, 17, 4, 0, 0, 0, 0, 0, 0, 0, 0, 0, 0, 0, 0, 0]","[['n', 'a', 'm'], ['ʈ', 'i']]",namʈi
আজকের,"[1, 18, 7, 5, 2, 0, 0, 0, 0, 0, 0, 0, 0, 0, 0, 0, 0, 0]","[['a', 'dʒ'], ['k', 'e', 'r']]",adʒker
ডাটা,"[26, 1, 17, 1, 0, 0, 0, 0, 0, 0, 0, 0, 0, 0, 0, 0, 0, 0]","[['ɖ', 'a'], ['ʈ', 'a']]",ɖaʈa
পৌঁছান,"[15, 38, 28, 1, 6, 0, 0, 0, 0, 0, 0, 0, 0, 0, 0, 0, 0, 0]","[['p', 'ou̯'], ['tʃʰ', 'a', 'n']]",pou̯tʃʰan
সিন্ডিকেট,"[19, 4, 6, 26, 4, 7, 5, 17, 0, 0, 0, 0, 0, 0, 0, 0, 0, 0]","[['s', 'i', 'n'], ['ɖ', 'i'], ['k', 'e', 'ʈ']]",sinɖikeʈ
প্রস্তুতিমূলক,"[15, 2, 3, 19, 9, 14, 9, 4, 13, 14, 12, 8, 7, 0, 0, 0, 0, 0]","[['p', 'r', 'o', 's'], ['t̪', 'u'], ['t̪', 'i'], ['m', 'u'], ['l', 'ɔ', 'k']]",prost̪ut̪imulɔk
অধিদপ্তরের,"[3, 25, 4, 16, 8, 15, 9, 8, 2, 5, 2, 0, 0, 0, 0, 0, 0, 0]","[['o'], ['d̪ʱ', 'i'], ['d̪', 'ɔ', 'p'], ['t̪', 'ɔ'], ['r', 'e', 'r']]",od̪ʱid̪ɔpt̪ɔrer
রোডের,"[2, 3, 26, 5, 2, 0, 0, 0, 0, 0, 0, 0, 0, 0, 0, 0, 0, 0]","[['r', 'o'], ['ɖ', 'e', 'r']]",roɖer
আজারবাইজান,"[1, 18, 1, 2, 11, 32, 18, 1, 6, 0, 0, 0, 0, 0, 0, 0, 0, 0]","[['a'], ['dʒ', 'a', 'r'], ['b', 'ai̯'], ['dʒ', 'a', 'n']]",adʒarbai̯dʒan
বাণিজ্যের,"[11, 1, 6, 4, 18, 18, 5, 2, 0, 0, 0, 0, 0, 0, 0, 0, 0, 0]","[['b', 'a'], ['n', 'i', 'dʒ'], ['dʒ', 'e', 'r']]",banidʒdʒer
আল্লামা,"[1, 12, 12, 1, 13, 1, 0, 0, 0, 0, 0, 0, 0, 0, 0, 0, 0, 0]","[['a', 'l'], ['l', 'a'], ['m', 'a']]",allama
প্রাগৈতিহাসিক,"[15, 2, 1, 20, 35, 9, 4, 21, 1, 10, 4, 7, 0, 0, 0, 0, 0, 0]","[['p', 'r', 'a', 'g'], ['oi̯'], ['t̪', 'i'], ['h', 'a'], ['ʃ', 'i', 'k']]",pragoi̯t̪ihaʃik
মানবতাবিরোধী,"[13, 1, 6, 3, 11, 8, 9, 1, 11, 4, 2, 3, 25, 4, 0, 0, 0, 0]","[['m', 'a'], ['n', 'o'], ['b', 'ɔ'], ['t̪', 'a'], ['b', 'i'], ['r', 'o'], ['d̪ʱ', 'i']]",manobɔt̪abirod̪ʱi
গভর্নর,"[20, 8, 23, 3, 2, 6, 8, 2, 0, 0, 0, 0, 0, 0, 0, 0, 0, 0]","[['g', 'ɔ'], ['bʱ', 'o', 'r'], ['n', 'ɔ', 'r']]",gɔbʱornɔr
মোরা,"[13, 3, 2, 1, 0, 0, 0, 0, 0, 0, 0, 0, 0, 0, 0, 0, 0, 0]","[['m', 'o'], ['r', 'a']]",mora
এডি,"[5, 26, 4, 0, 0, 0, 0, 0, 0, 0, 0, 0, 0, 0, 0, 0, 0, 0]","[['e'], ['ɖ', 'i']]",eɖi
মলে,"[13, 8, 12, 5, 0, 0, 0, 0, 0, 0, 0, 0, 0, 0, 0, 0, 0, 0]","[['m', 'ɔ'], ['l', 'e']]",mɔle
মার্কেটিং,"[13, 1, 2, 7, 5, 17, 4, 31, 0, 0, 0, 0, 0, 0, 0, 0, 0, 0]","[['m', 'a', 'r'], ['k', 'e'], ['ʈ', 'i', 'ŋ']]",markeʈiŋ
লাগাতে,"[12, 1, 20, 1, 9, 5, 0, 0, 0, 0, 0, 0, 0, 0, 0, 0, 0, 0]","[['l', 'a'], ['g', 'a'], ['t̪', 'e']]",lagat̪e
তালিকার,"[9, 1, 12, 4, 7, 1, 2, 0, 0, 0, 0, 0, 0, 0, 0, 0, 0, 0]","[['t̪', 'a'], ['l', 'i'], ['k', 'a', 'r']]",t̪alikar
অনু,"[3, 6, 14, 0, 0, 0, 0, 0, 0, 0, 0, 0, 0, 0, 0, 0, 0, 0]","[['o'], ['n', 'u']]",onu
অপেক্ষা,"[8, 15, 5, 7, 24, 1, 0, 0, 0, 0, 0, 0, 0, 0, 0, 0, 0, 0]","[['ɔ'], ['p', 'e', 'k'], ['kʰ', 'a']]",ɔpekkʰa
যাচ্ছিলো,"[18, 1, 22, 28, 4, 12, 3, 0, 0, 0, 0, 0, 0, 0, 0, 0, 0, 0]","[['dʒ', 'a', 'tʃ'], ['tʃʰ', 'i'], ['l', 'o']]",dʒatʃtʃʰilo
বাসিন্দাদের,"[11, 1, 10, 4, 6, 16, 1, 16, 5, 2, 0, 0, 0, 0, 0, 0, 0, 0]","[['b', 'a'], ['ʃ', 'i', 'n'], ['d̪', 'a'], ['d̪', 'e', 'r']]",baʃind̪ad̪er
তেজগাঁও,"[9, 5, 18, 20, 39, 0, 0, 0, 0, 0, 0, 0, 0, 0, 0, 0, 0, 0]","[['t̪', 'e', 'dʒ'], ['g', 'ao̯']]",t̪edʒgao̯
ঝুঁকিপূর্ণ,"[42, 14, 7, 4, 15, 14, 2, 6, 3, 0, 0, 0, 0, 0, 0, 0, 0, 0]","[['dʒʱ', 'u'], ['k', 'i'], ['p', 'u', 'r'], ['n', 'o']]",dʒʱukipurno
সবটুকু,"[10, 8, 11, 17, 14, 7, 14, 0, 0, 0, 0, 0, 0, 0, 0, 0, 0, 0]","[['ʃ', 'ɔ', 'b'], ['ʈ', 'u'], ['k', 'u']]",ʃɔbʈuku
সবার,"[10, 8, 11, 1, 2, 0, 0, 0, 0, 0, 0, 0, 0, 0, 0, 0, 0, 0]","[['ʃ', 'ɔ'], ['b', 'a', 'r']]",ʃɔbar
পাবার,"[15, 1, 11, 1, 2, 0, 0, 0, 0, 0, 0, 0, 0, 0, 0, 0, 0, 0]","[['p', 'a'], ['b', 'a', 'r']]",pabar
অংশবিশেষ,"[8, 31, 10, 3, 11, 4, 10, 5, 10, 0, 0, 0, 0, 0, 0, 0, 0, 0]","[['ɔ', 'ŋ'], ['ʃ', 'o'], ['b', 'i'], ['ʃ', 'e', 'ʃ']]",ɔŋʃobiʃeʃ
ওনারা,"[3, 6, 1, 2, 1, 0, 0, 0, 0, 0, 0, 0, 0, 0, 0, 0, 0, 0]","[['o'], ['n', 'a'], ['r', 'a']]",onara
আদম,"[1, 16, 3, 13, 0, 0, 0, 0, 0, 0, 0, 0, 0, 0, 0, 0, 0, 0]","[['a'], ['d̪', 'o', 'm']]",ad̪om
ধরুন,"[25, 3, 2, 14, 6, 0, 0, 0, 0, 0, 0, 0, 0, 0, 0, 0, 0, 0]","[['d̪ʱ', 'o'], ['r', 'u', 'n']]",d̪ʱorun
কর্মচারীর,"[7, 8, 2, 13, 3, 22, 1, 2, 4, 2, 0, 0, 0, 0, 0, 0, 0, 0]","[['k', 'ɔ', 'r'], ['m', 'o'], ['tʃ', 'a'], ['r', 'i', 'r']]",kɔrmotʃarir
কারাগারে,"[7, 1, 2, 1, 20, 1, 2, 5, 0, 0, 0, 0, 0, 0, 0, 0, 0, 0]","[['k', 'a'], ['r', 'a'], ['g', 'a'], ['r', 'e']]",karagare
রাসুল,"[2, 1, 19, 14, 12, 0, 0, 0, 0, 0, 0, 0, 0, 0, 0, 0, 0, 0]","[['r', 'a'], ['s', 'u', 'l']]",rasul
নাবিক,"[6, 1, 11, 4, 7, 0, 0, 0, 0, 0, 0, 0, 0, 0, 0, 0, 0, 0]","[['n', 'a'], ['b', 'i', 'k']]",nabik
সুসজ্জিত,"[10, 14, 10, 3, 18, 18, 4, 9, 3, 0, 0, 0, 0, 0, 0, 0, 0, 0]","[['ʃ', 'u'], ['ʃ', 'o', 'dʒ'], ['dʒ', 'i'], ['t̪', 'o']]",ʃuʃodʒdʒit̪o
টেলিফোন,"[17, 5, 12, 4, 27, 3, 6, 0, 0, 0, 0, 0, 0, 0, 0, 0, 0, 0]","[['ʈ', 'e'], ['l', 'i'], ['f', 'o', 'n']]",ʈelifon
শোনো,"[10, 3, 6, 3, 0, 0, 0, 0, 0, 0, 0, 0, 0, 0, 0, 0, 0, 0]","[['ʃ', 'o'], ['n', 'o']]",ʃono
বাঁধার,"[11, 1, 25, 1, 2, 0, 0, 0, 0, 0, 0, 0, 0, 0, 0, 0, 0, 0]","[['b', 'a'], ['d̪ʱ', 'a', 'r']]",bad̪ʱar
অবমাননা,"[8, 11, 3, 13, 1, 6, 3, 6, 1, 0, 0, 0, 0, 0, 0, 0, 0, 0]","[['ɔ'], ['b', 'o'], ['m', 'a'], ['n', 'o'], ['n', 'a']]",ɔbomanona
উঠেছিল,"[14, 36, 5, 28, 4, 12, 3, 0, 0, 0, 0, 0, 0, 0, 0, 0, 0, 0]","[['u'], ['ʈʰ', 'e'], ['tʃʰ', 'i'], ['l', 'o']]",uʈʰetʃʰilo
তত্ত্বাবধান,"[9, 8, 9, 9, 1, 11, 8, 25, 1, 6, 0, 0, 0, 0, 0, 0, 0, 0]","[['t̪', 'ɔ', 't̪'], ['t̪', 'a'], ['b', 'ɔ'], ['d̪ʱ', 'a', 'n']]",t̪ɔt̪t̪abɔd̪ʱan
আপনারই,"[1, 15, 6, 1, 2, 4, 0, 0, 0, 0, 0, 0, 0, 0, 0, 0, 0, 0]","[['a', 'p'], ['n', 'a', 'r'], ['i']]",apnari
গুলোতে,"[20, 14, 12, 3, 9, 5, 0, 0, 0, 0, 0, 0, 0, 0, 0, 0, 0, 0]","[['g', 'u'], ['l', 'o'], ['t̪', 'e']]",gulot̪e
দূতাবাস,"[16, 14, 9, 1, 11, 1, 10, 0, 0, 0, 0, 0, 0, 0, 0, 0, 0, 0]","[['d̪', 'u'], ['t̪', 'a'], ['b', 'a', 'ʃ']]",d̪ut̪abaʃ
নিষ্ঠুরতা,"[6, 4, 10, 36, 14, 2, 8, 9, 1, 0, 0, 0, 0, 0, 0, 0, 0, 0]","[['n', 'i', 'ʃ'], ['ʈʰ', 'u'], ['r', 'ɔ'], ['t̪', 'a']]",niʃʈʰurɔt̪a
বাজান,"[11, 1, 18, 1, 6, 0, 0, 0, 0, 0, 0, 0, 0, 0, 0, 0, 0, 0]","[['b', 'a'], ['dʒ', 'a', 'n']]",badʒan
মুর্শিদাবাদ,"[13, 14, 2, 10, 4, 16, 1, 11, 1, 16, 0, 0, 0, 0, 0, 0, 0, 0]","[['m', 'u', 'r'], ['ʃ', 'i'], ['d̪', 'a'], ['b', 'a', 'd̪']]",murʃid̪abad̪
জেরেমি,"[18, 5, 2, 5, 13, 4, 0, 0, 0, 0, 0, 0, 0, 0, 0, 0, 0, 0]","[['dʒ', 'e'], ['r', 'e'], ['m', 'i']]",dʒeremi
অনুপস্থিতি,"[8, 6, 14, 15, 3, 19, 30, 4, 9, 4, 0, 0, 0, 0, 0, 0, 0, 0]","[['ɔ'], ['n', 'u'], ['p', 'o', 's'], ['t̪ʰ', 'i'], ['t̪', 'i']]",ɔnupost̪ʰit̪i
অনুসন্ধানে,"[3, 6, 14, 10, 8, 6, 25, 1, 6, 5, 0, 0, 0, 0, 0, 0, 0, 0]","[['o'], ['n', 'u'], ['ʃ', 'ɔ', 'n'], ['d̪ʱ', 'a'], ['n', 'e']]",onuʃɔnd̪ʱane
সর্ববৃহৎ,"[10, 8, 2, 11, 3, 11, 2, 4, 21, 8, 9, 0, 0, 0, 0, 0, 0, 0]","[['ʃ', 'ɔ', 'r'], ['b', 'o'], ['b', 'r', 'i'], ['h', 'ɔ', 't̪']]",ʃɔrbobrihɔt̪
ছাতক,"[28, 1, 9, 3, 7, 0, 0, 0, 0, 0, 0, 0, 0, 0, 0, 0, 0, 0]","[['tʃʰ', 'a'], ['t̪', 'o', 'k']]",tʃʰat̪ok
আরাকান,"[1, 2, 1, 7, 1, 6, 0, 0, 0, 0, 0, 0, 0, 0, 0, 0, 0, 0]","[['a'], ['r', 'a'], ['k', 'a', 'n']]",arakan
বুকে,"[11, 14, 7, 5, 0, 0, 0, 0, 0, 0, 0, 0, 0, 0, 0, 0, 0, 0]","[['b', 'u'], ['k', 'e']]",buke
সংযোজন,"[19, 8, 31, 18, 3, 18, 8, 6, 0, 0, 0, 0, 0, 0, 0, 0, 0, 0]","[['s', 'ɔ', 'ŋ'], ['dʒ', 'o'], ['dʒ', 'ɔ', 'n']]",sɔŋdʒodʒɔn
সংলাপের,"[10, 8, 31, 12, 1, 15, 5, 2, 0, 0, 0, 0, 0, 0, 0, 0, 0, 0]","[['ʃ', 'ɔ', 'ŋ'], ['l', 'a'], ['p', 'e', 'r']]",ʃɔŋlaper
চাইছিল,"[22, 32, 28, 4, 12, 3, 0, 0, 0, 0, 0, 0, 0, 0, 0, 0, 0, 0]","[['tʃ', 'ai̯'], ['tʃʰ', 'i'], ['l', 'o']]",tʃai̯tʃʰilo
কঠোরভাবে,"[7, 8, 36, 3, 2, 23, 1, 11, 5, 0, 0, 0, 0, 0, 0, 0, 0, 0]","[['k', 'ɔ'], ['ʈʰ', 'o', 'r'], ['bʱ', 'a'], ['b', 'e']]",kɔʈʰorbʱabe
পরিবারসহ,"[15, 3, 2, 4, 11, 1, 2, 10, 8, 21, 3, 0, 0, 0, 0, 0, 0, 0]","[['p', 'o'], ['r', 'i'], ['b', 'a', 'r'], ['ʃ', 'ɔ'], ['h', 'o']]",poribarʃɔho
সেরা,"[10, 5, 2, 1, 0, 0, 0, 0, 0, 0, 0, 0, 0, 0, 0, 0, 0, 0]","[['ʃ', 'e'], ['r', 'a']]",ʃera
সুনামগঞ্জের,"[10, 14, 6, 1, 13, 20, 8, 6, 18, 5, 2, 0, 0, 0, 0, 0, 0, 0]","[['ʃ', 'u'], ['n', 'a', 'm'], ['g', 'ɔ', 'n'], ['dʒ', 'e', 'r']]",ʃunamgɔndʒer
স্থলাভিষিক্ত,"[19, 30, 8, 12, 1, 23, 4, 10, 4, 7, 9, 3, 0, 0, 0, 0, 0, 0]","[['s', 't̪ʰ', 'ɔ'], ['l', 'a'], ['bʱ', 'i'], ['ʃ', 'i', 'k'], ['t̪', 'o']]",st̪ʰɔlabʱiʃikt̪o
আমেরিকান,"[1, 13, 5, 2, 4, 7, 1, 6, 0, 0, 0, 0, 0, 0, 0, 0, 0, 0]","[['a'], ['m', 'e'], ['r', 'i'], ['k', 'a', 'n']]",amerikan
লিখতে,"[12, 4, 24, 9, 5, 0, 0, 0, 0, 0, 0, 0, 0, 0, 0, 0, 0, 0]","[['l', 'i', 'kʰ'], ['t̪', 'e']]",likʰt̪e
পাঁচজনের,"[15, 1, 22, 18, 3, 6, 5, 2, 0, 0, 0, 0, 0, 0, 0, 0, 0, 0]","[['p', 'a', 'tʃ'], ['dʒ', 'o'], ['n', 'e', 'r']]",patʃdʒoner
যাত্রীবাহী,"[18, 1, 9, 2, 4, 11, 1, 21, 4, 0, 0, 0, 0, 0, 0, 0, 0, 0]","[['dʒ', 'a', 't̪'], ['r', 'i'], ['b', 'a'], ['h', 'i']]",dʒat̪ribahi
গ্রামাঞ্চলে,"[20, 2, 1, 13, 1, 6, 22, 3, 12, 5, 0, 0, 0, 0, 0, 0, 0, 0]","[['g', 'r', 'a'], ['m', 'a', 'n'], ['tʃ', 'o'], ['l', 'e']]",gramantʃole
এতগুলো,"[29, 9, 3, 20, 14, 12, 3, 0, 0, 0, 0, 0, 0, 0, 0, 0, 0, 0]","[['æ'], ['t̪', 'o'], ['g', 'u'], ['l', 'o']]",æt̪ogulo
চারদিন,"[22, 1, 2, 16, 4, 6, 0, 0, 0, 0, 0, 0, 0, 0, 0, 0, 0, 0]","[['tʃ', 'a', 'r'], ['d̪', 'i', 'n']]",tʃard̪in
উপরন্তু,"[14, 15, 3, 2, 3, 6, 9, 14, 0, 0, 0, 0, 0, 0, 0, 0, 0, 0]","[['u'], ['p', 'o'], ['r', 'o', 'n'], ['t̪', 'u']]",uporont̪u
সূচনা,"[10, 14, 22, 3, 6, 1, 0, 0, 0, 0, 0, 0, 0, 0, 0, 0, 0, 0]","[['ʃ', 'u'], ['tʃ', 'o'], ['n', 'a']]",ʃutʃona
গঠনমূলক,"[20, 8, 36, 3, 6, 13, 14, 12, 3, 7, 0, 0, 0, 0, 0, 0, 0, 0]","[['g', 'ɔ'], ['ʈʰ', 'o', 'n'], ['m', 'u'], ['l', 'o', 'k']]",gɔʈʰonmulok
একাধিকবার,"[29, 7, 1, 25, 4, 7, 11, 1, 2, 0, 0, 0, 0, 0, 0, 0, 0, 0]","[['æ'], ['k', 'a'], ['d̪ʱ', 'i', 'k'], ['b', 'a', 'r']]",ækad̪ʱikbar
থাকবেন,"[30, 1, 7, 11, 5, 6, 0, 0, 0, 0, 0, 0, 0, 0, 0, 0, 0, 0]","[['t̪ʰ', 'a', 'k'], ['b', 'e', 'n']]",t̪ʰakben
হাঁটা,"[21, 1, 17, 1, 0, 0, 0, 0, 0, 0, 0, 0, 0, 0, 0, 0, 0, 0]","[['h', 'a'], ['ʈ', 'a']]",haʈa
যেটি,"[18, 5, 17, 4, 0, 0, 0, 0, 0, 0, 0, 0, 0, 0, 0, 0, 0, 0]","[['dʒ', 'e'], ['ʈ', 'i']]",dʒeʈi
চালু,"[22, 1, 12, 14, 0, 0, 0, 0, 0, 0, 0, 0, 0, 0, 0, 0, 0, 0]","[['tʃ', 'a'], ['l', 'u']]",tʃalu
ক্রিসেন্ট,"[7, 2, 4, 19, 5, 6, 17, 0, 0, 0, 0, 0, 0, 0, 0, 0, 0, 0]","[['k', 'r', 'i'], ['s', 'e', 'n', 'ʈ']]",krisenʈ
বাঁচার,"[11, 1, 22, 1, 2, 0, 0, 0, 0, 0, 0, 0, 0, 0, 0, 0, 0, 0]","[['b', 'a'], ['tʃ', 'a', 'r']]",batʃar
তাকেও,"[9, 1, 7, 37, 0, 0, 0, 0, 0, 0, 0, 0, 0, 0, 0, 0, 0, 0]","[['t̪', 'a'], ['k', 'eo̯']]",t̪akeo̯
ইংল্যান্ড,"[4, 31, 12, 29, 6, 26, 0, 0, 0, 0, 0, 0, 0, 0, 0, 0, 0, 0]","[['i', 'ŋ'], ['l', 'æ', 'n', 'ɖ']]",iŋlænɖ
রেফারেন্স,"[2, 5, 27, 1, 2, 5, 6, 19, 0, 0, 0, 0, 0, 0, 0, 0, 0, 0]","[['r', 'e'], ['f', 'a'], ['r', 'e', 'n', 's']]",refarens
তুলা,"[9, 14, 12, 1, 0, 0, 0, 0, 0, 0, 0, 0, 0, 0, 0, 0, 0, 0]","[['t̪', 'u'], ['l', 'a']]",t̪ula
প্রবাহ,"[15, 2, 3, 11, 1, 21, 3, 0, 0, 0, 0, 0, 0, 0, 0, 0, 0, 0]","[['p', 'r', 'o'], ['b', 'a'], ['h', 'o']]",probaho
লাইনের,"[12, 32, 6, 5, 2, 0, 0, 0, 0, 0, 0, 0, 0, 0, 0, 0, 0, 0]","[['l', 'ai̯'], ['n', 'e', 'r']]",lai̯ner
আসামির,"[1, 10, 1, 13, 4, 2, 0, 0, 0, 0, 0, 0, 0, 0, 0, 0, 0, 0]","[['a'], ['ʃ', 'a'], ['m', 'i', 'r']]",aʃamir
দ্বিগুণ,"[16, 4, 20, 14, 6, 0, 0, 0, 0, 0, 0, 0, 0, 0, 0, 0, 0, 0]","[['d̪', 'i'], ['g', 'u', 'n']]",d̪igun
সেতুতে,"[10, 5, 9, 14, 9, 5, 0, 0, 0, 0, 0, 0, 0, 0, 0, 0, 0, 0]","[['ʃ', 'e'], ['t̪', 'u'], ['t̪', 'e']]",ʃet̪ut̪e
পরামর্শক,"[15, 8, 2, 1, 13, 8, 2, 10, 3, 7, 0, 0, 0, 0, 0, 0, 0, 0]","[['p', 'ɔ'], ['r', 'a'], ['m', 'ɔ', 'r'], ['ʃ', 'o', 'k']]",pɔramɔrʃok
বলবৎ,"[11, 8, 12, 11, 3, 9, 0, 0, 0, 0, 0, 0, 0, 0, 0, 0, 0, 0]","[['b', 'ɔ', 'l'], ['b', 'o', 't̪']]",bɔlbot̪
কৃষি,"[7, 2, 4, 10, 4, 0, 0, 0, 0, 0, 0, 0, 0, 0, 0, 0, 0, 0]","[['k', 'r', 'i'], ['ʃ', 'i']]",kriʃi
টিভি,"[17, 4, 23, 4, 0, 0, 0, 0, 0, 0, 0, 0, 0, 0, 0, 0, 0, 0]","[['ʈ', 'i'], ['bʱ', 'i']]",ʈibʱi
ধ্বনি,"[25, 3, 6, 4, 0, 0, 0, 0, 0, 0, 0, 0, 0, 0, 0, 0, 0, 0]","[['d̪ʱ', 'o'], ['n', 'i']]",d̪ʱoni
প্লাটুন,"[15, 12, 1, 17, 14, 6, 0, 0, 0, 0, 0, 0, 0, 0, 0, 0, 0, 0]","[['p', 'l', 'a'], ['ʈ', 'u', 'n']]",plaʈun
বিশ্বমানের,"[11, 4, 10, 10, 3, 13, 1, 6, 5, 2, 0, 0, 0, 0, 0, 0, 0, 0]","[['b', 'i', 'ʃ'], ['ʃ', 'o'], ['m', 'a'], ['n', 'e', 'r']]",biʃʃomaner
আরাফাত,"[1, 2, 1, 27, 1, 9, 0, 0, 0, 0, 0, 0, 0, 0, 0, 0, 0, 0]","[['a'], ['r', 'a'], ['f', 'a', 't̪']]",arafat̪
দুটির,"[16, 14, 17, 4, 2, 0, 0, 0, 0, 0, 0, 0, 0, 0, 0, 0, 0, 0]","[['d̪', 'u'], ['ʈ', 'i', 'r']]",d̪uʈir
শিরোনামের,"[10, 4, 2, 3, 6, 1, 13, 5, 2, 0, 0, 0, 0, 0, 0, 0, 0, 0]","[['ʃ', 'i'], ['r', 'o'], ['n', 'a'], ['m', 'e', 'r']]",ʃironamer
মার্কেটে,"[13, 1, 2, 7, 5, 17, 5, 0, 0, 0, 0, 0, 0, 0, 0, 0, 0, 0]","[['m', 'a', 'r'], ['k', 'e'], ['ʈ', 'e']]",markeʈe
অনুমোদনের,"[3, 6, 14, 13, 3, 16, 3, 6, 5, 2, 0, 0, 0, 0, 0, 0, 0, 0]","[['o'], ['n', 'u'], ['m', 'o'], ['d̪', 'o'], ['n', 'e', 'r']]",onumod̪oner
মিশেল,"[13, 4, 10, 5, 12, 0, 0, 0, 0, 0, 0, 0, 0, 0, 0, 0, 0, 0]","[['m', 'i'], ['ʃ', 'e', 'l']]",miʃel
তৎপরতা,"[9, 8, 9, 15, 8, 2, 3, 9, 1, 0, 0, 0, 0, 0, 0, 0, 0, 0]","[['t̪', 'ɔ', 't̪'], ['p', 'ɔ'], ['r', 'o'], ['t̪', 'a']]",t̪ɔt̪pɔrot̪a
ভারতে,"[23, 1, 2, 3, 9, 5, 0, 0, 0, 0, 0, 0, 0, 0, 0, 0, 0, 0]","[['bʱ', 'a'], ['r', 'o'], ['t̪', 'e']]",bʱarot̪e
সমর্থিত,"[10, 8, 13, 3, 2, 30, 4, 9, 3, 0, 0, 0, 0, 0, 0, 0, 0, 0]","[['ʃ', 'ɔ'], ['m', 'o', 'r'], ['t̪ʰ', 'i'], ['t̪', 'o']]",ʃɔmort̪ʰit̪o
বাইপাস,"[11, 32, 15, 1, 19, 0, 0, 0, 0, 0, 0, 0, 0, 0, 0, 0, 0, 0]","[['b', 'ai̯'], ['p', 'a', 's']]",bai̯pas
উমর,"[14, 13, 8, 2, 0, 0, 0, 0, 0, 0, 0, 0, 0, 0, 0, 0, 0, 0]","[['u'], ['m', 'ɔ', 'r']]",umɔr
যুবককে,"[18, 14, 11, 8, 7, 7, 5, 0, 0, 0, 0, 0, 0, 0, 0, 0, 0, 0]","[['dʒ', 'u'], ['b', 'ɔ', 'k'], ['k', 'e']]",dʒubɔkke
গাছগুলো,"[20, 1, 28, 20, 14, 12, 3, 0, 0, 0, 0, 0, 0, 0, 0, 0, 0, 0]","[['g', 'a', 'tʃʰ'], ['g', 'u'], ['l', 'o']]",gatʃʰgulo
শেখাতে,"[10, 5, 24, 1, 9, 5, 0, 0, 0, 0, 0, 0, 0, 0, 0, 0, 0, 0]","[['ʃ', 'e'], ['kʰ', 'a'], ['t̪', 'e']]",ʃekʰat̪e
মুসলিম,"[13, 14, 19, 12, 4, 13, 0, 0, 0, 0, 0, 0, 0, 0, 0, 0, 0, 0]","[['m', 'u', 's'], ['l', 'i', 'm']]",muslim
বরখাস্ত,"[11, 8, 2, 24, 1, 19, 9, 3, 0, 0, 0, 0, 0, 0, 0, 0, 0, 0]","[['b', 'ɔ', 'r'], ['kʰ', 'a', 's'], ['t̪', 'o']]",bɔrkʰast̪o
উপকৃত,"[14, 15, 3, 7, 2, 4, 9, 3, 0, 0, 0, 0, 0, 0, 0, 0, 0, 0]","[['u'], ['p', 'o'], ['k', 'r', 'i'], ['t̪', 'o']]",upokrit̪o
মাইলফলক,"[13, 32, 12, 27, 8, 12, 3, 7, 0, 0, 0, 0, 0, 0, 0, 0, 0, 0]","[['m', 'ai̯', 'l'], ['f', 'ɔ'], ['l', 'o', 'k']]",mai̯lfɔlok
শুনানি,"[10, 14, 6, 1, 6, 4, 0, 0, 0, 0, 0, 0, 0, 0, 0, 0, 0, 0]","[['ʃ', 'u'], ['n', 'a'], ['n', 'i']]",ʃunani
গজল,"[20, 8, 18, 3, 12, 0, 0, 0, 0, 0, 0, 0, 0, 0, 0, 0, 0, 0]","[['g', 'ɔ'], ['dʒ', 'o', 'l']]",gɔdʒol
এনেছিলেন,"[5, 6, 5, 28, 4, 12, 5, 6, 0, 0, 0, 0, 0, 0, 0, 0, 0, 0]","[['e'], ['n', 'e'], ['tʃʰ', 'i'], ['l', 'e', 'n']]",enetʃʰilen
রাজপথ,"[2, 1, 18, 15, 8, 30, 0, 0, 0, 0, 0, 0, 0, 0, 0, 0, 0, 0]","[['r', 'a', 'dʒ'], ['p', 'ɔ', 't̪ʰ']]",radʒpɔt̪ʰ
মুহুর্তে,"[13, 14, 21, 14, 2, 9, 5, 0, 0, 0, 0, 0, 0, 0, 0, 0, 0, 0]","[['m', 'u'], ['h', 'u', 'r'], ['t̪', 'e']]",muhurt̪e
পদক,"[15, 8, 16, 3, 7, 0, 0, 0, 0, 0, 0, 0, 0, 0, 0, 0, 0, 0]","[['p', 'ɔ'], ['d̪', 'o', 'k']]",pɔd̪ok
সেইসাথে,"[10, 33, 10, 1, 30, 5, 0, 0, 0, 0, 0, 0, 0, 0, 0, 0, 0, 0]","[['ʃ', 'ei̯'], ['ʃ', 'a'], ['t̪ʰ', 'e']]",ʃei̯ʃat̪ʰe
বাটন,"[11, 1, 17, 3, 6, 0, 0, 0, 0, 0, 0, 0, 0, 0, 0, 0, 0, 0]","[['b', 'a'], ['ʈ', 'o', 'n']]",baʈon
খ্রিস্টপূর্ব,"[24, 2, 4, 10, 17, 3, 15, 14, 2, 11, 3, 0, 0, 0, 0, 0, 0, 0]","[['kʰ', 'r', 'i', 'ʃ'], ['ʈ', 'o'], ['p', 'u', 'r'], ['b', 'o']]",kʰriʃʈopurbo
নেতার,"[6, 5, 9, 1, 2, 0, 0, 0, 0, 0, 0, 0, 0, 0, 0, 0, 0, 0]","[['n', 'e'], ['t̪', 'a', 'r']]",net̪ar
ব্যাংকক,"[11, 29, 31, 7, 8, 7, 0, 0, 0, 0, 0, 0, 0, 0, 0, 0, 0, 0]","[['b', 'æ', 'ŋ'], ['k', 'ɔ', 'k']]",bæŋkɔk
আশির,"[1, 10, 4, 2, 0, 0, 0, 0, 0, 0, 0, 0, 0, 0, 0, 0, 0, 0]","[['a'], ['ʃ', 'i', 'r']]",aʃir
জলে,"[18, 8, 12, 5, 0, 0, 0, 0, 0, 0, 0, 0, 0, 0, 0, 0, 0, 0]","[['dʒ', 'ɔ'], ['l', 'e']]",dʒɔle
পিপিপি,"[15, 4, 15, 4, 15, 4, 0, 0, 0, 0, 0, 0, 0, 0, 0, 0, 0, 0]","[['p', 'i'], ['p', 'i'], ['p', 'i']]",pipipi
সামিট,"[19, 1, 13, 4, 17, 0, 0, 0, 0, 0, 0, 0, 0, 0, 0, 0, 0, 0]","[['s', 'a'], ['m', 'i', 'ʈ']]",samiʈ
জানিস,"[18, 1, 6, 4, 10, 0, 0, 0, 0, 0, 0, 0, 0, 0, 0, 0, 0, 0]","[['dʒ', 'a'], ['n', 'i', 'ʃ']]",dʒaniʃ
কৈশোর,"[7, 35, 10, 3, 2, 0, 0, 0, 0, 0, 0, 0, 0, 0, 0, 0, 0, 0]","[['k', 'oi̯'], ['ʃ', 'o', 'r']]",koi̯ʃor
ধোঁকা,"[25, 3, 7, 1, 0, 0, 0, 0, 0, 0, 0, 0, 0, 0, 0, 0, 0, 0]","[['d̪ʱ', 'o'], ['k', 'a']]",d̪ʱoka
জেসিকা,"[18, 5, 19, 4, 7, 1, 0, 0, 0, 0, 0, 0, 0, 0, 0, 0, 0, 0]","[['dʒ', 'e'], ['s', 'i'], ['k', 'a']]",dʒesika
সেনের,"[19, 5, 6, 5, 2, 0, 0, 0, 0, 0, 0, 0, 0, 0, 0, 0, 0, 0]","[['s', 'e'], ['n', 'e', 'r']]",sener
আগাম,"[1, 20, 1, 13, 0, 0, 0, 0, 0, 0, 0, 0, 0, 0, 0, 0, 0, 0]","[['a'], ['g', 'a', 'm']]",agam
ইবনু,"[4, 11, 6, 14, 0, 0, 0, 0, 0, 0, 0, 0, 0, 0, 0, 0, 0, 0]","[['i', 'b'], ['n', 'u']]",ibnu
সাংবাদিককে,"[10, 1, 31, 11, 1, 16, 4, 7, 7, 5, 0, 0, 0, 0, 0, 0, 0, 0]","[['ʃ', 'a', 'ŋ'], ['b', 'a'], ['d̪', 'i', 'k'], ['k', 'e']]",ʃaŋbad̪ikke
করছে,"[7, 3, 2, 28, 5, 0, 0, 0, 0, 0, 0, 0, 0, 0, 0, 0, 0, 0]","[['k', 'o', 'r'], ['tʃʰ', 'e']]",kortʃʰe
ঘটেছে,"[34, 8, 17, 5, 28, 5, 0, 0, 0, 0, 0, 0, 0, 0, 0, 0, 0, 0]","[['gʱ', 'ɔ'], ['ʈ', 'e'], ['tʃʰ', 'e']]",gʱɔʈetʃʰe
সরু,"[10, 3, 2, 14, 0, 0, 0, 0, 0, 0, 0, 0, 0, 0, 0, 0, 0, 0]","[['ʃ', 'o'], ['r', 'u']]",ʃoru
ছাত্রছাত্রীরা,"[28, 1, 9, 2, 3, 28, 1, 9, 2, 4, 2, 1, 0, 0, 0, 0, 0, 0]","[['tʃʰ', 'a', 't̪'], ['r', 'o'], ['tʃʰ', 'a', 't̪'], ['r', 'i'], ['r', 'a']]",tʃʰat̪rotʃʰat̪rira
টাইগার,"[17, 32, 20, 1, 2, 0, 0, 0, 0, 0, 0, 0, 0, 0, 0, 0, 0, 0]","[['ʈ', 'ai̯'], ['g', 'a', 'r']]",ʈai̯gar
ভূখণ্ড,"[23, 14, 24, 8, 6, 26, 3, 0, 0, 0, 0, 0, 0, 0, 0, 0, 0, 0]","[['bʱ', 'u'], ['kʰ', 'ɔ', 'n'], ['ɖ', 'o']]",bʱukʰɔnɖo
দোষী,"[16, 3, 10, 4, 0, 0, 0, 0, 0, 0, 0, 0, 0, 0, 0, 0, 0, 0]","[['d̪', 'o'], ['ʃ', 'i']]",d̪oʃi
অমান্য,"[8, 13, 1, 6, 6, 3, 0, 0, 0, 0, 0, 0, 0, 0, 0, 0, 0, 0]","[['ɔ'], ['m', 'a', 'n'], ['n', 'o']]",ɔmanno
প্রেরণ,"[15, 2, 5, 2, 3, 6, 0, 0, 0, 0, 0, 0, 0, 0, 0, 0, 0, 0]","[['p', 'r', 'e'], ['r', 'o', 'n']]",preron
স্থপতি,"[19, 30, 8, 15, 3, 9, 4, 0, 0, 0, 0, 0, 0, 0, 0, 0, 0, 0]","[['s', 't̪ʰ', 'ɔ'], ['p', 'o'], ['t̪', 'i']]",st̪ʰɔpot̪i
সেইরকম,"[10, 33, 2, 8, 7, 3, 13, 0, 0, 0, 0, 0, 0, 0, 0, 0, 0, 0]","[['ʃ', 'ei̯'], ['r', 'ɔ'], ['k', 'o', 'm']]",ʃei̯rɔkom
ভক্তরা,"[23, 8, 7, 9, 3, 2, 1, 0, 0, 0, 0, 0, 0, 0, 0, 0, 0, 0]","[['bʱ', 'ɔ', 'k'], ['t̪', 'o'], ['r', 'a']]",bʱɔkt̪ora
প্রথাগত,"[15, 2, 3, 30, 1, 20, 8, 9, 3, 0, 0, 0, 0, 0, 0, 0, 0, 0]","[['p', 'r', 'o'], ['t̪ʰ', 'a'], ['g', 'ɔ'], ['t̪', 'o']]",prot̪ʰagɔt̪o
পরিদর্শক,"[15, 3, 2, 4, 16, 8, 2, 10, 3, 7, 0, 0, 0, 0, 0, 0, 0, 0]","[['p', 'o'], ['r', 'i'], ['d̪', 'ɔ', 'r'], ['ʃ', 'o', 'k']]",porid̪ɔrʃok
অপরূপ,"[8, 15, 8, 2, 14, 15, 0, 0, 0, 0, 0, 0, 0, 0, 0, 0, 0, 0]","[['ɔ'], ['p', 'ɔ'], ['r', 'u', 'p']]",ɔpɔrup
ছানা,"[28, 1, 6, 1, 0, 0, 0, 0, 0, 0, 0, 0, 0, 0, 0, 0, 0, 0]","[['tʃʰ', 'a'], ['n', 'a']]",tʃʰana
কুসংস্কার,"[7, 14, 10, 8, 31, 10, 7, 1, 2, 0, 0, 0, 0, 0, 0, 0, 0, 0]","[['k', 'u'], ['ʃ', 'ɔ', 'ŋ', 'ʃ'], ['k', 'a', 'r']]",kuʃɔŋʃkar
হবার,"[21, 8, 11, 1, 2, 0, 0, 0, 0, 0, 0, 0, 0, 0, 0, 0, 0, 0]","[['h', 'ɔ'], ['b', 'a', 'r']]",hɔbar
আলী,"[1, 12, 4, 0, 0, 0, 0, 0, 0, 0, 0, 0, 0, 0, 0, 0, 0, 0]","[['a'], ['l', 'i']]",ali
অন্তর্বর্তীকালীন,"[8, 6, 9, 3, 2, 11, 3, 2, 9, 4, 7, 1, 12, 4, 6, 0, 0, 0]","[['ɔ', 'n'], ['t̪', 'o', 'r'], ['b', 'o', 'r'], ['t̪', 'i'], ['k', 'a'], ['l', 'i', 'n']]",ɔnt̪orbort̪ikalin
সৈন্যদের,"[10, 35, 6, 6, 3, 16, 5, 2, 0, 0, 0, 0, 0, 0, 0, 0, 0, 0]","[['ʃ', 'oi̯', 'n'], ['n', 'o'], ['d̪', 'e', 'r']]",ʃoi̯nnod̪er
পরিচালনাকারী,"[15, 3, 2, 4, 22, 1, 12, 3, 6, 1, 7, 1, 2, 4, 0, 0, 0, 0]","[['p', 'o'], ['r', 'i'], ['tʃ', 'a'], ['l', 'o'], ['n', 'a'], ['k', 'a'], ['r', 'i']]",poritʃalonakari
প্রকাশ,"[15, 2, 3, 7, 1, 10, 0, 0, 0, 0, 0, 0, 0, 0, 0, 0, 0, 0]","[['p', 'r', 'o'], ['k', 'a', 'ʃ']]",prokaʃ
সাংহাই,"[10, 1, 31, 21, 32, 0, 0, 0, 0, 0, 0, 0, 0, 0, 0, 0, 0, 0]","[['ʃ', 'a', 'ŋ'], ['h', 'ai̯']]",ʃaŋhai̯
সবকিছু,"[10, 8, 11, 7, 4, 28, 14, 0, 0, 0, 0, 0, 0, 0, 0, 0, 0, 0]","[['ʃ', 'ɔ', 'b'], ['k', 'i'], ['tʃʰ', 'u']]",ʃɔbkitʃʰu
শতকে,"[10, 8, 9, 3, 7, 5, 0, 0, 0, 0, 0, 0, 0, 0, 0, 0, 0, 0]","[['ʃ', 'ɔ'], ['t̪', 'o'], ['k', 'e']]",ʃɔt̪oke
তোলেন,"[9, 3, 12, 5, 6, 0, 0, 0, 0, 0, 0, 0, 0, 0, 0, 0, 0, 0]","[['t̪', 'o'], ['l', 'e', 'n']]",t̪olen
উপাত্ত,"[14, 15, 1, 9, 9, 3, 0, 0, 0, 0, 0, 0, 0, 0, 0, 0, 0, 0]","[['u'], ['p', 'a', 't̪'], ['t̪', 'o']]",upat̪t̪o
বিমানবন্দরে,"[11, 4, 13, 1, 6, 11, 8, 6, 16, 8, 2, 5, 0, 0, 0, 0, 0, 0]","[['b', 'i'], ['m', 'a', 'n'], ['b', 'ɔ', 'n'], ['d̪', 'ɔ'], ['r', 'e']]",bimanbɔnd̪ɔre
পারল,"[15, 1, 2, 12, 3, 0, 0, 0, 0, 0, 0, 0, 0, 0, 0, 0, 0, 0]","[['p', 'a', 'r'], ['l', 'o']]",parlo
ইউনিভার্সিটিতে,"[41, 6, 4, 23, 1, 2, 19, 4, 17, 4, 9, 5, 0, 0, 0, 0, 0, 0]","[['iu̯'], ['n', 'i'], ['bʱ', 'a', 'r'], ['s', 'i'], ['ʈ', 'i'], ['t̪', 'e']]",iu̯nibʱarsiʈit̪e
এগুলি,"[5, 20, 14, 12, 4, 0, 0, 0, 0, 0, 0, 0, 0, 0, 0, 0, 0, 0]","[['e'], ['g', 'u'], ['l', 'i']]",eguli
সেটাই,"[10, 5, 17, 32, 0, 0, 0, 0, 0, 0, 0, 0, 0, 0, 0, 0, 0, 0]","[['ʃ', 'e'], ['ʈ', 'ai̯']]",ʃeʈai̯
ভাসতে,"[23, 1, 10, 9, 5, 0, 0, 0, 0, 0, 0, 0, 0, 0, 0, 0, 0, 0]","[['bʱ', 'a', 'ʃ'], ['t̪', 'e']]",bʱaʃt̪e
মাধ্যমেই,"[13, 1, 16, 25, 3, 13, 33, 0, 0, 0, 0, 0, 0, 0, 0, 0, 0, 0]","[['m', 'a', 'd̪'], ['d̪ʱ', 'o'], ['m', 'ei̯']]",mad̪d̪ʱomei̯
সারাবিশ্বের,"[10, 1, 2, 1, 11, 4, 10, 10, 5, 2, 0, 0, 0, 0, 0, 0, 0, 0]","[['ʃ', 'a'], ['r', 'a'], ['b', 'i', 'ʃ'], ['ʃ', 'e', 'r']]",ʃarabiʃʃer
আন্তরিকতার,"[1, 6, 9, 3, 2, 4, 7, 8, 9, 1, 2, 0, 0, 0, 0, 0, 0, 0]","[['a', 'n'], ['t̪', 'o'], ['r', 'i'], ['k', 'ɔ'], ['t̪', 'a', 'r']]",ant̪orikɔt̪ar
টাকা,"[17, 1, 7, 1, 0, 0, 0, 0, 0, 0, 0, 0, 0, 0, 0, 0, 0, 0]","[['ʈ', 'a'], ['k', 'a']]",ʈaka
আমিতো,"[1, 13, 4, 9, 3, 0, 0, 0, 0, 0, 0, 0, 0, 0, 0, 0, 0, 0]","[['a'], ['m', 'i'], ['t̪', 'o']]",amit̪o
মুজাহিদ,"[13, 14, 18, 1, 21, 4, 16, 0, 0, 0, 0, 0, 0, 0, 0, 0, 0, 0]","[['m', 'u'], ['dʒ', 'a'], ['h', 'i', 'd̪']]",mudʒahid̪
ব্রাউজার,"[11, 2, 43, 18, 1, 2, 0, 0, 0, 0, 0, 0, 0, 0, 0, 0, 0, 0]","[['b', 'r', 'au̯'], ['dʒ', 'a', 'r']]",brau̯dʒar
চেহারা,"[22, 5, 21, 1, 2, 1, 0, 0, 0, 0, 0, 0, 0, 0, 0, 0, 0, 0]","[['tʃ', 'e'], ['h', 'a'], ['r', 'a']]",tʃehara
একক,"[29, 7, 8, 7, 0, 0, 0, 0, 0, 0, 0, 0, 0, 0, 0, 0, 0, 0]","[['æ'], ['k', 'ɔ', 'k']]",ækɔk
মস্কোর,"[13, 8, 19, 7, 3, 2, 0, 0, 0, 0, 0, 0, 0, 0, 0, 0, 0, 0]","[['m', 'ɔ', 's'], ['k', 'o', 'r']]",mɔskor
আসক্তি,"[1, 10, 8, 7, 9, 4, 0, 0, 0, 0, 0, 0, 0, 0, 0, 0, 0, 0]","[['a'], ['ʃ', 'ɔ', 'k'], ['t̪', 'i']]",aʃɔkt̪i
প্রমাণ,"[15, 2, 3, 13, 1, 6, 0, 0, 0, 0, 0, 0, 0, 0, 0, 0, 0, 0]","[['p', 'r', 'o'], ['m', 'a', 'n']]",proman
অহংকারী,"[8, 21, 3, 31, 7, 1, 2, 4, 0, 0, 0, 0, 0, 0, 0, 0, 0, 0]","[['ɔ'], ['h', 'o', 'ŋ'], ['k', 'a'], ['r', 'i']]",ɔhoŋkari
হ্যাকিং,"[21, 29, 7, 4, 31, 0, 0, 0, 0, 0, 0, 0, 0, 0, 0, 0, 0, 0]","[['h', 'æ'], ['k', 'i', 'ŋ']]",hækiŋ
সংলাপ,"[10, 8, 31, 12, 1, 15, 0, 0, 0, 0, 0, 0, 0, 0, 0, 0, 0, 0]","[['ʃ', 'ɔ', 'ŋ'], ['l', 'a', 'p']]",ʃɔŋlap
মোদি,"[13, 3, 16, 4, 0, 0, 0, 0, 0, 0, 0, 0, 0, 0, 0, 0, 0, 0]","[['m', 'o'], ['d̪', 'i']]",mod̪i
পুরো,"[15, 14, 2, 3, 0, 0, 0, 0, 0, 0, 0, 0, 0, 0, 0, 0, 0, 0]","[['p', 'u'], ['r', 'o']]",puro
কালচার,"[7, 1, 12, 22, 1, 2, 0, 0, 0, 0, 0, 0, 0, 0, 0, 0, 0, 0]","[['k', 'a', 'l'], ['tʃ', 'a', 'r']]",kaltʃar
বংশের,"[11, 8, 31, 10, 5, 2, 0, 0, 0, 0, 0, 0, 0, 0, 0, 0, 0, 0]","[['b', 'ɔ', 'ŋ'], ['ʃ', 'e', 'r']]",bɔŋʃer
খানম,"[24, 1, 6, 3, 13, 0, 0, 0, 0, 0, 0, 0, 0, 0, 0, 0, 0, 0]","[['kʰ', 'a'], ['n', 'o', 'm']]",kʰanom
মশার,"[13, 8, 10, 1, 2, 0, 0, 0, 0, 0, 0, 0, 0, 0, 0, 0, 0, 0]","[['m', 'ɔ'], ['ʃ', 'a', 'r']]",mɔʃar
ছাদের,"[28, 1, 16, 5, 2, 0, 0, 0, 0, 0, 0, 0, 0, 0, 0, 0, 0, 0]","[['tʃʰ', 'a'], ['d̪', 'e', 'r']]",tʃʰad̪er
প্রমাণিত,"[15, 2, 3, 13, 1, 6, 4, 9, 3, 0, 0, 0, 0, 0, 0, 0, 0, 0]","[['p', 'r', 'o'], ['m', 'a'], ['n', 'i'], ['t̪', 'o']]",promanit̪o
পরিণতি,"[15, 3, 2, 4, 6, 3, 9, 4, 0, 0, 0, 0, 0, 0, 0, 0, 0, 0]","[['p', 'o'], ['r', 'i'], ['n', 'o'], ['t̪', 'i']]",porinot̪i
সাংবাদিকরা,"[10, 1, 31, 11, 1, 16, 4, 7, 2, 1, 0, 0, 0, 0, 0, 0, 0, 0]","[['ʃ', 'a', 'ŋ'], ['b', 'a'], ['d̪', 'i', 'k'], ['r', 'a']]",ʃaŋbad̪ikra
তরুণীর,"[9, 3, 2, 14, 6, 4, 2, 1, 0, 0, 0, 0, 0, 0, 0, 0, 0, 0]","[['t̪', 'o'], ['r', 'u'], ['n', 'i'], ['r', 'a']]",t̪orunira
জরিপের,"[18, 3, 2, 4, 15, 5, 2, 0, 0, 0, 0, 0, 0, 0, 0, 0, 0, 0]","[['dʒ', 'o'], ['r', 'i'], ['p', 'e', 'r']]",dʒoriper
ধ্বংসাত্মক,"[25, 8, 31, 10, 1, 9, 9, 3, 7, 0, 0, 0, 0, 0, 0, 0, 0, 0]","[['d̪ʱ', 'ɔ', 'ŋ'], ['ʃ', 'a', 't̪'], ['t̪', 'o', 'k']]",d̪ʱɔŋʃat̪t̪ok
কর্মকাণ্ডে,"[7, 8, 2, 13, 3, 7, 1, 6, 26, 5, 0, 0, 0, 0, 0, 0, 0, 0]","[['k', 'ɔ', 'r'], ['m', 'o'], ['k', 'a', 'n'], ['ɖ', 'e']]",kɔrmokanɖe
তারুণ্য,"[9, 1, 2, 14, 6, 6, 3, 0, 0, 0, 0, 0, 0, 0, 0, 0, 0, 0]","[['t̪', 'a'], ['r', 'u', 'n'], ['n', 'o']]",t̪arunno
মুস্তফা,"[13, 14, 19, 9, 8, 27, 1, 0, 0, 0, 0, 0, 0, 0, 0, 0, 0, 0]","[['m', 'u', 's'], ['t̪', 'ɔ'], ['f', 'a']]",must̪ɔfa
ইত্তেফাক,"[4, 9, 9, 5, 27, 1, 7, 0, 0, 0, 0, 0, 0, 0, 0, 0, 0, 0]","[['i', 't̪'], ['t̪', 'e'], ['f', 'a', 'k']]",it̪t̪efak
গতবছর,"[20, 8, 9, 3, 11, 8, 28, 3, 2, 0, 0, 0, 0, 0, 0, 0, 0, 0]","[['g', 'ɔ'], ['t̪', 'o'], ['b', 'ɔ'], ['tʃʰ', 'o', 'r']]",gɔt̪obɔtʃʰor
পাঠাতে,"[15, 1, 36, 1, 9, 5, 0, 0, 0, 0, 0, 0, 0, 0, 0, 0, 0, 0]","[['p', 'a'], ['ʈʰ', 'a'], ['t̪', 'e']]",paʈʰat̪e
মানুষের,"[13, 1, 6, 14, 10, 5, 2, 0, 0, 0, 0, 0, 0, 0, 0, 0, 0, 0]","[['m', 'a'], ['n', 'u'], ['ʃ', 'e', 'r']]",manuʃer
সৃষ্টিকারী,"[10, 2, 4, 10, 17, 4, 7, 1, 2, 4, 0, 0, 0, 0, 0, 0, 0, 0]","[['ʃ', 'r', 'i', 'ʃ'], ['ʈ', 'i'], ['k', 'a'], ['r', 'i']]",ʃriʃʈikari
নাহলে,"[6, 1, 21, 3, 12, 5, 0, 0, 0, 0, 0, 0, 0, 0, 0, 0, 0, 0]","[['n', 'a'], ['h', 'o'], ['l', 'e']]",nahole
আদরের,"[1, 16, 3, 2, 5, 2, 0, 0, 0, 0, 0, 0, 0, 0, 0, 0, 0, 0]","[['a'], ['d̪', 'o'], ['r', 'e', 'r']]",ad̪orer
প্লাস্টিকের,"[15, 12, 1, 19, 17, 4, 7, 5, 2, 0, 0, 0, 0, 0, 0, 0, 0, 0]","[['p', 'l', 'a', 's'], ['ʈ', 'i'], ['k', 'e', 'r']]",plasʈiker
ব্যাখ্যার,"[11, 29, 7, 24, 1, 2, 0, 0, 0, 0, 0, 0, 0, 0, 0, 0, 0, 0]","[['b', 'æ', 'k'], ['kʰ', 'a', 'r']]",bækkʰar
অনাথ,"[8, 6, 1, 30, 0, 0, 0, 0, 0, 0, 0, 0, 0, 0, 0, 0, 0, 0]","[['ɔ'], ['n', 'a', 't̪ʰ']]",ɔnat̪ʰ
সম্মানে,"[10, 8, 13, 13, 1, 6, 5, 0, 0, 0, 0, 0, 0, 0, 0, 0, 0, 0]","[['ʃ', 'ɔ', 'm'], ['m', 'a'], ['n', 'e']]",ʃɔmmane
শাইখ,"[10, 1, 4, 24, 0, 0, 0, 0, 0, 0, 0, 0, 0, 0, 0, 0, 0, 0]","[['ʃ', 'a'], ['i', 'kʰ']]",ʃaikʰ
জাসদ,"[18, 1, 10, 8, 16, 0, 0, 0, 0, 0, 0, 0, 0, 0, 0, 0, 0, 0]","[['dʒ', 'a'], ['ʃ', 'ɔ', 'd̪']]",dʒaʃɔd̪
ডাকার,"[26, 1, 7, 1, 2, 0, 0, 0, 0, 0, 0, 0, 0, 0, 0, 0, 0, 0]","[['ɖ', 'a'], ['k', 'a', 'r']]",ɖakar
আসে,"[1, 10, 5, 0, 0, 0, 0, 0, 0, 0, 0, 0, 0, 0, 0, 0, 0, 0]","[['a'], ['ʃ', 'e']]",aʃe
মালি,"[13, 1, 12, 4, 0, 0, 0, 0, 0, 0, 0, 0, 0, 0, 0, 0, 0, 0]","[['m', 'a'], ['l', 'i']]",mali
ইউর,"[50, 2, 0, 0, 0, 0, 0, 0, 0, 0, 0, 0, 0, 0, 0, 0, 0, 0]","[['i̯u', 'r']]",i̯ur
বুঝি,"[11, 14, 42, 4, 0, 0, 0, 0, 0, 0, 0, 0, 0, 0, 0, 0, 0, 0]","[['b', 'u'], ['dʒʱ', 'i']]",budʒʱi
আনি,"[1, 6, 4, 0, 0, 0, 0, 0, 0, 0, 0, 0, 0, 0, 0, 0, 0, 0]","[['a'], ['n', 'i']]",ani
চলেন,"[22, 8, 12, 5, 6, 0, 0, 0, 0, 0, 0, 0, 0, 0, 0, 0, 0, 0]","[['tʃ', 'ɔ'], ['l', 'e', 'n']]",tʃɔlen
রাজপথে,"[2, 1, 18, 15, 8, 30, 5, 0, 0, 0, 0, 0, 0, 0, 0, 0, 0, 0]","[['r', 'a', 'dʒ'], ['p', 'ɔ'], ['t̪ʰ', 'e']]",radʒpɔt̪ʰe
রেটিং,"[2, 5, 17, 4, 31, 0, 0, 0, 0, 0, 0, 0, 0, 0, 0, 0, 0, 0]","[['r', 'e'], ['ʈ', 'i', 'ŋ']]",reʈiŋ
আসবাবপত্র,"[1, 10, 11, 1, 11, 15, 8, 9, 2, 3, 0, 0, 0, 0, 0, 0, 0, 0]","[['a', 'ʃ'], ['b', 'a', 'b'], ['p', 'ɔ', 't̪'], ['r', 'o']]",aʃbabpɔt̪ro
অপসারণের,"[8, 15, 3, 10, 1, 2, 3, 6, 5, 2, 0, 0, 0, 0, 0, 0, 0, 0]","[['ɔ'], ['p', 'o'], ['ʃ', 'a'], ['r', 'o'], ['n', 'e', 'r']]",ɔpoʃaroner
এরাই,"[5, 2, 32, 0, 0, 0, 0, 0, 0, 0, 0, 0, 0, 0, 0, 0, 0, 0]","[['e'], ['r', 'ai̯']]",erai̯
প্রতিষেধক,"[15, 2, 3, 9, 4, 10, 5, 25, 3, 7, 0, 0, 0, 0, 0, 0, 0, 0]","[['p', 'r', 'o'], ['t̪', 'i'], ['ʃ', 'e'], ['d̪ʱ', 'o', 'k']]",prot̪iʃed̪ʱok
ফিফা,"[27, 4, 27, 1, 0, 0, 0, 0, 0, 0, 0, 0, 0, 0, 0, 0, 0, 0]","[['f', 'i'], ['f', 'a']]",fifa
অজান্তে,"[8, 18, 1, 6, 9, 5, 0, 0, 0, 0, 0, 0, 0, 0, 0, 0, 0, 0]","[['ɔ'], ['dʒ', 'a', 'n'], ['t̪', 'e']]",ɔdʒant̪e
কোনকিছু,"[7, 3, 6, 3, 7, 4, 28, 14, 0, 0, 0, 0, 0, 0, 0, 0, 0, 0]","[['k', 'o'], ['n', 'o'], ['k', 'i'], ['tʃʰ', 'u']]",konokitʃʰu
এবিসি,"[5, 11, 4, 19, 4, 0, 0, 0, 0, 0, 0, 0, 0, 0, 0, 0, 0, 0]","[['e'], ['b', 'i'], ['s', 'i']]",ebisi
টার্মিনাল,"[17, 1, 2, 13, 4, 6, 1, 12, 0, 0, 0, 0, 0, 0, 0, 0, 0, 0]","[['ʈ', 'a', 'r'], ['m', 'i'], ['n', 'a', 'l']]",ʈarminal
স্বাস্থ্যগত,"[10, 1, 19, 30, 3, 20, 8, 9, 3, 0, 0, 0, 0, 0, 0, 0, 0, 0]","[['ʃ', 'a', 's'], ['t̪ʰ', 'o'], ['g', 'ɔ'], ['t̪', 'o']]",ʃast̪ʰogɔt̪o
ভালবাসতে,"[23, 1, 12, 3, 11, 1, 10, 9, 5, 0, 0, 0, 0, 0, 0, 0, 0, 0]","[['bʱ', 'a'], ['l', 'o'], ['b', 'a', 'ʃ'], ['t̪', 'e']]",bʱalobaʃt̪e
রোগীদের,"[2, 3, 20, 4, 16, 5, 2, 0, 0, 0, 0, 0, 0, 0, 0, 0, 0, 0]","[['r', 'o'], ['g', 'i'], ['d̪', 'e', 'r']]",rogid̪er
পেটেন্ট,"[15, 5, 17, 5, 6, 17, 0, 0, 0, 0, 0, 0, 0, 0, 0, 0, 0, 0]","[['p', 'e'], ['ʈ', 'e', 'n', 'ʈ']]",peʈenʈ
লামার,"[12, 1, 13, 1, 2, 0, 0, 0, 0, 0, 0, 0, 0, 0, 0, 0, 0, 0]","[['l', 'a'], ['m', 'a', 'r']]",lamar
পূর্বপুরুষ,"[15, 14, 2, 11, 3, 15, 14, 2, 14, 10, 0, 0, 0, 0, 0, 0, 0, 0]","[['p', 'u', 'r'], ['b', 'o'], ['p', 'u'], ['r', 'u', 'ʃ']]",purbopuruʃ
উদাহরণ,"[14, 16, 1, 21, 8, 2, 3, 6, 0, 0, 0, 0, 0, 0, 0, 0, 0, 0]","[['u'], ['d̪', 'a'], ['h', 'ɔ'], ['r', 'o', 'n']]",ud̪ahɔron
টিভির,"[17, 4, 23, 4, 2, 0, 0, 0, 0, 0, 0, 0, 0, 0, 0, 0, 0, 0]","[['ʈ', 'i'], ['bʱ', 'i', 'r']]",ʈibʱir
নিকটতম,"[6, 4, 7, 8, 17, 9, 8, 13, 3, 0, 0, 0, 0, 0, 0, 0, 0, 0]","[['n', 'i'], ['k', 'ɔ', 'ʈ'], ['t̪', 'ɔ'], ['m', 'o']]",nikɔʈt̪ɔmo
ঘরে,"[34, 8, 2, 5, 0, 0, 0, 0, 0, 0, 0, 0, 0, 0, 0, 0, 0, 0]","[['gʱ', 'ɔ'], ['r', 'e']]",gʱɔre
অনুভব,"[3, 6, 14, 23, 8, 11, 0, 0, 0, 0, 0, 0, 0, 0, 0, 0, 0, 0]","[['o'], ['n', 'u'], ['bʱ', 'ɔ', 'b']]",onubʱɔb
ফাতেমা,"[27, 1, 9, 5, 13, 1, 0, 0, 0, 0, 0, 0, 0, 0, 0, 0, 0, 0]","[['f', 'a'], ['t̪', 'e'], ['m', 'a']]",fat̪ema
জানালা,"[18, 1, 6, 1, 12, 1, 0, 0, 0, 0, 0, 0, 0, 0, 0, 0, 0, 0]","[['dʒ', 'a'], ['n', 'a'], ['l', 'a']]",dʒanala
মূল্যবান,"[13, 14, 12, 12, 3, 11, 1, 6, 0, 0, 0, 0, 0, 0, 0, 0, 0, 0]","[['m', 'u', 'l'], ['l', 'o'], ['b', 'a', 'n']]",mulloban
প্রীতি,"[15, 2, 4, 9, 4, 0, 0, 0, 0, 0, 0, 0, 0, 0, 0, 0, 0, 0]","[['p', 'r', 'i'], ['t̪', 'i']]",prit̪i
বাদে,"[11, 1, 16, 5, 0, 0, 0, 0, 0, 0, 0, 0, 0, 0, 0, 0, 0, 0]","[['b', 'a'], ['d̪', 'e']]",bad̪e
কবিতার,"[7, 3, 11, 4, 9, 1, 2, 0, 0, 0, 0, 0, 0, 0, 0, 0, 0, 0]","[['k', 'o'], ['b', 'i'], ['t̪', 'a', 'r']]",kobit̪ar
কোম্পানী,"[7, 3, 13, 15, 1, 6, 4, 0, 0, 0, 0, 0, 0, 0, 0, 0, 0, 0]","[['k', 'o', 'm'], ['p', 'a'], ['n', 'i']]",kompani
অরবিন্দ,"[8, 2, 3, 11, 4, 6, 16, 3, 0, 0, 0, 0, 0, 0, 0, 0, 0, 0]","[['ɔ'], ['r', 'o'], ['b', 'i', 'n'], ['d̪', 'o']]",ɔrobind̪o
রান্নাঘর,"[2, 1, 6, 6, 1, 34, 8, 2, 0, 0, 0, 0, 0, 0, 0, 0, 0, 0]","[['r', 'a', 'n'], ['n', 'a'], ['gʱ', 'ɔ', 'r']]",rannagʱɔr
হাসানুল,"[21, 1, 19, 1, 6, 14, 12, 0, 0, 0, 0, 0, 0, 0, 0, 0, 0, 0]","[['h', 'a'], ['s', 'a'], ['n', 'u', 'l']]",hasanul
বিশ্বকাপে,"[11, 4, 10, 10, 3, 7, 1, 15, 5, 0, 0, 0, 0, 0, 0, 0, 0, 0]","[['b', 'i', 'ʃ'], ['ʃ', 'o'], ['k', 'a'], ['p', 'e']]",biʃʃokape
অভিনেত্রীর,"[3, 23, 4, 6, 5, 9, 2, 4, 2, 0, 0, 0, 0, 0, 0, 0, 0, 0]","[['o'], ['bʱ', 'i'], ['n', 'e', 't̪'], ['r', 'i', 'r']]",obʱinet̪rir
জলপাই,"[18, 8, 12, 15, 32, 0, 0, 0, 0, 0, 0, 0, 0, 0, 0, 0, 0, 0]","[['dʒ', 'ɔ', 'l'], ['p', 'ai̯']]",dʒɔlpai̯
কাপে,"[7, 1, 15, 5, 0, 0, 0, 0, 0, 0, 0, 0, 0, 0, 0, 0, 0, 0]","[['k', 'a'], ['p', 'e']]",kape
তানভীর,"[9, 1, 6, 23, 4, 2, 0, 0, 0, 0, 0, 0, 0, 0, 0, 0, 0, 0]","[['t̪', 'a', 'n'], ['bʱ', 'i', 'r']]",t̪anbʱir
মেঝে,"[13, 5, 42, 5, 0, 0, 0, 0, 0, 0, 0, 0, 0, 0, 0, 0, 0, 0]","[['m', 'e'], ['dʒʱ', 'e']]",medʒʱe
মিথ্যার,"[13, 4, 9, 30, 1, 2, 0, 0, 0, 0, 0, 0, 0, 0, 0, 0, 0, 0]","[['m', 'i', 't̪'], ['t̪ʰ', 'a', 'r']]",mit̪t̪ʰar
গ্রাফিক,"[20, 2, 1, 27, 4, 7, 0, 0, 0, 0, 0, 0, 0, 0, 0, 0, 0, 0]","[['g', 'r', 'a'], ['f', 'i', 'k']]",grafik
গন,"[20, 8, 6, 3, 0, 0, 0, 0, 0, 0, 0, 0, 0, 0, 0, 0, 0, 0]","[['g', 'ɔ'], ['n', 'o']]",gɔno
জীবাণু,"[18, 4, 11, 1, 6, 14, 0, 0, 0, 0, 0, 0, 0, 0, 0, 0, 0, 0]","[['dʒ', 'i'], ['b', 'a'], ['n', 'u']]",dʒibanu
বোনের,"[11, 3, 6, 5, 2, 0, 0, 0, 0, 0, 0, 0, 0, 0, 0, 0, 0, 0]","[['b', 'o'], ['n', 'e', 'r']]",boner
তুরস্ক,"[9, 14, 2, 8, 10, 7, 3, 0, 0, 0, 0, 0, 0, 0, 0, 0, 0, 0]","[['t̪', 'u'], ['r', 'ɔ', 'ʃ'], ['k', 'o']]",t̪urɔʃko
তাৎপর্যপূর্ণ,"[9, 1, 9, 15, 8, 2, 18, 3, 15, 14, 2, 6, 3, 0, 0, 0, 0, 0]","[['t̪', 'a', 't̪'], ['p', 'ɔ', 'r'], ['dʒ', 'o'], ['p', 'u', 'r'], ['n', 'o']]",t̪at̪pɔrdʒopurno
নাজনীন,"[6, 1, 18, 6, 4, 6, 0, 0, 0, 0, 0, 0, 0, 0, 0, 0, 0, 0]","[['n', 'a', 'dʒ'], ['n', 'i', 'n']]",nadʒnin
আইনি,"[32, 6, 4, 0, 0, 0, 0, 0, 0, 0, 0, 0, 0, 0, 0, 0, 0, 0]","[['ai̯'], ['n', 'i']]",ai̯ni
ওজন,"[3, 18, 3, 6, 0, 0, 0, 0, 0, 0, 0, 0, 0, 0, 0, 0, 0, 0]","[['o'], ['dʒ', 'o', 'n']]",odʒon
বিচ্ছেদের,"[11, 4, 22, 28, 5, 16, 5, 2, 0, 0, 0, 0, 0, 0, 0, 0, 0, 0]","[['b', 'i', 'tʃ'], ['tʃʰ', 'e'], ['d̪', 'e', 'r']]",bitʃtʃʰed̪er
খেলনা,"[24, 29, 12, 6, 1, 0, 0, 0, 0, 0, 0, 0, 0, 0, 0, 0, 0, 0]","[['kʰ', 'æ', 'l'], ['n', 'a']]",kʰælna
রাজপুত্র,"[2, 1, 18, 15, 14, 9, 2, 3, 0, 0, 0, 0, 0, 0, 0, 0, 0, 0]","[['r', 'a', 'dʒ'], ['p', 'u', 't̪'], ['r', 'o']]",radʒput̪ro
প্রভাবশালী,"[15, 2, 3, 23, 1, 11, 10, 1, 12, 4, 0, 0, 0, 0, 0, 0, 0, 0]","[['p', 'r', 'o'], ['bʱ', 'a', 'b'], ['ʃ', 'a'], ['l', 'i']]",probʱabʃali
প্রশংসার,"[15, 2, 3, 10, 3, 31, 10, 1, 2, 0, 0, 0, 0, 0, 0, 0, 0, 0]","[['p', 'r', 'o'], ['ʃ', 'o', 'ŋ'], ['ʃ', 'a', 'r']]",proʃoŋʃar
রাস্তাটা,"[2, 1, 19, 9, 1, 17, 1, 0, 0, 0, 0, 0, 0, 0, 0, 0, 0, 0]","[['r', 'a', 's'], ['t̪', 'a'], ['ʈ', 'a']]",rast̪aʈa
ইনসাফ,"[4, 6, 19, 1, 27, 0, 0, 0, 0, 0, 0, 0, 0, 0, 0, 0, 0, 0]","[['i', 'n'], ['s', 'a', 'f']]",insaf
আফতাব,"[1, 27, 9, 1, 11, 0, 0, 0, 0, 0, 0, 0, 0, 0, 0, 0, 0, 0]","[['a', 'f'], ['t̪', 'a', 'b']]",aft̪ab
মিছিলের,"[13, 4, 28, 4, 12, 5, 2, 0, 0, 0, 0, 0, 0, 0, 0, 0, 0, 0]","[['m', 'i'], ['tʃʰ', 'i'], ['l', 'e', 'r']]",mitʃʰiler
হারুনুর,"[21, 1, 2, 14, 6, 14, 2, 0, 0, 0, 0, 0, 0, 0, 0, 0, 0, 0]","[['h', 'a'], ['r', 'u'], ['n', 'u', 'r']]",harunur
আশি,"[1, 10, 4, 0, 0, 0, 0, 0, 0, 0, 0, 0, 0, 0, 0, 0, 0, 0]","[['a'], ['ʃ', 'i']]",aʃi
রূপান্তরিত,"[2, 14, 15, 1, 6, 9, 3, 2, 4, 9, 3, 0, 0, 0, 0, 0, 0, 0]","[['r', 'u'], ['p', 'a', 'n'], ['t̪', 'o'], ['r', 'i'], ['t̪', 'o']]",rupant̪orit̪o
জন্মবার্ষিকী,"[18, 8, 6, 13, 3, 11, 1, 2, 10, 4, 7, 4, 0, 0, 0, 0, 0, 0]","[['dʒ', 'ɔ', 'n'], ['m', 'o'], ['b', 'a', 'r'], ['ʃ', 'i'], ['k', 'i']]",dʒɔnmobarʃiki
প্রাচীনতম,"[15, 2, 1, 22, 4, 6, 9, 8, 13, 3, 0, 0, 0, 0, 0, 0, 0, 0]","[['p', 'r', 'a'], ['tʃ', 'i', 'n'], ['t̪', 'ɔ'], ['m', 'o']]",pratʃint̪ɔmo
উত্থাপন,"[14, 9, 30, 1, 15, 3, 6, 0, 0, 0, 0, 0, 0, 0, 0, 0, 0, 0]","[['u', 't̪'], ['t̪ʰ', 'a'], ['p', 'o', 'n']]",ut̪t̪ʰapon
প্রস্তাবের,"[15, 2, 3, 19, 9, 1, 11, 5, 2, 0, 0, 0, 0, 0, 0, 0, 0, 0]","[['p', 'r', 'o', 's'], ['t̪', 'a'], ['b', 'e', 'r']]",prost̪aber
যত,"[18, 8, 9, 3, 0, 0, 0, 0, 0, 0, 0, 0, 0, 0, 0, 0, 0, 0]","[['dʒ', 'ɔ'], ['t̪', 'o']]",dʒɔt̪o
শতাংশের,"[10, 8, 9, 1, 31, 10, 5, 2, 0, 0, 0, 0, 0, 0, 0, 0, 0, 0]","[['ʃ', 'ɔ'], ['t̪', 'a', 'ŋ'], ['ʃ', 'e', 'r']]",ʃɔt̪aŋʃer
মারছে,"[13, 1, 2, 28, 5, 0, 0, 0, 0, 0, 0, 0, 0, 0, 0, 0, 0, 0]","[['m', 'a', 'r'], ['tʃʰ', 'e']]",martʃʰe
দিও,"[16, 4, 3, 0, 0, 0, 0, 0, 0, 0, 0, 0, 0, 0, 0, 0, 0, 0]","[['d̪', 'i'], ['o']]",d̪io
চিনতে,"[22, 4, 6, 9, 5, 0, 0, 0, 0, 0, 0, 0, 0, 0, 0, 0, 0, 0]","[['tʃ', 'i', 'n'], ['t̪', 'e']]",tʃint̪e
ভোটাররা,"[23, 3, 17, 1, 2, 2, 1, 0, 0, 0, 0, 0, 0, 0, 0, 0, 0, 0]","[['bʱ', 'o'], ['ʈ', 'a', 'r'], ['r', 'a']]",bʱoʈarra
অবিরাম,"[8, 11, 4, 2, 1, 13, 0, 0, 0, 0, 0, 0, 0, 0, 0, 0, 0, 0]","[['ɔ'], ['b', 'i'], ['r', 'a', 'm']]",ɔbiram
ভেবেছিল,"[23, 5, 11, 5, 28, 4, 12, 3, 0, 0, 0, 0, 0, 0, 0, 0, 0, 0]","[['bʱ', 'e'], ['b', 'e'], ['tʃʰ', 'i'], ['l', 'o']]",bʱebetʃʰilo
তুলেছেন,"[9, 14, 12, 5, 28, 5, 6, 0, 0, 0, 0, 0, 0, 0, 0, 0, 0, 0]","[['t̪', 'u'], ['l', 'e'], ['tʃʰ', 'e', 'n']]",t̪uletʃʰen
বাচ্চারা,"[11, 1, 22, 22, 1, 2, 1, 0, 0, 0, 0, 0, 0, 0, 0, 0, 0, 0]","[['b', 'a', 'tʃ'], ['tʃ', 'a'], ['r', 'a']]",batʃtʃara
জ্যোতি,"[18, 3, 9, 4, 0, 0, 0, 0, 0, 0, 0, 0, 0, 0, 0, 0, 0, 0]","[['dʒ', 'o'], ['t̪', 'i']]",dʒot̪i
স্টিফেন,"[19, 17, 4, 27, 5, 6, 0, 0, 0, 0, 0, 0, 0, 0, 0, 0, 0, 0]","[['s', 'ʈ', 'i'], ['f', 'e', 'n']]",sʈifen
নামাজ,"[6, 1, 13, 1, 18, 0, 0, 0, 0, 0, 0, 0, 0, 0, 0, 0, 0, 0]","[['n', 'a'], ['m', 'a', 'dʒ']]",namadʒ
চুলে,"[22, 14, 12, 5, 0, 0, 0, 0, 0, 0, 0, 0, 0, 0, 0, 0, 0, 0]","[['tʃ', 'u'], ['l', 'e']]",tʃule
দিবা,"[16, 4, 11, 1, 0, 0, 0, 0, 0, 0, 0, 0, 0, 0, 0, 0, 0, 0]","[['d̪', 'i'], ['b', 'a']]",d̪iba
প্রত্যাহার,"[15, 2, 3, 9, 9, 1, 21, 1, 2, 0, 0, 0, 0, 0, 0, 0, 0, 0]","[['p', 'r', 'o', 't̪'], ['t̪', 'a'], ['h', 'a', 'r']]",prot̪t̪ahar
বিজিবির,"[11, 4, 18, 4, 11, 4, 2, 0, 0, 0, 0, 0, 0, 0, 0, 0, 0, 0]","[['b', 'i'], ['dʒ', 'i'], ['b', 'i', 'r']]",bidʒibir
নৈতিকতা,"[6, 35, 9, 4, 7, 8, 9, 1, 0, 0, 0, 0, 0, 0, 0, 0, 0, 0]","[['n', 'oi̯'], ['t̪', 'i'], ['k', 'ɔ'], ['t̪', 'a']]",noi̯t̪ikɔt̪a
সারে,"[10, 1, 2, 5, 0, 0, 0, 0, 0, 0, 0, 0, 0, 0, 0, 0, 0, 0]","[['ʃ', 'a'], ['r', 'e']]",ʃare
আমিও,"[1, 13, 4, 3, 0, 0, 0, 0, 0, 0, 0, 0, 0, 0, 0, 0, 0, 0]","[['a'], ['m', 'i'], ['o']]",amio
কার্যকারিতা,"[7, 1, 2, 18, 3, 7, 1, 2, 4, 9, 1, 0, 0, 0, 0, 0, 0, 0]","[['k', 'a', 'r'], ['dʒ', 'o'], ['k', 'a'], ['r', 'i'], ['t̪', 'a']]",kardʒokarit̪a
প্রবেশাধিকার,"[15, 2, 3, 11, 5, 10, 1, 25, 4, 7, 1, 2, 0, 0, 0, 0, 0, 0]","[['p', 'r', 'o'], ['b', 'e'], ['ʃ', 'a'], ['d̪ʱ', 'i'], ['k', 'a', 'r']]",probeʃad̪ʱikar
চলেছিল,"[22, 3, 12, 5, 28, 4, 12, 3, 0, 0, 0, 0, 0, 0, 0, 0, 0, 0]","[['tʃ', 'o'], ['l', 'e'], ['tʃʰ', 'i'], ['l', 'o']]",tʃoletʃʰilo
বাকী,"[11, 1, 7, 4, 0, 0, 0, 0, 0, 0, 0, 0, 0, 0, 0, 0, 0, 0]","[['b', 'a'], ['k', 'i']]",baki
মৃতদের,"[13, 2, 4, 9, 3, 16, 5, 2, 0, 0, 0, 0, 0, 0, 0, 0, 0, 0]","[['m', 'r', 'i'], ['t̪', 'o'], ['d̪', 'e', 'r']]",mrit̪od̪er
মানবজাতির,"[13, 1, 6, 3, 11, 18, 1, 9, 4, 2, 0, 0, 0, 0, 0, 0, 0, 0]","[['m', 'a'], ['n', 'o', 'b'], ['dʒ', 'a'], ['t̪', 'i', 'r']]",manobdʒat̪ir
আচরণ,"[1, 22, 3, 2, 3, 6, 0, 0, 0, 0, 0, 0, 0, 0, 0, 0, 0, 0]","[['a'], ['tʃ', 'o'], ['r', 'o', 'n']]",atʃoron
তিমি,"[9, 4, 13, 4, 0, 0, 0, 0, 0, 0, 0, 0, 0, 0, 0, 0, 0, 0]","[['t̪', 'i'], ['m', 'i']]",t̪imi
ম্যাডাম,"[13, 29, 26, 1, 13, 0, 0, 0, 0, 0, 0, 0, 0, 0, 0, 0, 0, 0]","[['m', 'æ'], ['ɖ', 'a', 'm']]",mæɖam
দরকারি,"[16, 8, 2, 7, 1, 2, 4, 0, 0, 0, 0, 0, 0, 0, 0, 0, 0, 0]","[['d̪', 'ɔ', 'r'], ['k', 'a'], ['r', 'i']]",d̪ɔrkari
উন্নত,"[14, 6, 6, 8, 9, 3, 0, 0, 0, 0, 0, 0, 0, 0, 0, 0, 0, 0]","[['u', 'n'], ['n', 'ɔ'], ['t̪', 'o']]",unnɔt̪o
ভূগর্ভস্থ,"[23, 14, 20, 8, 2, 23, 3, 19, 30, 3, 0, 0, 0, 0, 0, 0, 0, 0]","[['bʱ', 'u'], ['g', 'ɔ', 'r'], ['bʱ', 'o', 's'], ['t̪ʰ', 'o']]",bʱugɔrbʱost̪ʰo
শাহবাগ,"[10, 1, 21, 11, 1, 20, 0, 0, 0, 0, 0, 0, 0, 0, 0, 0, 0, 0]","[['ʃ', 'a', 'h'], ['b', 'a', 'g']]",ʃahbag
বসবাসকারী,"[11, 8, 10, 3, 11, 1, 10, 7, 1, 2, 4, 0, 0, 0, 0, 0, 0, 0]","[['b', 'ɔ'], ['ʃ', 'o'], ['b', 'a', 'ʃ'], ['k', 'a'], ['r', 'i']]",bɔʃobaʃkari
পোলাপান,"[15, 3, 12, 1, 15, 1, 6, 0, 0, 0, 0, 0, 0, 0, 0, 0, 0, 0]","[['p', 'o'], ['l', 'a'], ['p', 'a', 'n']]",polapan
বহমান,"[11, 8, 21, 3, 13, 1, 6, 0, 0, 0, 0, 0, 0, 0, 0, 0, 0, 0]","[['b', 'ɔ'], ['h', 'o'], ['m', 'a', 'n']]",bɔhoman
ব্যবস্থাপনার,"[11, 29, 11, 3, 19, 30, 1, 15, 8, 6, 1, 2, 0, 0, 0, 0, 0, 0]","[['b', 'æ'], ['b', 'o', 's'], ['t̪ʰ', 'a'], ['p', 'ɔ'], ['n', 'a', 'r']]",bæbost̪ʰapɔnar
দেশেও,"[16, 5, 10, 37, 0, 0, 0, 0, 0, 0, 0, 0, 0, 0, 0, 0, 0, 0]","[['d̪', 'e'], ['ʃ', 'eo̯']]",d̪eʃeo̯
সোবহান,"[19, 3, 11, 21, 1, 6, 0, 0, 0, 0, 0, 0, 0, 0, 0, 0, 0, 0]","[['s', 'o', 'b'], ['h', 'a', 'n']]",sobhan
অধ্যাপক,"[8, 16, 25, 1, 15, 8, 7, 0, 0, 0, 0, 0, 0, 0, 0, 0, 0, 0]","[['ɔ', 'd̪'], ['d̪ʱ', 'a'], ['p', 'ɔ', 'k']]",ɔd̪d̪ʱapɔk
ভালোবাসা,"[23, 1, 12, 3, 11, 1, 10, 1, 0, 0, 0, 0, 0, 0, 0, 0, 0, 0]","[['bʱ', 'a'], ['l', 'o'], ['b', 'a'], ['ʃ', 'a']]",bʱalobaʃa
বাঘা,"[11, 1, 34, 1, 0, 0, 0, 0, 0, 0, 0, 0, 0, 0, 0, 0, 0, 0]","[['b', 'a'], ['gʱ', 'a']]",bagʱa
সভ্যতা,"[10, 3, 11, 23, 3, 9, 1, 0, 0, 0, 0, 0, 0, 0, 0, 0, 0, 0]","[['ʃ', 'o', 'b'], ['bʱ', 'o'], ['t̪', 'a']]",ʃobbʱot̪a
পরিস্থিতিতে,"[15, 3, 2, 4, 19, 30, 4, 9, 4, 9, 5, 0, 0, 0, 0, 0, 0, 0]","[['p', 'o'], ['r', 'i', 's'], ['t̪ʰ', 'i'], ['t̪', 'i'], ['t̪', 'e']]",porist̪ʰit̪it̪e
নিজেদের,"[6, 4, 18, 5, 16, 5, 2, 0, 0, 0, 0, 0, 0, 0, 0, 0, 0, 0]","[['n', 'i'], ['dʒ', 'e'], ['d̪', 'e', 'r']]",nidʒed̪er
বাঁধন,"[11, 1, 25, 3, 6, 0, 0, 0, 0, 0, 0, 0, 0, 0, 0, 0, 0, 0]","[['b', 'a'], ['d̪ʱ', 'o', 'n']]",bad̪ʱon
হত,"[21, 3, 9, 3, 0, 0, 0, 0, 0, 0, 0, 0, 0, 0, 0, 0, 0, 0]","[['h', 'o'], ['t̪', 'o']]",hot̪o
ভিসা,"[23, 4, 19, 1, 0, 0, 0, 0, 0, 0, 0, 0, 0, 0, 0, 0, 0, 0]","[['bʱ', 'i'], ['s', 'a']]",bʱisa
স্টিভেন,"[19, 17, 4, 23, 5, 6, 0, 0, 0, 0, 0, 0, 0, 0, 0, 0, 0, 0]","[['s', 'ʈ', 'i'], ['bʱ', 'e', 'n']]",sʈibʱen
গ্রহণযোগ্যতা,"[20, 2, 3, 21, 3, 6, 18, 3, 20, 20, 3, 9, 1, 0, 0, 0, 0, 0]","[['g', 'r', 'o'], ['h', 'o', 'n'], ['dʒ', 'o', 'g'], ['g', 'o'], ['t̪', 'a']]",grohondʒoggot̪a
তিনজনের,"[9, 4, 6, 18, 8, 6, 5, 2, 0, 0, 0, 0, 0, 0, 0, 0, 0, 0]","[['t̪', 'i', 'n'], ['dʒ', 'ɔ'], ['n', 'e', 'r']]",t̪indʒɔner
কাঁদতে,"[7, 1, 16, 9, 5, 0, 0, 0, 0, 0, 0, 0, 0, 0, 0, 0, 0, 0]","[['k', 'a', 'd̪'], ['t̪', 'e']]",kad̪t̪e
ঋতু,"[2, 4, 9, 14, 0, 0, 0, 0, 0, 0, 0, 0, 0, 0, 0, 0, 0, 0]","[['r', 'i'], ['t̪', 'u']]",rit̪u
সামগ্রিকভাবে,"[10, 1, 13, 3, 20, 2, 4, 7, 23, 1, 11, 5, 0, 0, 0, 0, 0, 0]","[['ʃ', 'a'], ['m', 'o', 'g'], ['r', 'i', 'k'], ['bʱ', 'a'], ['b', 'e']]",ʃamogrikbʱabe
শ্রমিক,"[10, 2, 3, 13, 4, 7, 0, 0, 0, 0, 0, 0, 0, 0, 0, 0, 0, 0]","[['ʃ', 'r', 'o'], ['m', 'i', 'k']]",ʃromik
স্মৃতিস্তম্ভ,"[19, 2, 4, 9, 4, 19, 9, 8, 13, 23, 3, 0, 0, 0, 0, 0, 0, 0]","[['s', 'r', 'i'], ['t̪', 'i'], ['s', 't̪', 'ɔ', 'm'], ['bʱ', 'o']]",srit̪ist̪ɔmbʱo
লাথি,"[12, 1, 30, 4, 0, 0, 0, 0, 0, 0, 0, 0, 0, 0, 0, 0, 0, 0]","[['l', 'a'], ['t̪ʰ', 'i']]",lat̪ʰi
কীভাবে,"[7, 4, 23, 1, 11, 5, 0, 0, 0, 0, 0, 0, 0, 0, 0, 0, 0, 0]","[['k', 'i'], ['bʱ', 'a'], ['b', 'e']]",kibʱabe
পরদিন,"[15, 8, 2, 16, 4, 6, 0, 0, 0, 0, 0, 0, 0, 0, 0, 0, 0, 0]","[['p', 'ɔ', 'r'], ['d̪', 'i', 'n']]",pɔrd̪in
সমস্যাগুলো,"[10, 8, 13, 3, 10, 10, 1, 20, 14, 12, 3, 0, 0, 0, 0, 0, 0, 0]","[['ʃ', 'ɔ'], ['m', 'o', 'ʃ'], ['ʃ', 'a'], ['g', 'u'], ['l', 'o']]",ʃɔmoʃʃagulo
পাননি,"[15, 1, 6, 6, 4, 0, 0, 0, 0, 0, 0, 0, 0, 0, 0, 0, 0, 0]","[['p', 'a', 'n'], ['n', 'i']]",panni
ভাবছে,"[23, 1, 11, 28, 5, 0, 0, 0, 0, 0, 0, 0, 0, 0, 0, 0, 0, 0]","[['bʱ', 'a', 'b'], ['tʃʰ', 'e']]",bʱabtʃʰe
শাসনামলে,"[10, 1, 10, 3, 6, 1, 13, 3, 12, 5, 0, 0, 0, 0, 0, 0, 0, 0]","[['ʃ', 'a'], ['ʃ', 'o'], ['n', 'a'], ['m', 'o'], ['l', 'e']]",ʃaʃonamole
গাঁজা,"[20, 1, 18, 1, 0, 0, 0, 0, 0, 0, 0, 0, 0, 0, 0, 0, 0, 0]","[['g', 'a'], ['dʒ', 'a']]",gadʒa
লাঞ্ছিত,"[12, 1, 6, 28, 4, 9, 3, 0, 0, 0, 0, 0, 0, 0, 0, 0, 0, 0]","[['l', 'a', 'n'], ['tʃʰ', 'i'], ['t̪', 'o']]",lantʃʰit̪o
বহনকারী,"[11, 8, 21, 3, 6, 7, 1, 2, 4, 0, 0, 0, 0, 0, 0, 0, 0, 0]","[['b', 'ɔ'], ['h', 'o', 'n'], ['k', 'a'], ['r', 'i']]",bɔhonkari
যেদিন,"[18, 5, 16, 4, 6, 0, 0, 0, 0, 0, 0, 0, 0, 0, 0, 0, 0, 0]","[['dʒ', 'e'], ['d̪', 'i', 'n']]",dʒed̪in
অতিরিক্ত,"[3, 9, 4, 2, 4, 7, 9, 3, 0, 0, 0, 0, 0, 0, 0, 0, 0, 0]","[['o'], ['t̪', 'i'], ['r', 'i', 'k'], ['t̪', 'o']]",ot̪irikt̪o
আচার্য,"[1, 22, 1, 2, 18, 3, 0, 0, 0, 0, 0, 0, 0, 0, 0, 0, 0, 0]","[['a'], ['tʃ', 'a', 'r'], ['dʒ', 'o']]",atʃardʒo
পদের,"[15, 8, 16, 5, 2, 0, 0, 0, 0, 0, 0, 0, 0, 0, 0, 0, 0, 0]","[['p', 'ɔ'], ['d̪', 'e', 'r']]",pɔd̪er
গুলোকে,"[20, 14, 12, 3, 7, 5, 0, 0, 0, 0, 0, 0, 0, 0, 0, 0, 0, 0]","[['g', 'u'], ['l', 'o'], ['k', 'e']]",guloke
লতিফ,"[12, 3, 9, 4, 27, 0, 0, 0, 0, 0, 0, 0, 0, 0, 0, 0, 0, 0]","[['l', 'o'], ['t̪', 'i', 'f']]",lot̪if
সুষম,"[10, 14, 10, 8, 13, 3, 0, 0, 0, 0, 0, 0, 0, 0, 0, 0, 0, 0]","[['ʃ', 'u'], ['ʃ', 'ɔ'], ['m', 'o']]",ʃuʃɔmo
শিবের,"[10, 4, 11, 5, 2, 0, 0, 0, 0, 0, 0, 0, 0, 0, 0, 0, 0, 0]","[['ʃ', 'i'], ['b', 'e', 'r']]",ʃiber
চাইছে,"[22, 32, 28, 5, 0, 0, 0, 0, 0, 0, 0, 0, 0, 0, 0, 0, 0, 0]","[['tʃ', 'ai̯'], ['tʃʰ', 'e']]",tʃai̯tʃʰe
রহমত,"[2, 8, 21, 3, 13, 3, 9, 0, 0, 0, 0, 0, 0, 0, 0, 0, 0, 0]","[['r', 'ɔ'], ['h', 'o'], ['m', 'o', 't̪']]",rɔhomot̪
বাস্তবতার,"[11, 1, 19, 9, 3, 11, 8, 9, 1, 2, 0, 0, 0, 0, 0, 0, 0, 0]","[['b', 'a', 's'], ['t̪', 'o'], ['b', 'ɔ'], ['t̪', 'a', 'r']]",bast̪obɔt̪ar
খোকা,"[24, 3, 7, 1, 0, 0, 0, 0, 0, 0, 0, 0, 0, 0, 0, 0, 0, 0]","[['kʰ', 'o'], ['k', 'a']]",kʰoka
ফেডারেল,"[27, 5, 26, 1, 2, 5, 12, 0, 0, 0, 0, 0, 0, 0, 0, 0, 0, 0]","[['f', 'e'], ['ɖ', 'a'], ['r', 'e', 'l']]",feɖarel
পরবর্তিতে,"[15, 8, 2, 3, 11, 3, 2, 9, 4, 9, 5, 0, 0, 0, 0, 0, 0, 0]","[['p', 'ɔ'], ['r', 'o'], ['b', 'o', 'r'], ['t̪', 'i'], ['t̪', 'e']]",pɔrobort̪it̪e
শিশুটিকে,"[10, 4, 10, 14, 17, 4, 7, 5, 0, 0, 0, 0, 0, 0, 0, 0, 0, 0]","[['ʃ', 'i'], ['ʃ', 'u'], ['ʈ', 'i'], ['k', 'e']]",ʃiʃuʈike
জাদুঘর,"[18, 1, 16, 14, 34, 8, 2, 0, 0, 0, 0, 0, 0, 0, 0, 0, 0, 0]","[['dʒ', 'a'], ['d̪', 'u'], ['gʱ', 'ɔ', 'r']]",dʒad̪ugʱɔr
বসানোর,"[11, 8, 10, 1, 6, 3, 2, 0, 0, 0, 0, 0, 0, 0, 0, 0, 0, 0]","[['b', 'ɔ'], ['ʃ', 'a'], ['n', 'o', 'r']]",bɔʃanor
রাকাত,"[2, 1, 7, 1, 9, 0, 0, 0, 0, 0, 0, 0, 0, 0, 0, 0, 0, 0]","[['r', 'a'], ['k', 'a', 't̪']]",rakat̪
রহমানের,"[2, 8, 21, 3, 13, 1, 6, 5, 2, 0, 0, 0, 0, 0, 0, 0, 0, 0]","[['r', 'ɔ'], ['h', 'o'], ['m', 'a'], ['n', 'e', 'r']]",rɔhomaner
যশোরের,"[18, 8, 10, 3, 2, 5, 2, 0, 0, 0, 0, 0, 0, 0, 0, 0, 0, 0]","[['dʒ', 'ɔ'], ['ʃ', 'o'], ['r', 'e', 'r']]",dʒɔʃorer
পৌঁছাবে,"[15, 38, 28, 1, 11, 5, 0, 0, 0, 0, 0, 0, 0, 0, 0, 0, 0, 0]","[['p', 'ou̯'], ['tʃʰ', 'a'], ['b', 'e']]",pou̯tʃʰabe
ঘেরাও,"[34, 5, 2, 39, 0, 0, 0, 0, 0, 0, 0, 0, 0, 0, 0, 0, 0, 0]","[['gʱ', 'e'], ['r', 'ao̯']]",gʱerao̯
দিবসটিতে,"[16, 4, 11, 8, 10, 17, 4, 9, 5, 0, 0, 0, 0, 0, 0, 0, 0, 0]","[['d̪', 'i'], ['b', 'ɔ', 'ʃ'], ['ʈ', 'i'], ['t̪', 'e']]",d̪ibɔʃʈit̪e
শপথগ্রহণ,"[10, 8, 15, 3, 30, 20, 2, 3, 21, 3, 6, 0, 0, 0, 0, 0, 0, 0]","[['ʃ', 'ɔ'], ['p', 'o', 't̪ʰ'], ['g', 'r', 'o'], ['h', 'o', 'n']]",ʃɔpot̪ʰgrohon
চেতনাও,"[22, 5, 9, 3, 6, 1, 3, 0, 0, 0, 0, 0, 0, 0, 0, 0, 0, 0]","[['tʃ', 'e'], ['t̪', 'o'], ['n', 'a'], ['o']]",tʃet̪onao
রাকিবকে,"[2, 1, 7, 4, 11, 7, 5, 0, 0, 0, 0, 0, 0, 0, 0, 0, 0, 0]","[['r', 'a'], ['k', 'i', 'b'], ['k', 'e']]",rakibke
তেজপাতার,"[9, 5, 18, 15, 1, 9, 1, 2, 0, 0, 0, 0, 0, 0, 0, 0, 0, 0]","[['t̪', 'e', 'dʒ'], ['p', 'a'], ['t̪', 'a', 'r']]",t̪edʒpat̪ar
নীরবেই,"[6, 4, 2, 8, 11, 33, 0, 0, 0, 0, 0, 0, 0, 0, 0, 0, 0, 0]","[['n', 'i'], ['r', 'ɔ'], ['b', 'ei̯']]",nirɔbei̯
খামারটি,"[24, 1, 13, 1, 2, 17, 4, 0, 0, 0, 0, 0, 0, 0, 0, 0, 0, 0]","[['kʰ', 'a'], ['m', 'a', 'r'], ['ʈ', 'i']]",kʰamarʈi
দেহই,"[16, 5, 21, 35, 0, 0, 0, 0, 0, 0, 0, 0, 0, 0, 0, 0, 0, 0]","[['d̪', 'e'], ['h', 'oi̯']]",d̪ehoi̯
দেবশ্রী,"[16, 5, 11, 3, 19, 2, 4, 0, 0, 0, 0, 0, 0, 0, 0, 0, 0, 0]","[['d̪', 'e'], ['b', 'o', 's'], ['r', 'i']]",d̪ebosri
ফাতেমাকে,"[27, 1, 9, 5, 13, 1, 7, 5, 0, 0, 0, 0, 0, 0, 0, 0, 0, 0]","[['f', 'a'], ['t̪', 'e'], ['m', 'a'], ['k', 'e']]",fat̪emake
নিজামীকে,"[6, 4, 18, 1, 13, 4, 7, 5, 0, 0, 0, 0, 0, 0, 0, 0, 0, 0]","[['n', 'i'], ['dʒ', 'a'], ['m', 'i'], ['k', 'e']]",nidʒamike
পচানো,"[15, 8, 22, 1, 6, 3, 0, 0, 0, 0, 0, 0, 0, 0, 0, 0, 0, 0]","[['p', 'ɔ'], ['tʃ', 'a'], ['n', 'o']]",pɔtʃano
ভূমিকম্পকে,"[23, 14, 13, 4, 7, 8, 13, 15, 3, 7, 5, 0, 0, 0, 0, 0, 0, 0]","[['bʱ', 'u'], ['m', 'i'], ['k', 'ɔ', 'm'], ['p', 'o'], ['k', 'e']]",bʱumikɔmpoke
বসবাসরতদের,"[11, 8, 10, 3, 11, 1, 10, 2, 8, 9, 3, 16, 5, 2, 0, 0, 0, 0]","[['b', 'ɔ'], ['ʃ', 'o'], ['b', 'a', 'ʃ'], ['r', 'ɔ'], ['t̪', 'o'], ['d̪', 'e', 'r']]",bɔʃobaʃrɔt̪od̪er
আন্দোলনেরও,"[1, 6, 16, 3, 12, 8, 6, 5, 2, 3, 0, 0, 0, 0, 0, 0, 0, 0]","[['a', 'n'], ['d̪', 'o'], ['l', 'ɔ'], ['n', 'e', 'r'], ['o']]",and̪olɔnero
ছাত্রজীবনেই,"[28, 1, 9, 2, 3, 18, 4, 11, 8, 6, 33, 0, 0, 0, 0, 0, 0, 0]","[['tʃʰ', 'a', 't̪'], ['r', 'o'], ['dʒ', 'i'], ['b', 'ɔ'], ['n', 'ei̯']]",tʃʰat̪rodʒibɔnei̯
ঊর্ধ্বগামী,"[14, 2, 25, 3, 20, 1, 13, 4, 0, 0, 0, 0, 0, 0, 0, 0, 0, 0]","[['u', 'r'], ['d̪ʱ', 'o'], ['g', 'a'], ['m', 'i']]",urd̪ʱogami
মৌলিকতার,"[13, 38, 12, 4, 7, 8, 9, 1, 2, 0, 0, 0, 0, 0, 0, 0, 0, 0]","[['m', 'ou̯'], ['l', 'i'], ['k', 'ɔ'], ['t̪', 'a', 'r']]",mou̯likɔt̪ar
প্লাতিনি,"[15, 12, 1, 9, 4, 6, 4, 0, 0, 0, 0, 0, 0, 0, 0, 0, 0, 0]","[['p', 'l', 'a'], ['t̪', 'i'], ['n', 'i']]",plat̪ini
উপস্থাপনাও,"[14, 15, 3, 19, 30, 1, 15, 3, 6, 39, 0, 0, 0, 0, 0, 0, 0, 0]","[['u'], ['p', 'o', 's'], ['t̪ʰ', 'a'], ['p', 'o'], ['n', 'ao̯']]",upost̪ʰaponao̯
ফকিরকে,"[27, 3, 7, 4, 2, 7, 5, 0, 0, 0, 0, 0, 0, 0, 0, 0, 0, 0]","[['f', 'o'], ['k', 'i', 'r'], ['k', 'e']]",fokirke
কবুতরটি,"[7, 3, 11, 14, 9, 8, 2, 17, 4, 0, 0, 0, 0, 0, 0, 0, 0, 0]","[['k', 'o'], ['b', 'u'], ['t̪', 'ɔ', 'r'], ['ʈ', 'i']]",kobut̪ɔrʈi
আদিত্যর,"[1, 16, 4, 9, 9, 3, 2, 0, 0, 0, 0, 0, 0, 0, 0, 0, 0, 0]","[['a'], ['d̪', 'i', 't̪'], ['t̪', 'o', 'r']]",ad̪it̪t̪or
তাসবিহ,"[9, 1, 19, 11, 4, 21, 0, 0, 0, 0, 0, 0, 0, 0, 0, 0, 0, 0]","[['t̪', 'a', 's'], ['b', 'i', 'h']]",t̪asbih
খুলনাগামী,"[24, 14, 12, 6, 1, 20, 1, 13, 4, 0, 0, 0, 0, 0, 0, 0, 0, 0]","[['kʰ', 'u', 'l'], ['n', 'a'], ['g', 'a'], ['m', 'i']]",kʰulnagami
মাছরাঙার,"[13, 1, 28, 2, 1, 31, 1, 2, 0, 0, 0, 0, 0, 0, 0, 0, 0, 0]","[['m', 'a', 'tʃʰ'], ['r', 'a'], ['ŋ', 'a', 'r']]",matʃʰraŋar
করির,"[7, 3, 2, 4, 2, 0, 0, 0, 0, 0, 0, 0, 0, 0, 0, 0, 0, 0]","[['k', 'o'], ['r', 'i', 'r']]",korir
ব্যক্তিজীবনের,"[11, 29, 7, 9, 4, 18, 4, 11, 3, 6, 5, 2, 0, 0, 0, 0, 0, 0]","[['b', 'æ', 'k'], ['t̪', 'i'], ['dʒ', 'i'], ['b', 'o'], ['n', 'e', 'r']]",bækt̪idʒiboner
পরিবহনব্যবস্থা,"[15, 3, 2, 4, 11, 8, 21, 3, 6, 11, 29, 11, 3, 19, 30, 1, 0, 0]","[['p', 'o'], ['r', 'i'], ['b', 'ɔ'], ['h', 'o', 'n'], ['b', 'æ'], ['b', 'o', 's'], ['t̪ʰ', 'a']]",poribɔhonbæbost̪ʰa
খামারগুলোতে,"[24, 1, 13, 1, 2, 20, 14, 12, 3, 9, 5, 0, 0, 0, 0, 0, 0, 0]","[['kʰ', 'a'], ['m', 'a', 'r'], ['g', 'u'], ['l', 'o'], ['t̪', 'e']]",kʰamargulot̪e
খিলখিল,"[24, 4, 12, 24, 4, 12, 0, 0, 0, 0, 0, 0, 0, 0, 0, 0, 0, 0]","[['kʰ', 'i', 'l'], ['kʰ', 'i', 'l']]",kʰilkʰil
জিকরুল,"[18, 4, 7, 2, 14, 12, 0, 0, 0, 0, 0, 0, 0, 0, 0, 0, 0, 0]","[['dʒ', 'i', 'k'], ['r', 'u', 'l']]",dʒikrul
বাদলকে,"[11, 1, 16, 3, 12, 7, 5, 0, 0, 0, 0, 0, 0, 0, 0, 0, 0, 0]","[['b', 'a'], ['d̪', 'o', 'l'], ['k', 'e']]",bad̪olke
মহাবিহার,"[13, 8, 21, 1, 11, 4, 21, 1, 2, 0, 0, 0, 0, 0, 0, 0, 0, 0]","[['m', 'ɔ'], ['h', 'a'], ['b', 'i'], ['h', 'a', 'r']]",mɔhabihar
ভাস্তে,"[23, 1, 19, 9, 5, 0, 0, 0, 0, 0, 0, 0, 0, 0, 0, 0, 0, 0]","[['bʱ', 'a', 's'], ['t̪', 'e']]",bʱast̪e
বাজিগর,"[11, 1, 18, 4, 20, 8, 2, 0, 0, 0, 0, 0, 0, 0, 0, 0, 0, 0]","[['b', 'a'], ['dʒ', 'i'], ['g', 'ɔ', 'r']]",badʒigɔr
গোলটিও,"[20, 3, 12, 17, 4, 3, 0, 0, 0, 0, 0, 0, 0, 0, 0, 0, 0, 0]","[['g', 'o', 'l'], ['ʈ', 'i'], ['o']]",golʈio
তৃণা,"[9, 2, 4, 6, 1, 0, 0, 0, 0, 0, 0, 0, 0, 0, 0, 0, 0, 0]","[['t̪', 'r', 'i'], ['n', 'a']]",t̪rina
এগোচ্ছিল,"[5, 20, 3, 22, 28, 4, 12, 3, 0, 0, 0, 0, 0, 0, 0, 0, 0, 0]","[['e'], ['g', 'o', 'tʃ'], ['tʃʰ', 'i'], ['l', 'o']]",egotʃtʃʰilo
নরহত্যার,"[6, 8, 2, 3, 21, 3, 9, 9, 1, 2, 0, 0, 0, 0, 0, 0, 0, 0]","[['n', 'ɔ'], ['r', 'o'], ['h', 'o', 't̪'], ['t̪', 'a', 'r']]",nɔrohot̪t̪ar
আশকোনা,"[1, 10, 7, 3, 6, 1, 0, 0, 0, 0, 0, 0, 0, 0, 0, 0, 0, 0]","[['a', 'ʃ'], ['k', 'o'], ['n', 'a']]",aʃkona
জন্মসনদ,"[18, 8, 6, 13, 3, 10, 8, 6, 3, 16, 0, 0, 0, 0, 0, 0, 0, 0]","[['dʒ', 'ɔ', 'n'], ['m', 'o'], ['ʃ', 'ɔ'], ['n', 'o', 'd̪']]",dʒɔnmoʃɔnod̪
দিনাজপুরসহ,"[16, 4, 6, 1, 18, 15, 14, 2, 10, 8, 21, 3, 0, 0, 0, 0, 0, 0]","[['d̪', 'i'], ['n', 'a', 'dʒ'], ['p', 'u', 'r'], ['ʃ', 'ɔ'], ['h', 'o']]",d̪inadʒpurʃɔho
জাপানও,"[18, 1, 15, 1, 6, 3, 0, 0, 0, 0, 0, 0, 0, 0, 0, 0, 0, 0]","[['dʒ', 'a'], ['p', 'a', 'n'], ['o']]",dʒapano
মন্দিরও,"[13, 3, 6, 16, 4, 2, 3, 0, 0, 0, 0, 0, 0, 0, 0, 0, 0, 0]","[['m', 'o', 'n'], ['d̪', 'i', 'r'], ['o']]",mond̪iro
দেনাপাওনা,"[16, 5, 6, 1, 15, 39, 6, 1, 0, 0, 0, 0, 0, 0, 0, 0, 0, 0]","[['d̪', 'e'], ['n', 'a'], ['p', 'ao̯'], ['n', 'a']]",d̪enapao̯na
স্বামীবাগ,"[10, 1, 13, 4, 11, 1, 20, 0, 0, 0, 0, 0, 0, 0, 0, 0, 0, 0]","[['ʃ', 'a'], ['m', 'i'], ['b', 'a', 'g']]",ʃamibag
বুদ্ধিজীবীকে,"[11, 14, 16, 25, 4, 18, 4, 11, 4, 7, 5, 0, 0, 0, 0, 0, 0, 0]","[['b', 'u', 'd̪'], ['d̪ʱ', 'i'], ['dʒ', 'i'], ['b', 'i'], ['k', 'e']]",bud̪d̪ʱidʒibike
রবেনের,"[2, 8, 11, 5, 6, 5, 2, 0, 0, 0, 0, 0, 0, 0, 0, 0, 0, 0]","[['r', 'ɔ'], ['b', 'e'], ['n', 'e', 'r']]",rɔbener
অপরাধপ্রবণ,"[8, 15, 3, 2, 1, 25, 15, 2, 3, 11, 3, 6, 0, 0, 0, 0, 0, 0]","[['ɔ'], ['p', 'o'], ['r', 'a', 'd̪ʱ'], ['p', 'r', 'o'], ['b', 'o', 'n']]",ɔporad̪ʱprobon
ঠিকানাসহ,"[36, 4, 7, 1, 6, 1, 10, 8, 21, 3, 0, 0, 0, 0, 0, 0, 0, 0]","[['ʈʰ', 'i'], ['k', 'a'], ['n', 'a'], ['ʃ', 'ɔ'], ['h', 'o']]",ʈʰikanaʃɔho
আমাদিগকে,"[1, 13, 1, 16, 4, 20, 3, 7, 5, 0, 0, 0, 0, 0, 0, 0, 0, 0]","[['a'], ['m', 'a'], ['d̪', 'i'], ['g', 'o'], ['k', 'e']]",amad̪igoke
কথারই,"[7, 8, 30, 1, 2, 4, 0, 0, 0, 0, 0, 0, 0, 0, 0, 0, 0, 0]","[['k', 'ɔ'], ['t̪ʰ', 'a', 'r'], ['i']]",kɔt̪ʰari
জানালেই,"[18, 1, 6, 1, 12, 33, 0, 0, 0, 0, 0, 0, 0, 0, 0, 0, 0, 0]","[['dʒ', 'a'], ['n', 'a'], ['l', 'ei̯']]",dʒanalei̯
আনুশেহ,"[1, 6, 14, 10, 5, 21, 0, 0, 0, 0, 0, 0, 0, 0, 0, 0, 0, 0]","[['a'], ['n', 'u'], ['ʃ', 'e', 'h']]",anuʃeh
প্রতীকও,"[15, 2, 3, 9, 4, 7, 3, 0, 0, 0, 0, 0, 0, 0, 0, 0, 0, 0]","[['p', 'r', 'o'], ['t̪', 'i'], ['k', 'o']]",prot̪iko
ইচ্ছেগুলো,"[4, 22, 28, 5, 20, 14, 12, 3, 0, 0, 0, 0, 0, 0, 0, 0, 0, 0]","[['i', 'tʃ'], ['tʃʰ', 'e'], ['g', 'u'], ['l', 'o']]",itʃtʃʰegulo
বৃষ্টিস্নাত,"[11, 2, 4, 10, 17, 4, 19, 6, 1, 9, 3, 0, 0, 0, 0, 0, 0, 0]","[['b', 'r', 'i', 'ʃ'], ['ʈ', 'i'], ['s', 'n', 'a'], ['t̪', 'o']]",briʃʈisnat̪o
শ্বেতশুভ্র,"[10, 5, 9, 3, 10, 14, 23, 2, 3, 0, 0, 0, 0, 0, 0, 0, 0, 0]","[['ʃ', 'e'], ['t̪', 'o'], ['ʃ', 'u', 'bʱ'], ['r', 'o']]",ʃet̪oʃubʱro
রম্বস,"[2, 8, 13, 11, 3, 10, 0, 0, 0, 0, 0, 0, 0, 0, 0, 0, 0, 0]","[['r', 'ɔ', 'm'], ['b', 'o', 'ʃ']]",rɔmboʃ
মধ্যপ্রাচ্যেও,"[13, 3, 16, 25, 3, 15, 2, 1, 22, 22, 37, 0, 0, 0, 0, 0, 0, 0]","[['m', 'o', 'd̪'], ['d̪ʱ', 'o'], ['p', 'r', 'a', 'tʃ'], ['tʃ', 'eo̯']]",mod̪d̪ʱopratʃtʃeo̯
চাকরিজীবন,"[22, 1, 7, 2, 4, 18, 4, 11, 3, 6, 0, 0, 0, 0, 0, 0, 0, 0]","[['tʃ', 'a', 'k'], ['r', 'i'], ['dʒ', 'i'], ['b', 'o', 'n']]",tʃakridʒibon
ভবনেও,"[23, 8, 11, 3, 6, 37, 0, 0, 0, 0, 0, 0, 0, 0, 0, 0, 0, 0]","[['bʱ', 'ɔ'], ['b', 'o'], ['n', 'eo̯']]",bʱɔboneo̯
দেখারও,"[16, 29, 24, 1, 2, 3, 0, 0, 0, 0, 0, 0, 0, 0, 0, 0, 0, 0]","[['d̪', 'æ'], ['kʰ', 'a', 'r'], ['o']]",d̪ækʰaro
পান্ট,"[15, 1, 6, 17, 0, 0, 0, 0, 0, 0, 0, 0, 0, 0, 0, 0, 0, 0]","[['p', 'a', 'n', 'ʈ']]",panʈ
কোনোরকমে,"[7, 3, 6, 3, 2, 8, 7, 3, 13, 5, 0, 0, 0, 0, 0, 0, 0, 0]","[['k', 'o'], ['n', 'o'], ['r', 'ɔ'], ['k', 'o'], ['m', 'e']]",konorɔkome
আবেদীনকে,"[1, 11, 5, 16, 4, 6, 7, 5, 0, 0, 0, 0, 0, 0, 0, 0, 0, 0]","[['a'], ['b', 'e'], ['d̪', 'i', 'n'], ['k', 'e']]",abed̪inke
ণত্ব,"[6, 8, 9, 9, 3, 0, 0, 0, 0, 0, 0, 0, 0, 0, 0, 0, 0, 0]","[['n', 'ɔ', 't̪'], ['t̪', 'o']]",nɔt̪t̪o
মরদেহটি,"[13, 8, 2, 3, 16, 5, 21, 3, 17, 4, 0, 0, 0, 0, 0, 0, 0, 0]","[['m', 'ɔ'], ['r', 'o'], ['d̪', 'e'], ['h', 'o'], ['ʈ', 'i']]",mɔrod̪ehoʈi
কলাপসিবল,"[7, 8, 12, 1, 15, 19, 4, 11, 8, 12, 0, 0, 0, 0, 0, 0, 0, 0]","[['k', 'ɔ'], ['l', 'a', 'p'], ['s', 'i'], ['b', 'ɔ', 'l']]",kɔlapsibɔl
প্রবণতাই,"[15, 2, 3, 11, 3, 6, 8, 9, 32, 0, 0, 0, 0, 0, 0, 0, 0, 0]","[['p', 'r', 'o'], ['b', 'o'], ['n', 'ɔ'], ['t̪', 'ai̯']]",probonɔt̪ai̯
এসডিজি,"[5, 19, 26, 4, 18, 4, 0, 0, 0, 0, 0, 0, 0, 0, 0, 0, 0, 0]","[['e', 's'], ['ɖ', 'i'], ['dʒ', 'i']]",esɖidʒi
নারীশিক্ষার,"[6, 1, 2, 4, 10, 4, 7, 24, 1, 2, 0, 0, 0, 0, 0, 0, 0, 0]","[['n', 'a'], ['r', 'i'], ['ʃ', 'i', 'k'], ['kʰ', 'a', 'r']]",nariʃikkʰar
বন্যপ্রাণীদের,"[11, 8, 6, 6, 3, 15, 2, 1, 6, 4, 16, 5, 2, 0, 0, 0, 0, 0]","[['b', 'ɔ', 'n'], ['n', 'o'], ['p', 'r', 'a'], ['n', 'i'], ['d̪', 'e', 'r']]",bɔnnopranid̪er
ফেস্টিভল,"[27, 5, 19, 17, 4, 23, 8, 12, 0, 0, 0, 0, 0, 0, 0, 0, 0, 0]","[['f', 'e', 's'], ['ʈ', 'i'], ['bʱ', 'ɔ', 'l']]",fesʈibʱɔl
তাঁকেও,"[9, 1, 7, 37, 0, 0, 0, 0, 0, 0, 0, 0, 0, 0, 0, 0, 0, 0]","[['t̪', 'a'], ['k', 'eo̯']]",t̪akeo̯
কিডনিকে,"[7, 4, 26, 6, 4, 7, 5, 0, 0, 0, 0, 0, 0, 0, 0, 0, 0, 0]","[['k', 'i', 'ɖ'], ['n', 'i'], ['k', 'e']]",kiɖnike
রফতানিতে,"[2, 8, 27, 9, 1, 6, 4, 9, 5, 0, 0, 0, 0, 0, 0, 0, 0, 0]","[['r', 'ɔ', 'f'], ['t̪', 'a'], ['n', 'i'], ['t̪', 'e']]",rɔft̪anit̪e
বানানটি,"[11, 1, 6, 1, 6, 17, 4, 0, 0, 0, 0, 0, 0, 0, 0, 0, 0, 0]","[['b', 'a'], ['n', 'a', 'n'], ['ʈ', 'i']]",bananʈi
করিতেছে,"[7, 3, 2, 4, 9, 5, 28, 5, 0, 0, 0, 0, 0, 0, 0, 0, 0, 0]","[['k', 'o'], ['r', 'i'], ['t̪', 'e'], ['tʃʰ', 'e']]",korit̪etʃʰe
রীতিও,"[2, 4, 9, 4, 3, 0, 0, 0, 0, 0, 0, 0, 0, 0, 0, 0, 0, 0]","[['r', 'i'], ['t̪', 'i'], ['o']]",rit̪io
যোগ্যতর,"[18, 3, 20, 20, 3, 9, 8, 2, 3, 0, 0, 0, 0, 0, 0, 0, 0, 0]","[['dʒ', 'o', 'g'], ['g', 'o'], ['t̪', 'ɔ'], ['r', 'o']]",dʒoggot̪ɔro
বেতনভুক,"[11, 5, 9, 3, 6, 23, 14, 7, 0, 0, 0, 0, 0, 0, 0, 0, 0, 0]","[['b', 'e'], ['t̪', 'o', 'n'], ['bʱ', 'u', 'k']]",bet̪onbʱuk
রোজাদার,"[2, 3, 18, 1, 16, 1, 2, 0, 0, 0, 0, 0, 0, 0, 0, 0, 0, 0]","[['r', 'o'], ['dʒ', 'a'], ['d̪', 'a', 'r']]",rodʒad̪ar
এসিসির,"[5, 19, 4, 19, 4, 2, 0, 0, 0, 0, 0, 0, 0, 0, 0, 0, 0, 0]","[['e'], ['s', 'i'], ['s', 'i', 'r']]",esisir
কংগ্রেসও,"[7, 8, 31, 20, 2, 5, 19, 3, 0, 0, 0, 0, 0, 0, 0, 0, 0, 0]","[['k', 'ɔ', 'ŋ'], ['g', 'r', 'e'], ['s', 'o']]",kɔŋgreso
নমুনাগুলো,"[6, 3, 13, 14, 6, 1, 20, 14, 12, 3, 0, 0, 0, 0, 0, 0, 0, 0]","[['n', 'o'], ['m', 'u'], ['n', 'a'], ['g', 'u'], ['l', 'o']]",nomunagulo
বেঞ্চিতে,"[11, 5, 6, 22, 4, 9, 5, 0, 0, 0, 0, 0, 0, 0, 0, 0, 0, 0]","[['b', 'e', 'n'], ['tʃ', 'i'], ['t̪', 'e']]",bentʃit̪e
আরএকে,"[1, 2, 5, 7, 5, 0, 0, 0, 0, 0, 0, 0, 0, 0, 0, 0, 0, 0]","[['a', 'r'], ['e'], ['k', 'e']]",areke
মমকে,"[13, 8, 13, 3, 7, 5, 0, 0, 0, 0, 0, 0, 0, 0, 0, 0, 0, 0]","[['m', 'ɔ'], ['m', 'o'], ['k', 'e']]",mɔmoke
মনেরও,"[13, 3, 6, 5, 2, 3, 0, 0, 0, 0, 0, 0, 0, 0, 0, 0, 0, 0]","[['m', 'o'], ['n', 'e', 'r'], ['o']]",monero
জলপরি,"[18, 8, 12, 15, 3, 2, 4, 0, 0, 0, 0, 0, 0, 0, 0, 0, 0, 0]","[['dʒ', 'ɔ', 'l'], ['p', 'o'], ['r', 'i']]",dʒɔlpori
জিআরই,"[18, 4, 1, 2, 32, 0, 0, 0, 0, 0, 0, 0, 0, 0, 0, 0, 0, 0]","[['dʒ', 'i'], ['a', 'r'], ['ai̯']]",dʒiarai̯
আমিনবাজার,"[1, 13, 4, 6, 11, 1, 18, 1, 2, 0, 0, 0, 0, 0, 0, 0, 0, 0]","[['a'], ['m', 'i', 'n'], ['b', 'a'], ['dʒ', 'a', 'r']]",aminbadʒar
বনগ্রামে,"[11, 8, 6, 20, 2, 1, 13, 5, 0, 0, 0, 0, 0, 0, 0, 0, 0, 0]","[['b', 'ɔ', 'n'], ['g', 'r', 'a'], ['m', 'e']]",bɔngrame
বনেই,"[11, 3, 6, 33, 0, 0, 0, 0, 0, 0, 0, 0, 0, 0, 0, 0, 0, 0]","[['b', 'o'], ['n', 'ei̯']]",bonei̯
শিকারও,"[10, 4, 7, 1, 2, 3, 0, 0, 0, 0, 0, 0, 0, 0, 0, 0, 0, 0]","[['ʃ', 'i'], ['k', 'a', 'r'], ['o']]",ʃikaro
ছত্রাকজনিত,"[28, 8, 9, 2, 1, 7, 18, 3, 6, 4, 9, 3, 0, 0, 0, 0, 0, 0]","[['tʃʰ', 'ɔ', 't̪'], ['r', 'a', 'k'], ['dʒ', 'o'], ['n', 'i'], ['t̪', 'o']]",tʃʰɔt̪rakdʒonit̪o
সেটগুলো,"[19, 5, 17, 20, 14, 12, 3, 0, 0, 0, 0, 0, 0, 0, 0, 0, 0, 0]","[['s', 'e', 'ʈ'], ['g', 'u'], ['l', 'o']]",seʈgulo
ট্যালকম,"[17, 29, 12, 7, 8, 13, 0, 0, 0, 0, 0, 0, 0, 0, 0, 0, 0, 0]","[['ʈ', 'æ', 'l'], ['k', 'ɔ', 'm']]",ʈælkɔm
বাহিনীরও,"[11, 1, 21, 4, 6, 4, 2, 3, 0, 0, 0, 0, 0, 0, 0, 0, 0, 0]","[['b', 'a'], ['h', 'i'], ['n', 'i'], ['r', 'o']]",bahiniro
সদাচরণ,"[10, 8, 16, 1, 22, 8, 2, 3, 6, 0, 0, 0, 0, 0, 0, 0, 0, 0]","[['ʃ', 'ɔ'], ['d̪', 'a'], ['tʃ', 'ɔ'], ['r', 'o', 'n']]",ʃɔd̪atʃɔron
আনারকলির,"[1, 6, 1, 2, 7, 3, 12, 4, 2, 0, 0, 0, 0, 0, 0, 0, 0, 0]","[['a'], ['n', 'a', 'r'], ['k', 'o'], ['l', 'i', 'r']]",anarkolir
কিভাবেই,"[7, 4, 23, 1, 11, 33, 0, 0, 0, 0, 0, 0, 0, 0, 0, 0, 0, 0]","[['k', 'i'], ['bʱ', 'a'], ['b', 'ei̯']]",kibʱabei̯
মেনুর,"[13, 5, 6, 14, 2, 0, 0, 0, 0, 0, 0, 0, 0, 0, 0, 0, 0, 0]","[['m', 'e'], ['n', 'u', 'r']]",menur
মাছটিকে,"[13, 1, 28, 17, 4, 7, 5, 0, 0, 0, 0, 0, 0, 0, 0, 0, 0, 0]","[['m', 'a', 'tʃʰ'], ['ʈ', 'i'], ['k', 'e']]",matʃʰʈike
চীনেই,"[22, 4, 6, 33, 0, 0, 0, 0, 0, 0, 0, 0, 0, 0, 0, 0, 0, 0]","[['tʃ', 'i'], ['n', 'ei̯']]",tʃinei̯
অভিনেতাও,"[3, 23, 4, 6, 5, 9, 1, 3, 0, 0, 0, 0, 0, 0, 0, 0, 0, 0]","[['o'], ['bʱ', 'i'], ['n', 'e'], ['t̪', 'a'], ['o']]",obʱinet̪ao
নবদম্পতিদের,"[6, 8, 11, 3, 16, 8, 13, 15, 3, 9, 4, 16, 5, 2, 0, 0, 0, 0]","[['n', 'ɔ'], ['b', 'o'], ['d̪', 'ɔ', 'm'], ['p', 'o'], ['t̪', 'i'], ['d̪', 'e', 'r']]",nɔbod̪ɔmpot̪id̪er
বিএলআরআই,"[11, 4, 5, 12, 1, 2, 32, 0, 0, 0, 0, 0, 0, 0, 0, 0, 0, 0]","[['b', 'i'], ['e', 'l'], ['a', 'r'], ['ai̯']]",bielarai̯
করিতেছিলেন,"[7, 3, 2, 4, 9, 5, 28, 4, 12, 5, 6, 0, 0, 0, 0, 0, 0, 0]","[['k', 'o'], ['r', 'i'], ['t̪', 'e'], ['tʃʰ', 'i'], ['l', 'e', 'n']]",korit̪etʃʰilen
বাবুরহাট,"[11, 1, 11, 14, 2, 21, 1, 17, 0, 0, 0, 0, 0, 0, 0, 0, 0, 0]","[['b', 'a'], ['b', 'u', 'r'], ['h', 'a', 'ʈ']]",baburhaʈ
কচলে,"[7, 3, 22, 12, 5, 0, 0, 0, 0, 0, 0, 0, 0, 0, 0, 0, 0, 0]","[['k', 'o', 'tʃ'], ['l', 'e']]",kotʃle
কমেছিল,"[7, 3, 13, 5, 28, 4, 12, 3, 0, 0, 0, 0, 0, 0, 0, 0, 0, 0]","[['k', 'o'], ['m', 'e'], ['tʃʰ', 'i'], ['l', 'o']]",kometʃʰilo
মাহবুবউদ্দিন,"[13, 1, 21, 11, 14, 11, 14, 16, 16, 4, 6, 0, 0, 0, 0, 0, 0, 0]","[['m', 'a', 'h'], ['b', 'u', 'b'], ['u', 'd̪'], ['d̪', 'i', 'n']]",mahbubud̪d̪in
ব্যবসাপ্রতিষ্ঠান,"[11, 29, 11, 10, 1, 15, 2, 3, 9, 4, 10, 36, 1, 6, 0, 0, 0, 0]","[['b', 'æ', 'b'], ['ʃ', 'a'], ['p', 'r', 'o'], ['t̪', 'i', 'ʃ'], ['ʈʰ', 'a', 'n']]",bæbʃaprot̪iʃʈʰan
সম্মেলনও,"[10, 8, 13, 13, 5, 12, 8, 6, 3, 0, 0, 0, 0, 0, 0, 0, 0, 0]","[['ʃ', 'ɔ', 'm'], ['m', 'e'], ['l', 'ɔ', 'n'], ['o']]",ʃɔmmelɔno
উদ্যোগেও,"[14, 16, 16, 3, 20, 37, 0, 0, 0, 0, 0, 0, 0, 0, 0, 0, 0, 0]","[['u', 'd̪'], ['d̪', 'o'], ['g', 'eo̯']]",ud̪d̪ogeo̯
বোলাররাই,"[11, 3, 12, 1, 2, 2, 32, 0, 0, 0, 0, 0, 0, 0, 0, 0, 0, 0]","[['b', 'o'], ['l', 'a', 'r'], ['r', 'ai̯']]",bolarrai̯
বলিলেন,"[11, 3, 12, 4, 12, 5, 6, 0, 0, 0, 0, 0, 0, 0, 0, 0, 0, 0]","[['b', 'o'], ['l', 'i'], ['l', 'e', 'n']]",bolilen
তদন্তই,"[9, 8, 16, 3, 6, 9, 35, 0, 0, 0, 0, 0, 0, 0, 0, 0, 0, 0]","[['t̪', 'ɔ'], ['d̪', 'o', 'n'], ['t̪', 'oi̯']]",t̪ɔd̪ont̪oi̯
পানিস্বল্পতা,"[15, 1, 6, 4, 10, 8, 12, 15, 3, 9, 1, 0, 0, 0, 0, 0, 0, 0]","[['p', 'a'], ['n', 'i'], ['ʃ', 'ɔ', 'l'], ['p', 'o'], ['t̪', 'a']]",paniʃɔlpot̪a
মারও,"[13, 1, 2, 3, 0, 0, 0, 0, 0, 0, 0, 0, 0, 0, 0, 0, 0, 0]","[['m', 'a', 'r'], ['o']]",maro
নিরস,"[6, 4, 2, 8, 10, 0, 0, 0, 0, 0, 0, 0, 0, 0, 0, 0, 0, 0]","[['n', 'i'], ['r', 'ɔ', 'ʃ']]",nirɔʃ
তাঁহারই,"[9, 1, 21, 1, 2, 4, 0, 0, 0, 0, 0, 0, 0, 0, 0, 0, 0, 0]","[['t̪', 'a'], ['h', 'a', 'r'], ['i']]",t̪ahari
ওসিসি,"[3, 19, 4, 19, 4, 0, 0, 0, 0, 0, 0, 0, 0, 0, 0, 0, 0, 0]","[['o'], ['s', 'i'], ['s', 'i']]",osisi
অপশনও,"[8, 15, 10, 8, 6, 3, 0, 0, 0, 0, 0, 0, 0, 0, 0, 0, 0, 0]","[['ɔ', 'p'], ['ʃ', 'ɔ', 'n'], ['o']]",ɔpʃɔno
কেএফসির,"[7, 5, 5, 27, 19, 4, 2, 0, 0, 0, 0, 0, 0, 0, 0, 0, 0, 0]","[['k', 'e'], ['e', 'f'], ['s', 'i', 'r']]",keefsir
ভাইল,"[23, 32, 12, 0, 0, 0, 0, 0, 0, 0, 0, 0, 0, 0, 0, 0, 0, 0]","[['bʱ', 'ai̯', 'l']]",bʱai̯l
বেতনভাতা,"[11, 5, 9, 3, 6, 23, 1, 9, 1, 0, 0, 0, 0, 0, 0, 0, 0, 0]","[['b', 'e'], ['t̪', 'o', 'n'], ['bʱ', 'a'], ['t̪', 'a']]",bet̪onbʱat̪a
ঘটালেও,"[34, 8, 17, 1, 12, 37, 0, 0, 0, 0, 0, 0, 0, 0, 0, 0, 0, 0]","[['gʱ', 'ɔ'], ['ʈ', 'a'], ['l', 'eo̯']]",gʱɔʈaleo̯
হারেস,"[21, 1, 2, 5, 19, 0, 0, 0, 0, 0, 0, 0, 0, 0, 0, 0, 0, 0]","[['h', 'a'], ['r', 'e', 's']]",hares
চাঁদাবাজিতে,"[22, 1, 16, 1, 11, 1, 18, 4, 9, 5, 0, 0, 0, 0, 0, 0, 0, 0]","[['tʃ', 'a'], ['d̪', 'a'], ['b', 'a'], ['dʒ', 'i'], ['t̪', 'e']]",tʃad̪abadʒit̪e
কাশবন,"[7, 1, 10, 11, 3, 6, 0, 0, 0, 0, 0, 0, 0, 0, 0, 0, 0, 0]","[['k', 'a', 'ʃ'], ['b', 'o', 'n']]",kaʃbon
জাতিরই,"[18, 1, 9, 4, 2, 4, 0, 0, 0, 0, 0, 0, 0, 0, 0, 0, 0, 0]","[['dʒ', 'a'], ['t̪', 'i', 'r'], ['i']]",dʒat̪iri
ওসমানীকে,"[3, 19, 13, 1, 6, 4, 7, 5, 0, 0, 0, 0, 0, 0, 0, 0, 0, 0]","[['o', 's'], ['m', 'a'], ['n', 'i'], ['k', 'e']]",osmanike
অকালীন,"[8, 7, 1, 12, 4, 6, 0, 0, 0, 0, 0, 0, 0, 0, 0, 0, 0, 0]","[['ɔ'], ['k', 'a'], ['l', 'i', 'n']]",ɔkalin
নীলিমার,"[6, 4, 12, 4, 13, 1, 2, 0, 0, 0, 0, 0, 0, 0, 0, 0, 0, 0]","[['n', 'i'], ['l', 'i'], ['m', 'a', 'r']]",nilimar
নববর্ষকে,"[6, 8, 11, 3, 11, 8, 2, 10, 3, 7, 5, 0, 0, 0, 0, 0, 0, 0]","[['n', 'ɔ'], ['b', 'o'], ['b', 'ɔ', 'r'], ['ʃ', 'o'], ['k', 'e']]",nɔbobɔrʃoke
বাঁশিটি,"[11, 1, 10, 4, 17, 4, 0, 0, 0, 0, 0, 0, 0, 0, 0, 0, 0, 0]","[['b', 'a'], ['ʃ', 'i'], ['ʈ', 'i']]",baʃiʈi
টিসিবির,"[17, 4, 19, 4, 11, 4, 2, 0, 0, 0, 0, 0, 0, 0, 0, 0, 0, 0]","[['ʈ', 'i'], ['s', 'i'], ['b', 'i', 'r']]",ʈisibir
জাতগুলো,"[18, 1, 9, 20, 14, 12, 3, 0, 0, 0, 0, 0, 0, 0, 0, 0, 0, 0]","[['dʒ', 'a', 't̪'], ['g', 'u'], ['l', 'o']]",dʒat̪gulo
ছাত্রসহ,"[28, 1, 9, 2, 3, 10, 8, 21, 3, 0, 0, 0, 0, 0, 0, 0, 0, 0]","[['tʃʰ', 'a', 't̪'], ['r', 'o'], ['ʃ', 'ɔ'], ['h', 'o']]",tʃʰat̪roʃɔho
জেতাটা,"[18, 5, 9, 1, 17, 1, 0, 0, 0, 0, 0, 0, 0, 0, 0, 0, 0, 0]","[['dʒ', 'e'], ['t̪', 'a'], ['ʈ', 'a']]",dʒet̪aʈa
বাসভূমির,"[11, 1, 10, 23, 14, 13, 4, 2, 0, 0, 0, 0, 0, 0, 0, 0, 0, 0]","[['b', 'a', 'ʃ'], ['bʱ', 'u'], ['m', 'i', 'r']]",baʃbʱumir
আন্তজেলা,"[1, 6, 9, 3, 18, 5, 12, 1, 0, 0, 0, 0, 0, 0, 0, 0, 0, 0]","[['a', 'n'], ['t̪', 'o'], ['dʒ', 'e'], ['l', 'a']]",ant̪odʒela
নৈশকালীন,"[6, 35, 10, 3, 7, 1, 12, 4, 6, 0, 0, 0, 0, 0, 0, 0, 0, 0]","[['n', 'oi̯'], ['ʃ', 'o'], ['k', 'a'], ['l', 'i', 'n']]",noi̯ʃokalin
ভিসিকে,"[23, 4, 19, 4, 7, 5, 0, 0, 0, 0, 0, 0, 0, 0, 0, 0, 0, 0]","[['bʱ', 'i'], ['s', 'i'], ['k', 'e']]",bʱisike
রোডস্থ,"[2, 3, 26, 3, 19, 30, 3, 0, 0, 0, 0, 0, 0, 0, 0, 0, 0, 0]","[['r', 'o'], ['ɖ', 'o', 's'], ['t̪ʰ', 'o']]",roɖost̪ʰo
দিকগুলোকে,"[16, 4, 7, 20, 14, 12, 3, 7, 5, 0, 0, 0, 0, 0, 0, 0, 0, 0]","[['d̪', 'i', 'k'], ['g', 'u'], ['l', 'o'], ['k', 'e']]",d̪ikguloke
বনশ্রীতে,"[11, 8, 6, 3, 19, 2, 4, 9, 5, 0, 0, 0, 0, 0, 0, 0, 0, 0]","[['b', 'ɔ'], ['n', 'o'], ['s', 'r', 'i'], ['t̪', 'e']]",bɔnosrit̪e
হারানোটা,"[21, 1, 2, 1, 6, 3, 17, 1, 0, 0, 0, 0, 0, 0, 0, 0, 0, 0]","[['h', 'a'], ['r', 'a'], ['n', 'o'], ['ʈ', 'a']]",haranoʈa
প্রশিক্ষণকালে,"[15, 2, 3, 10, 4, 7, 24, 8, 6, 7, 1, 12, 5, 0, 0, 0, 0, 0]","[['p', 'r', 'o'], ['ʃ', 'i', 'k'], ['kʰ', 'ɔ', 'n'], ['k', 'a'], ['l', 'e']]",proʃikkʰɔnkale
জিইসি,"[18, 4, 4, 19, 4, 0, 0, 0, 0, 0, 0, 0, 0, 0, 0, 0, 0, 0]","[['dʒ', 'i'], ['i'], ['s', 'i']]",dʒiisi
কার্গোর,"[7, 1, 2, 20, 3, 2, 0, 0, 0, 0, 0, 0, 0, 0, 0, 0, 0, 0]","[['k', 'a', 'r'], ['g', 'o', 'r']]",kargor
স্যাভলন,"[19, 29, 23, 12, 8, 6, 0, 0, 0, 0, 0, 0, 0, 0, 0, 0, 0, 0]","[['s', 'æ', 'bʱ'], ['l', 'ɔ', 'n']]",sæbʱlɔn
হিমঘরে,"[21, 4, 13, 34, 8, 2, 5, 0, 0, 0, 0, 0, 0, 0, 0, 0, 0, 0]","[['h', 'i', 'm'], ['gʱ', 'ɔ'], ['r', 'e']]",himgʱɔre
খাতসহ,"[24, 1, 9, 10, 8, 21, 3, 0, 0, 0, 0, 0, 0, 0, 0, 0, 0, 0]","[['kʰ', 'a', 't̪'], ['ʃ', 'ɔ'], ['h', 'o']]",kʰat̪ʃɔho
বাপ্পার,"[11, 1, 15, 15, 1, 2, 0, 0, 0, 0, 0, 0, 0, 0, 0, 0, 0, 0]","[['b', 'a', 'p'], ['p', 'a', 'r']]",bappar
কারাগারেও,"[7, 1, 2, 1, 20, 1, 2, 37, 0, 0, 0, 0, 0, 0, 0, 0, 0, 0]","[['k', 'a'], ['r', 'a'], ['g', 'a'], ['r', 'eo̯']]",karagareo̯
মুদ্রাগুলো,"[13, 14, 16, 2, 1, 20, 14, 12, 3, 0, 0, 0, 0, 0, 0, 0, 0, 0]","[['m', 'u', 'd̪'], ['r', 'a'], ['g', 'u'], ['l', 'o']]",mud̪ragulo
ডেনসিটি,"[26, 5, 6, 19, 4, 17, 4, 0, 0, 0, 0, 0, 0, 0, 0, 0, 0, 0]","[['ɖ', 'e', 'n'], ['s', 'i'], ['ʈ', 'i']]",ɖensiʈi
রাজনীতিকরা,"[2, 1, 18, 6, 4, 9, 4, 7, 2, 1, 0, 0, 0, 0, 0, 0, 0, 0]","[['r', 'a', 'dʒ'], ['n', 'i'], ['t̪', 'i', 'k'], ['r', 'a']]",radʒnit̪ikra
বিনুনি,"[11, 4, 6, 14, 6, 4, 0, 0, 0, 0, 0, 0, 0, 0, 0, 0, 0, 0]","[['b', 'i'], ['n', 'u'], ['n', 'i']]",binuni
সপ্রে,"[10, 8, 15, 2, 5, 0, 0, 0, 0, 0, 0, 0, 0, 0, 0, 0, 0, 0]","[['ʃ', 'ɔ', 'p'], ['r', 'e']]",ʃɔpre
ফ্যাশনস,"[27, 29, 10, 3, 6, 19, 0, 0, 0, 0, 0, 0, 0, 0, 0, 0, 0, 0]","[['f', 'æ'], ['ʃ', 'o', 'n', 's']]",fæʃons
নিভৃতচারী,"[6, 4, 23, 2, 4, 9, 3, 22, 1, 2, 4, 0, 0, 0, 0, 0, 0, 0]","[['n', 'i', 'bʱ'], ['r', 'i'], ['t̪', 'o'], ['tʃ', 'a'], ['r', 'i']]",nibʱrit̪otʃari
স্তবকে,"[19, 9, 8, 11, 3, 7, 5, 0, 0, 0, 0, 0, 0, 0, 0, 0, 0, 0]","[['s', 't̪', 'ɔ'], ['b', 'o'], ['k', 'e']]",st̪ɔboke
মেটান,"[13, 5, 17, 1, 6, 0, 0, 0, 0, 0, 0, 0, 0, 0, 0, 0, 0, 0]","[['m', 'e'], ['ʈ', 'a', 'n']]",meʈan
সুইটস,"[19, 44, 17, 19, 0, 0, 0, 0, 0, 0, 0, 0, 0, 0, 0, 0, 0, 0]","[['s', 'ui̯', 'ʈ', 's']]",sui̯ʈs
নসরুল,"[6, 3, 19, 2, 14, 12, 0, 0, 0, 0, 0, 0, 0, 0, 0, 0, 0, 0]","[['n', 'o', 's'], ['r', 'u', 'l']]",nosrul
ফিকশ্চার,"[27, 4, 7, 10, 22, 1, 2, 0, 0, 0, 0, 0, 0, 0, 0, 0, 0, 0]","[['f', 'i', 'k', 'ʃ'], ['tʃ', 'a', 'r']]",fikʃtʃar
কর্মবিরতির,"[7, 8, 2, 13, 3, 11, 4, 2, 3, 9, 4, 2, 0, 0, 0, 0, 0, 0]","[['k', 'ɔ', 'r'], ['m', 'o'], ['b', 'i'], ['r', 'o'], ['t̪', 'i', 'r']]",kɔrmobirot̪ir
মহিদুল,"[13, 3, 21, 4, 16, 14, 12, 0, 0, 0, 0, 0, 0, 0, 0, 0, 0, 0]","[['m', 'o'], ['h', 'i'], ['d̪', 'u', 'l']]",mohid̪ul
সাজঘরে,"[10, 1, 18, 34, 8, 2, 5, 0, 0, 0, 0, 0, 0, 0, 0, 0, 0, 0]","[['ʃ', 'a', 'dʒ'], ['gʱ', 'ɔ'], ['r', 'e']]",ʃadʒgʱɔre
নির্যাতনমূলক,"[6, 4, 2, 18, 1, 9, 3, 6, 13, 14, 12, 3, 7, 0, 0, 0, 0, 0]","[['n', 'i', 'r'], ['dʒ', 'a'], ['t̪', 'o', 'n'], ['m', 'u'], ['l', 'o', 'k']]",nirdʒat̪onmulok
লাখই,"[12, 1, 24, 4, 0, 0, 0, 0, 0, 0, 0, 0, 0, 0, 0, 0, 0, 0]","[['l', 'a', 'kʰ'], ['i']]",lakʰi
প্যানেলকে,"[15, 29, 6, 5, 12, 7, 5, 0, 0, 0, 0, 0, 0, 0, 0, 0, 0, 0]","[['p', 'æ'], ['n', 'e', 'l'], ['k', 'e']]",pænelke
ভোটারসংখ্যা,"[23, 3, 17, 1, 2, 10, 8, 31, 24, 1, 0, 0, 0, 0, 0, 0, 0, 0]","[['bʱ', 'o'], ['ʈ', 'a', 'r'], ['ʃ', 'ɔ', 'ŋ'], ['kʰ', 'a']]",bʱoʈarʃɔŋkʰa
প্রকাশিতও,"[15, 2, 3, 7, 1, 10, 4, 9, 3, 3, 0, 0, 0, 0, 0, 0, 0, 0]","[['p', 'r', 'o'], ['k', 'a'], ['ʃ', 'i'], ['t̪', 'o'], ['o']]",prokaʃit̪oo
জনসেবামূলক,"[18, 8, 6, 3, 10, 5, 11, 1, 13, 14, 12, 3, 7, 0, 0, 0, 0, 0]","[['dʒ', 'ɔ'], ['n', 'o'], ['ʃ', 'e'], ['b', 'a'], ['m', 'u'], ['l', 'o', 'k']]",dʒɔnoʃebamulok
অনম,"[8, 6, 3, 13, 0, 0, 0, 0, 0, 0, 0, 0, 0, 0, 0, 0, 0, 0]","[['ɔ'], ['n', 'o', 'm']]",ɔnom
মেরকেল,"[13, 5, 2, 7, 5, 12, 0, 0, 0, 0, 0, 0, 0, 0, 0, 0, 0, 0]","[['m', 'e', 'r'], ['k', 'e', 'l']]",merkel
মিষ্টিগুলো,"[13, 4, 10, 17, 4, 20, 14, 12, 3, 0, 0, 0, 0, 0, 0, 0, 0, 0]","[['m', 'i', 'ʃ'], ['ʈ', 'i'], ['g', 'u'], ['l', 'o']]",miʃʈigulo
টিকিটটি,"[17, 4, 7, 4, 17, 17, 4, 0, 0, 0, 0, 0, 0, 0, 0, 0, 0, 0]","[['ʈ', 'i'], ['k', 'i', 'ʈ'], ['ʈ', 'i']]",ʈikiʈʈi
কোর্টও,"[7, 3, 2, 17, 3, 0, 0, 0, 0, 0, 0, 0, 0, 0, 0, 0, 0, 0]","[['k', 'o', 'r', 'ʈ'], ['o']]",korʈo
কাটাসুর,"[7, 1, 17, 1, 10, 14, 2, 0, 0, 0, 0, 0, 0, 0, 0, 0, 0, 0]","[['k', 'a'], ['ʈ', 'a'], ['ʃ', 'u', 'r']]",kaʈaʃur
আমেনার,"[1, 13, 5, 6, 1, 2, 0, 0, 0, 0, 0, 0, 0, 0, 0, 0, 0, 0]","[['a'], ['m', 'e'], ['n', 'a', 'r']]",amenar
ঘাঁটিগুলো,"[34, 1, 17, 4, 20, 14, 12, 3, 0, 0, 0, 0, 0, 0, 0, 0, 0, 0]","[['gʱ', 'a'], ['ʈ', 'i'], ['g', 'u'], ['l', 'o']]",gʱaʈigulo
পপিকে,"[15, 8, 15, 4, 7, 5, 0, 0, 0, 0, 0, 0, 0, 0, 0, 0, 0, 0]","[['p', 'ɔ'], ['p', 'i'], ['k', 'e']]",pɔpike
হারলেও,"[21, 1, 2, 12, 37, 0, 0, 0, 0, 0, 0, 0, 0, 0, 0, 0, 0, 0]","[['h', 'a', 'r'], ['l', 'eo̯']]",harleo̯
নীতিমালাটি,"[6, 4, 9, 4, 13, 1, 12, 1, 17, 4, 0, 0, 0, 0, 0, 0, 0, 0]","[['n', 'i'], ['t̪', 'i'], ['m', 'a'], ['l', 'a'], ['ʈ', 'i']]",nit̪imalaʈi
গিট্টু,"[20, 4, 17, 17, 14, 0, 0, 0, 0, 0, 0, 0, 0, 0, 0, 0, 0, 0]","[['g', 'i', 'ʈ'], ['ʈ', 'u']]",giʈʈu
পরচর্চা,"[15, 8, 2, 3, 22, 8, 2, 22, 1, 0, 0, 0, 0, 0, 0, 0, 0, 0]","[['p', 'ɔ'], ['r', 'o'], ['tʃ', 'ɔ', 'r'], ['tʃ', 'a']]",pɔrotʃɔrtʃa
পত্রিকাই,"[15, 3, 9, 2, 4, 7, 32, 0, 0, 0, 0, 0, 0, 0, 0, 0, 0, 0]","[['p', 'o', 't̪'], ['r', 'i'], ['k', 'ai̯']]",pot̪rikai̯
মুখোমুখিতে,"[13, 14, 24, 3, 13, 14, 24, 4, 9, 5, 0, 0, 0, 0, 0, 0, 0, 0]","[['m', 'u'], ['kʰ', 'o'], ['m', 'u'], ['kʰ', 'i'], ['t̪', 'e']]",mukʰomukʰit̪e
ক্রুইফ,"[7, 2, 44, 27, 0, 0, 0, 0, 0, 0, 0, 0, 0, 0, 0, 0, 0, 0]","[['k', 'r', 'ui̯', 'f']]",krui̯f
রাজাপক্ষে,"[2, 1, 18, 1, 15, 8, 7, 24, 5, 0, 0, 0, 0, 0, 0, 0, 0, 0]","[['r', 'a'], ['dʒ', 'a'], ['p', 'ɔ', 'k'], ['kʰ', 'e']]",radʒapɔkkʰe
লেবুতে,"[12, 5, 11, 14, 9, 5, 0, 0, 0, 0, 0, 0, 0, 0, 0, 0, 0, 0]","[['l', 'e'], ['b', 'u'], ['t̪', 'e']]",lebut̪e
কোচই,"[7, 3, 22, 4, 0, 0, 0, 0, 0, 0, 0, 0, 0, 0, 0, 0, 0, 0]","[['k', 'o', 'tʃ'], ['i']]",kotʃi
নান্দনিকভাবে,"[6, 1, 6, 16, 3, 6, 4, 7, 23, 1, 11, 5, 0, 0, 0, 0, 0, 0]","[['n', 'a', 'n'], ['d̪', 'o'], ['n', 'i', 'k'], ['bʱ', 'a'], ['b', 'e']]",nand̪onikbʱabe
লাঠিতে,"[12, 1, 36, 4, 9, 5, 0, 0, 0, 0, 0, 0, 0, 0, 0, 0, 0, 0]","[['l', 'a'], ['ʈʰ', 'i'], ['t̪', 'e']]",laʈʰit̪e
পুষ্টিহীনতা,"[15, 14, 10, 17, 4, 21, 4, 6, 3, 9, 1, 0, 0, 0, 0, 0, 0, 0]","[['p', 'u', 'ʃ'], ['ʈ', 'i'], ['h', 'i'], ['n', 'o'], ['t̪', 'a']]",puʃʈihinot̪a
বিসিবিকে,"[11, 4, 19, 4, 11, 4, 7, 5, 0, 0, 0, 0, 0, 0, 0, 0, 0, 0]","[['b', 'i'], ['s', 'i'], ['b', 'i'], ['k', 'e']]",bisibike
চিনিবিবি,"[22, 4, 6, 4, 11, 4, 11, 4, 0, 0, 0, 0, 0, 0, 0, 0, 0, 0]","[['tʃ', 'i'], ['n', 'i'], ['b', 'i'], ['b', 'i']]",tʃinibibi
পূর্ণতার,"[15, 14, 2, 6, 3, 9, 1, 2, 0, 0, 0, 0, 0, 0, 0, 0, 0, 0]","[['p', 'u', 'r'], ['n', 'o'], ['t̪', 'a', 'r']]",purnot̪ar
উপাচার্যকে,"[14, 15, 1, 22, 1, 2, 18, 3, 7, 5, 0, 0, 0, 0, 0, 0, 0, 0]","[['u'], ['p', 'a'], ['tʃ', 'a', 'r'], ['dʒ', 'o'], ['k', 'e']]",upatʃardʒoke
ঢেঁকিতে,"[49, 5, 7, 4, 9, 5, 0, 0, 0, 0, 0, 0, 0, 0, 0, 0, 0, 0]","[['ɖʱ', 'e'], ['k', 'i'], ['t̪', 'e']]",ɖʱekit̪e
সন্তোষজনকভাবে,"[10, 8, 6, 9, 3, 10, 18, 8, 6, 3, 7, 23, 1, 11, 5, 0, 0, 0]","[['ʃ', 'ɔ', 'n'], ['t̪', 'o', 'ʃ'], ['dʒ', 'ɔ'], ['n', 'o', 'k'], ['bʱ', 'a'], ['b', 'e']]",ʃɔnt̪oʃdʒɔnokbʱabe
আত্তি,"[1, 9, 9, 4, 0, 0, 0, 0, 0, 0, 0, 0, 0, 0, 0, 0, 0, 0]","[['a', 't̪'], ['t̪', 'i']]",at̪t̪i
মুভিগুলো,"[13, 14, 23, 4, 20, 14, 12, 3, 0, 0, 0, 0, 0, 0, 0, 0, 0, 0]","[['m', 'u'], ['bʱ', 'i'], ['g', 'u'], ['l', 'o']]",mubʱigulo
আকদ,"[1, 7, 16, 0, 0, 0, 0, 0, 0, 0, 0, 0, 0, 0, 0, 0, 0, 0]","[['a', 'k', 'd̪']]",akd̪
মারামারিও,"[13, 1, 2, 1, 13, 1, 2, 4, 3, 0, 0, 0, 0, 0, 0, 0, 0, 0]","[['m', 'a'], ['r', 'a'], ['m', 'a'], ['r', 'i'], ['o']]",maramario
গণমাধ্যমগুলোতেও,"[20, 8, 6, 3, 13, 1, 16, 25, 3, 13, 20, 14, 12, 3, 9, 5, 3, 0]","[['g', 'ɔ'], ['n', 'o'], ['m', 'a', 'd̪'], ['d̪ʱ', 'o', 'm'], ['g', 'u'], ['l', 'o'], ['t̪', 'e'], ['o']]",gɔnomad̪d̪ʱomgulot̪eo
মহসিনকে,"[13, 3, 21, 3, 19, 4, 6, 7, 5, 0, 0, 0, 0, 0, 0, 0, 0, 0]","[['m', 'o'], ['h', 'o'], ['s', 'i', 'n'], ['k', 'e']]",mohosinke
রুটেই,"[2, 14, 17, 33, 0, 0, 0, 0, 0, 0, 0, 0, 0, 0, 0, 0, 0, 0]","[['r', 'u'], ['ʈ', 'ei̯']]",ruʈei̯
কোণগুলো,"[7, 3, 6, 20, 14, 12, 3, 0, 0, 0, 0, 0, 0, 0, 0, 0, 0, 0]","[['k', 'o', 'n'], ['g', 'u'], ['l', 'o']]",kongulo
বাদামতলী,"[11, 1, 16, 1, 13, 9, 3, 12, 4, 0, 0, 0, 0, 0, 0, 0, 0, 0]","[['b', 'a'], ['d̪', 'a', 'm'], ['t̪', 'o'], ['l', 'i']]",bad̪amt̪oli
হালিমকে,"[21, 1, 12, 4, 13, 7, 5, 0, 0, 0, 0, 0, 0, 0, 0, 0, 0, 0]","[['h', 'a'], ['l', 'i', 'm'], ['k', 'e']]",halimke
আপনাআপনিই,"[1, 15, 6, 1, 1, 15, 6, 4, 4, 0, 0, 0, 0, 0, 0, 0, 0, 0]","[['a', 'p'], ['n', 'a'], ['a', 'p'], ['n', 'i'], ['i']]",apnaapnii
ল্যাম্পস,"[12, 29, 13, 15, 19, 0, 0, 0, 0, 0, 0, 0, 0, 0, 0, 0, 0, 0]","[['l', 'æ', 'm', 'p', 's']]",læmps
মাহসুদ,"[13, 1, 21, 19, 14, 16, 0, 0, 0, 0, 0, 0, 0, 0, 0, 0, 0, 0]","[['m', 'a', 'h'], ['s', 'u', 'd̪']]",mahsud̪
এনেও,"[5, 6, 37, 0, 0, 0, 0, 0, 0, 0, 0, 0, 0, 0, 0, 0, 0, 0]","[['e'], ['n', 'eo̯']]",eneo̯
স্থলপথ,"[19, 30, 8, 12, 3, 15, 8, 30, 0, 0, 0, 0, 0, 0, 0, 0, 0, 0]","[['s', 't̪ʰ', 'ɔ'], ['l', 'o'], ['p', 'ɔ', 't̪ʰ']]",st̪ʰɔlopɔt̪ʰ
ইবাইস,"[4, 11, 32, 19, 0, 0, 0, 0, 0, 0, 0, 0, 0, 0, 0, 0, 0, 0]","[['i'], ['b', 'ai̯', 's']]",ibai̯s
আনারকলিকে,"[1, 6, 1, 2, 7, 3, 12, 4, 7, 5, 0, 0, 0, 0, 0, 0, 0, 0]","[['a'], ['n', 'a', 'r'], ['k', 'o'], ['l', 'i'], ['k', 'e']]",anarkolike
তারাবো,"[9, 1, 2, 1, 11, 3, 0, 0, 0, 0, 0, 0, 0, 0, 0, 0, 0, 0]","[['t̪', 'a'], ['r', 'a'], ['b', 'o']]",t̪arabo
মসজিদেও,"[13, 3, 10, 18, 4, 16, 37, 0, 0, 0, 0, 0, 0, 0, 0, 0, 0, 0]","[['m', 'o', 'ʃ'], ['dʒ', 'i'], ['d̪', 'eo̯']]",moʃdʒid̪eo̯
মর্মন্তুদ,"[13, 8, 2, 13, 8, 6, 9, 14, 16, 0, 0, 0, 0, 0, 0, 0, 0, 0]","[['m', 'ɔ', 'r'], ['m', 'ɔ', 'n'], ['t̪', 'u', 'd̪']]",mɔrmɔnt̪ud̪
আম্বরখানা,"[1, 13, 11, 8, 2, 24, 1, 6, 1, 0, 0, 0, 0, 0, 0, 0, 0, 0]","[['a', 'm'], ['b', 'ɔ', 'r'], ['kʰ', 'a'], ['n', 'a']]",ambɔrkʰana
সংকটকালে,"[10, 8, 31, 7, 3, 17, 7, 1, 12, 5, 0, 0, 0, 0, 0, 0, 0, 0]","[['ʃ', 'ɔ', 'ŋ'], ['k', 'o', 'ʈ'], ['k', 'a'], ['l', 'e']]",ʃɔŋkoʈkale
দুধারে,"[16, 14, 25, 1, 2, 5, 0, 0, 0, 0, 0, 0, 0, 0, 0, 0, 0, 0]","[['d̪', 'u'], ['d̪ʱ', 'a'], ['r', 'e']]",d̪ud̪ʱare
মাজমা,"[13, 1, 18, 13, 1, 0, 0, 0, 0, 0, 0, 0, 0, 0, 0, 0, 0, 0]","[['m', 'a', 'dʒ'], ['m', 'a']]",madʒma
স্পিকারও,"[19, 15, 4, 7, 1, 2, 3, 0, 0, 0, 0, 0, 0, 0, 0, 0, 0, 0]","[['s', 'p', 'i'], ['k', 'a'], ['r', 'o']]",spikaro
এসএনসি,"[5, 19, 5, 6, 19, 4, 0, 0, 0, 0, 0, 0, 0, 0, 0, 0, 0, 0]","[['e', 's'], ['e', 'n'], ['s', 'i']]",esensi
বিচারটি,"[11, 4, 22, 1, 2, 17, 4, 0, 0, 0, 0, 0, 0, 0, 0, 0, 0, 0]","[['b', 'i'], ['tʃ', 'a', 'r'], ['ʈ', 'i']]",bitʃarʈi
প্রশান্তিতে,"[15, 2, 3, 10, 1, 6, 9, 4, 9, 5, 0, 0, 0, 0, 0, 0, 0, 0]","[['p', 'r', 'o'], ['ʃ', 'a', 'n'], ['t̪', 'i'], ['t̪', 'e']]",proʃant̪it̪e
বিমানবাহিনীতে,"[11, 4, 13, 1, 6, 11, 1, 21, 4, 6, 4, 9, 5, 0, 0, 0, 0, 0]","[['b', 'i'], ['m', 'a', 'n'], ['b', 'a'], ['h', 'i'], ['n', 'i'], ['t̪', 'e']]",bimanbahinit̪e
আরামেই,"[1, 2, 1, 13, 33, 0, 0, 0, 0, 0, 0, 0, 0, 0, 0, 0, 0, 0]","[['a'], ['r', 'a'], ['m', 'ei̯']]",aramei̯
সুধীরকে,"[10, 14, 25, 4, 2, 7, 5, 0, 0, 0, 0, 0, 0, 0, 0, 0, 0, 0]","[['ʃ', 'u'], ['d̪ʱ', 'i', 'r'], ['k', 'e']]",ʃud̪ʱirke
জনগণেরই,"[18, 8, 6, 3, 20, 8, 6, 5, 2, 4, 0, 0, 0, 0, 0, 0, 0, 0]","[['dʒ', 'ɔ'], ['n', 'o'], ['g', 'ɔ'], ['n', 'e'], ['r', 'i']]",dʒɔnogɔneri
মমতাজউদ্দীন,"[13, 8, 13, 3, 9, 1, 18, 14, 16, 16, 4, 6, 0, 0, 0, 0, 0, 0]","[['m', 'ɔ'], ['m', 'o'], ['t̪', 'a', 'dʒ'], ['u', 'd̪'], ['d̪', 'i', 'n']]",mɔmot̪adʒud̪d̪in
দৈন্যদশা,"[16, 35, 6, 6, 3, 16, 8, 10, 1, 0, 0, 0, 0, 0, 0, 0, 0, 0]","[['d̪', 'oi̯', 'n'], ['n', 'o'], ['d̪', 'ɔ'], ['ʃ', 'a']]",d̪oi̯nnod̪ɔʃa
বারেকের,"[11, 1, 2, 5, 7, 5, 2, 0, 0, 0, 0, 0, 0, 0, 0, 0, 0, 0]","[['b', 'a'], ['r', 'e'], ['k', 'e', 'r']]",bareker
খুলতেই,"[24, 14, 12, 9, 33, 0, 0, 0, 0, 0, 0, 0, 0, 0, 0, 0, 0, 0]","[['kʰ', 'u', 'l'], ['t̪', 'ei̯']]",kʰult̪ei̯
মাইল্ড,"[13, 1, 4, 12, 26, 0, 0, 0, 0, 0, 0, 0, 0, 0, 0, 0, 0, 0]","[['m', 'a'], ['i', 'l', 'ɖ']]",mailɖ
দুধও,"[16, 14, 25, 3, 0, 0, 0, 0, 0, 0, 0, 0, 0, 0, 0, 0, 0, 0]","[['d̪', 'u', 'd̪ʱ'], ['o']]",d̪ud̪ʱo
মিনুকে,"[13, 4, 6, 14, 7, 5, 0, 0, 0, 0, 0, 0, 0, 0, 0, 0, 0, 0]","[['m', 'i'], ['n', 'u'], ['k', 'e']]",minuke
চিকচিক,"[22, 4, 7, 22, 4, 7, 0, 0, 0, 0, 0, 0, 0, 0, 0, 0, 0, 0]","[['tʃ', 'i', 'k'], ['tʃ', 'i', 'k']]",tʃiktʃik
কূটকৌশল,"[7, 14, 17, 3, 7, 48, 10, 8, 12, 0, 0, 0, 0, 0, 0, 0, 0, 0]","[['k', 'u'], ['ʈ', 'o'], ['k', 'oo̯'], ['ʃ', 'ɔ', 'l']]",kuʈokoo̯ʃɔl
বউও,"[11, 38, 3, 0, 0, 0, 0, 0, 0, 0, 0, 0, 0, 0, 0, 0, 0, 0]","[['b', 'ou̯'], ['o']]",bou̯o
ফিরোজকে,"[27, 4, 2, 3, 18, 7, 5, 0, 0, 0, 0, 0, 0, 0, 0, 0, 0, 0]","[['f', 'i'], ['r', 'o', 'dʒ'], ['k', 'e']]",firodʒke
কুন্দন,"[7, 14, 6, 16, 3, 6, 0, 0, 0, 0, 0, 0, 0, 0, 0, 0, 0, 0]","[['k', 'u', 'n'], ['d̪', 'o', 'n']]",kund̪on
পরীক্ষাসহ,"[15, 3, 2, 4, 7, 24, 1, 10, 8, 21, 3, 0, 0, 0, 0, 0, 0, 0]","[['p', 'o'], ['r', 'i', 'k'], ['kʰ', 'a'], ['ʃ', 'ɔ'], ['h', 'o']]",porikkʰaʃɔho
বাবাকেই,"[11, 1, 11, 1, 7, 33, 0, 0, 0, 0, 0, 0, 0, 0, 0, 0, 0, 0]","[['b', 'a'], ['b', 'a'], ['k', 'ei̯']]",babakei̯
কাটলেন,"[7, 1, 17, 12, 5, 6, 0, 0, 0, 0, 0, 0, 0, 0, 0, 0, 0, 0]","[['k', 'a', 'ʈ'], ['l', 'e', 'n']]",kaʈlen
বিশালসংখ্যক,"[11, 4, 10, 1, 12, 10, 8, 31, 24, 3, 7, 0, 0, 0, 0, 0, 0, 0]","[['b', 'i'], ['ʃ', 'a', 'l'], ['ʃ', 'ɔ', 'ŋ'], ['kʰ', 'o', 'k']]",biʃalʃɔŋkʰok
শনিবারই,"[10, 3, 6, 4, 11, 1, 2, 4, 0, 0, 0, 0, 0, 0, 0, 0, 0, 0]","[['ʃ', 'o'], ['n', 'i'], ['b', 'a', 'r'], ['i']]",ʃonibari
ঝরণার,"[42, 8, 2, 6, 1, 2, 0, 0, 0, 0, 0, 0, 0, 0, 0, 0, 0, 0]","[['dʒʱ', 'ɔ', 'r'], ['n', 'a', 'r']]",dʒʱɔrnar
একটিরও,"[5, 7, 17, 4, 2, 3, 0, 0, 0, 0, 0, 0, 0, 0, 0, 0, 0, 0]","[['e', 'k'], ['ʈ', 'i', 'r'], ['o']]",ekʈiro
বাতাসেই,"[11, 1, 9, 1, 10, 33, 0, 0, 0, 0, 0, 0, 0, 0, 0, 0, 0, 0]","[['b', 'a'], ['t̪', 'a'], ['ʃ', 'ei̯']]",bat̪aʃei̯
মেহফুজ,"[13, 5, 21, 27, 14, 18, 0, 0, 0, 0, 0, 0, 0, 0, 0, 0, 0, 0]","[['m', 'e', 'h'], ['f', 'u', 'dʒ']]",mehfudʒ
আসমার,"[1, 19, 13, 1, 2, 0, 0, 0, 0, 0, 0, 0, 0, 0, 0, 0, 0, 0]","[['a', 's'], ['m', 'a', 'r']]",asmar
নোল,"[6, 3, 12, 0, 0, 0, 0, 0, 0, 0, 0, 0, 0, 0, 0, 0, 0, 0]","[['n', 'o', 'l']]",nol
ঝাটকা,"[42, 1, 17, 7, 1, 0, 0, 0, 0, 0, 0, 0, 0, 0, 0, 0, 0, 0]","[['dʒʱ', 'a', 'ʈ'], ['k', 'a']]",dʒʱaʈka
স্বরধ্বনি,"[10, 8, 2, 3, 25, 3, 6, 4, 0, 0, 0, 0, 0, 0, 0, 0, 0, 0]","[['ʃ', 'ɔ'], ['r', 'o'], ['d̪ʱ', 'o'], ['n', 'i']]",ʃɔrod̪ʱoni
সীমাও,"[10, 4, 13, 1, 3, 0, 0, 0, 0, 0, 0, 0, 0, 0, 0, 0, 0, 0]","[['ʃ', 'i'], ['m', 'a'], ['o']]",ʃimao
বরানগর,"[11, 3, 2, 1, 6, 8, 20, 3, 2, 0, 0, 0, 0, 0, 0, 0, 0, 0]","[['b', 'o'], ['r', 'a'], ['n', 'ɔ'], ['g', 'o', 'r']]",boranɔgor
সনেটের,"[19, 8, 6, 5, 17, 5, 2, 0, 0, 0, 0, 0, 0, 0, 0, 0, 0, 0]","[['s', 'ɔ'], ['n', 'e'], ['ʈ', 'e', 'r']]",sɔneʈer
উত্তরাধিকারীরা,"[14, 9, 9, 3, 2, 1, 25, 4, 7, 1, 2, 4, 2, 1, 0, 0, 0, 0]","[['u', 't̪'], ['t̪', 'o'], ['r', 'a'], ['d̪ʱ', 'i'], ['k', 'a'], ['r', 'i'], ['r', 'a']]",ut̪t̪orad̪ʱikarira
ট্রেনসহ,"[17, 2, 5, 6, 10, 8, 21, 3, 0, 0, 0, 0, 0, 0, 0, 0, 0, 0]","[['ʈ', 'r', 'e', 'n'], ['ʃ', 'ɔ'], ['h', 'o']]",ʈrenʃɔho
হাল্কাভাবে,"[21, 1, 12, 7, 1, 23, 1, 11, 5, 0, 0, 0, 0, 0, 0, 0, 0, 0]","[['h', 'a', 'l'], ['k', 'a'], ['bʱ', 'a'], ['b', 'e']]",halkabʱabe
প্রতিবেশিরা,"[15, 2, 3, 9, 4, 11, 5, 10, 4, 2, 1, 0, 0, 0, 0, 0, 0, 0]","[['p', 'r', 'o'], ['t̪', 'i'], ['b', 'e'], ['ʃ', 'i'], ['r', 'a']]",prot̪ibeʃira
বিদেশিকে,"[11, 4, 16, 5, 10, 4, 7, 5, 0, 0, 0, 0, 0, 0, 0, 0, 0, 0]","[['b', 'i'], ['d̪', 'e'], ['ʃ', 'i'], ['k', 'e']]",bid̪eʃike
ভাবগত,"[23, 1, 11, 20, 8, 9, 3, 0, 0, 0, 0, 0, 0, 0, 0, 0, 0, 0]","[['bʱ', 'a', 'b'], ['g', 'ɔ'], ['t̪', 'o']]",bʱabgɔt̪o
ঘর্ষণের,"[34, 8, 2, 10, 3, 6, 5, 2, 0, 0, 0, 0, 0, 0, 0, 0, 0, 0]","[['gʱ', 'ɔ', 'r'], ['ʃ', 'o'], ['n', 'e', 'r']]",gʱɔrʃoner
চিরপরিচিত,"[22, 4, 2, 3, 15, 3, 2, 4, 22, 4, 9, 3, 0, 0, 0, 0, 0, 0]","[['tʃ', 'i'], ['r', 'o'], ['p', 'o'], ['r', 'i'], ['tʃ', 'i'], ['t̪', 'o']]",tʃiroporitʃit̪o
মনোজগতের,"[13, 3, 6, 3, 18, 8, 20, 3, 9, 5, 2, 0, 0, 0, 0, 0, 0, 0]","[['m', 'o'], ['n', 'o'], ['dʒ', 'ɔ'], ['g', 'o'], ['t̪', 'e', 'r']]",monodʒɔgot̪er
জারিগান,"[18, 1, 2, 4, 20, 1, 6, 0, 0, 0, 0, 0, 0, 0, 0, 0, 0, 0]","[['dʒ', 'a'], ['r', 'i'], ['g', 'a', 'n']]",dʒarigan
সাহসীদের,"[10, 1, 21, 3, 10, 4, 16, 5, 2, 0, 0, 0, 0, 0, 0, 0, 0, 0]","[['ʃ', 'a'], ['h', 'o'], ['ʃ', 'i'], ['d̪', 'e', 'r']]",ʃahoʃid̪er
কুতুবখালী,"[7, 14, 9, 14, 11, 24, 1, 12, 4, 0, 0, 0, 0, 0, 0, 0, 0, 0]","[['k', 'u'], ['t̪', 'u', 'b'], ['kʰ', 'a'], ['l', 'i']]",kut̪ubkʰali
ভগ্নিপতির,"[23, 3, 20, 6, 4, 15, 3, 9, 4, 2, 0, 0, 0, 0, 0, 0, 0, 0]","[['bʱ', 'o', 'g'], ['n', 'i'], ['p', 'o'], ['t̪', 'i', 'r']]",bʱognipot̪ir
পুঁথিগত,"[15, 14, 30, 4, 20, 8, 9, 3, 0, 0, 0, 0, 0, 0, 0, 0, 0, 0]","[['p', 'u'], ['t̪ʰ', 'i'], ['g', 'ɔ'], ['t̪', 'o']]",put̪ʰigɔt̪o
শরীরটাও,"[10, 3, 2, 4, 2, 17, 39, 0, 0, 0, 0, 0, 0, 0, 0, 0, 0, 0]","[['ʃ', 'o'], ['r', 'i', 'r'], ['ʈ', 'ao̯']]",ʃorirʈao̯
শুড,"[10, 14, 26, 0, 0, 0, 0, 0, 0, 0, 0, 0, 0, 0, 0, 0, 0, 0]","[['ʃ', 'u', 'ɖ']]",ʃuɖ
বারোমাসি,"[11, 1, 2, 3, 13, 1, 10, 4, 0, 0, 0, 0, 0, 0, 0, 0, 0, 0]","[['b', 'a'], ['r', 'o'], ['m', 'a'], ['ʃ', 'i']]",baromaʃi
লারমার,"[12, 1, 2, 13, 1, 2, 0, 0, 0, 0, 0, 0, 0, 0, 0, 0, 0, 0]","[['l', 'a', 'r'], ['m', 'a', 'r']]",larmar
গফুরকে,"[20, 3, 27, 14, 2, 7, 5, 0, 0, 0, 0, 0, 0, 0, 0, 0, 0, 0]","[['g', 'o'], ['f', 'u', 'r'], ['k', 'e']]",gofurke
ওলামাদের,"[3, 12, 1, 13, 1, 16, 5, 2, 0, 0, 0, 0, 0, 0, 0, 0, 0, 0]","[['o'], ['l', 'a'], ['m', 'a'], ['d̪', 'e', 'r']]",olamad̪er
চালসহ,"[22, 1, 12, 10, 8, 21, 3, 0, 0, 0, 0, 0, 0, 0, 0, 0, 0, 0]","[['tʃ', 'a', 'l'], ['ʃ', 'ɔ'], ['h', 'o']]",tʃalʃɔho
ভারতবর্ষকে,"[23, 1, 2, 3, 9, 11, 8, 2, 10, 3, 7, 5, 0, 0, 0, 0, 0, 0]","[['bʱ', 'a'], ['r', 'o', 't̪'], ['b', 'ɔ', 'r'], ['ʃ', 'o'], ['k', 'e']]",bʱarot̪bɔrʃoke
সংকীর্ণতা,"[10, 8, 31, 7, 4, 2, 6, 3, 9, 1, 0, 0, 0, 0, 0, 0, 0, 0]","[['ʃ', 'ɔ', 'ŋ'], ['k', 'i', 'r'], ['n', 'o'], ['t̪', 'a']]",ʃɔŋkirnot̪a
নগরবাসীদের,"[6, 8, 20, 3, 2, 11, 1, 10, 4, 16, 5, 2, 0, 0, 0, 0, 0, 0]","[['n', 'ɔ'], ['g', 'o', 'r'], ['b', 'a'], ['ʃ', 'i'], ['d̪', 'e', 'r']]",nɔgorbaʃid̪er
অফস্পিন,"[8, 27, 19, 15, 4, 6, 0, 0, 0, 0, 0, 0, 0, 0, 0, 0, 0, 0]","[['ɔ', 'f'], ['s', 'p', 'i', 'n']]",ɔfspin
চক্ষুশূল,"[22, 3, 7, 24, 14, 10, 14, 12, 0, 0, 0, 0, 0, 0, 0, 0, 0, 0]","[['tʃ', 'o', 'k'], ['kʰ', 'u'], ['ʃ', 'u', 'l']]",tʃokkʰuʃul
নরনারী,"[6, 8, 2, 3, 6, 1, 2, 4, 0, 0, 0, 0, 0, 0, 0, 0, 0, 0]","[['n', 'ɔ'], ['r', 'o'], ['n', 'a'], ['r', 'i']]",nɔronari
লরিতে,"[12, 8, 2, 4, 9, 5, 0, 0, 0, 0, 0, 0, 0, 0, 0, 0, 0, 0]","[['l', 'ɔ'], ['r', 'i'], ['t̪', 'e']]",lɔrit̪e
ভিখারির,"[23, 4, 24, 1, 2, 4, 2, 0, 0, 0, 0, 0, 0, 0, 0, 0, 0, 0]","[['bʱ', 'i'], ['kʰ', 'a'], ['r', 'i', 'r']]",bʱikʰarir
কেনাও,"[7, 5, 6, 39, 0, 0, 0, 0, 0, 0, 0, 0, 0, 0, 0, 0, 0, 0]","[['k', 'e'], ['n', 'ao̯']]",kenao̯
কর্মমুখর,"[7, 8, 2, 13, 3, 13, 14, 24, 8, 2, 0, 0, 0, 0, 0, 0, 0, 0]","[['k', 'ɔ', 'r'], ['m', 'o'], ['m', 'u'], ['kʰ', 'ɔ', 'r']]",kɔrmomukʰɔr
তিনদিকে,"[9, 4, 6, 16, 4, 7, 5, 0, 0, 0, 0, 0, 0, 0, 0, 0, 0, 0]","[['t̪', 'i', 'n'], ['d̪', 'i'], ['k', 'e']]",t̪ind̪ike
মেলানোমা,"[13, 5, 12, 1, 6, 3, 13, 1, 0, 0, 0, 0, 0, 0, 0, 0, 0, 0]","[['m', 'e'], ['l', 'a'], ['n', 'o'], ['m', 'a']]",melanoma
ব্যাপন,"[11, 29, 15, 3, 6, 0, 0, 0, 0, 0, 0, 0, 0, 0, 0, 0, 0, 0]","[['b', 'æ'], ['p', 'o', 'n']]",bæpon
টুকুর,"[17, 14, 7, 14, 2, 0, 0, 0, 0, 0, 0, 0, 0, 0, 0, 0, 0, 0]","[['ʈ', 'u'], ['k', 'u', 'r']]",ʈukur
পরিসংখ্যানই,"[15, 3, 2, 4, 10, 8, 31, 24, 1, 6, 4, 0, 0, 0, 0, 0, 0, 0]","[['p', 'o'], ['r', 'i'], ['ʃ', 'ɔ', 'ŋ'], ['kʰ', 'a', 'n'], ['i']]",poriʃɔŋkʰani
স্নাত,"[19, 6, 1, 9, 3, 0, 0, 0, 0, 0, 0, 0, 0, 0, 0, 0, 0, 0]","[['s', 'n', 'a'], ['t̪', 'o']]",snat̪o
আইপিএলকে,"[32, 15, 4, 5, 12, 7, 5, 0, 0, 0, 0, 0, 0, 0, 0, 0, 0, 0]","[['ai̯'], ['p', 'i'], ['e', 'l'], ['k', 'e']]",ai̯pielke
মাতান,"[13, 1, 9, 1, 6, 0, 0, 0, 0, 0, 0, 0, 0, 0, 0, 0, 0, 0]","[['m', 'a'], ['t̪', 'a', 'n']]",mat̪an
নাটকেই,"[6, 1, 17, 3, 7, 33, 0, 0, 0, 0, 0, 0, 0, 0, 0, 0, 0, 0]","[['n', 'a'], ['ʈ', 'o'], ['k', 'ei̯']]",naʈokei̯
টেলিভিশনসহ,"[17, 5, 12, 4, 23, 4, 10, 3, 6, 10, 8, 21, 3, 0, 0, 0, 0, 0]","[['ʈ', 'e'], ['l', 'i'], ['bʱ', 'i'], ['ʃ', 'o', 'n'], ['ʃ', 'ɔ'], ['h', 'o']]",ʈelibʱiʃonʃɔho
সুরেই,"[10, 14, 2, 33, 0, 0, 0, 0, 0, 0, 0, 0, 0, 0, 0, 0, 0, 0]","[['ʃ', 'u'], ['r', 'ei̯']]",ʃurei̯
পাঠ্যসূচির,"[15, 1, 17, 36, 3, 10, 14, 22, 4, 2, 0, 0, 0, 0, 0, 0, 0, 0]","[['p', 'a', 'ʈ'], ['ʈʰ', 'o'], ['ʃ', 'u'], ['tʃ', 'i', 'r']]",paʈʈʰoʃutʃir
রুমেল,"[2, 14, 13, 5, 12, 0, 0, 0, 0, 0, 0, 0, 0, 0, 0, 0, 0, 0]","[['r', 'u'], ['m', 'e', 'l']]",rumel
প্রেমিকরা,"[15, 2, 5, 13, 4, 7, 2, 1, 0, 0, 0, 0, 0, 0, 0, 0, 0, 0]","[['p', 'r', 'e'], ['m', 'i', 'k'], ['r', 'a']]",premikra
হৃদরোগজনিত,"[2, 4, 16, 2, 3, 20, 18, 3, 6, 4, 9, 3, 0, 0, 0, 0, 0, 0]","[['r', 'i', 'd̪'], ['r', 'o', 'g'], ['dʒ', 'o'], ['n', 'i'], ['t̪', 'o']]",rid̪rogdʒonit̪o
হাসিই,"[21, 1, 10, 46, 0, 0, 0, 0, 0, 0, 0, 0, 0, 0, 0, 0, 0, 0]","[['h', 'a'], ['ʃ', 'ii̯']]",haʃii̯
কাঁচাবাজার,"[7, 1, 22, 1, 11, 1, 18, 1, 2, 0, 0, 0, 0, 0, 0, 0, 0, 0]","[['k', 'a'], ['tʃ', 'a'], ['b', 'a'], ['dʒ', 'a', 'r']]",katʃabadʒar
সংঘর্ষও,"[10, 8, 31, 34, 8, 2, 10, 3, 3, 0, 0, 0, 0, 0, 0, 0, 0, 0]","[['ʃ', 'ɔ', 'ŋ'], ['gʱ', 'ɔ', 'r'], ['ʃ', 'o'], ['o']]",ʃɔŋgʱɔrʃoo
টিসিবি,"[17, 4, 19, 4, 11, 4, 0, 0, 0, 0, 0, 0, 0, 0, 0, 0, 0, 0]","[['ʈ', 'i'], ['s', 'i'], ['b', 'i']]",ʈisibi
হামাসও,"[21, 1, 13, 1, 19, 3, 0, 0, 0, 0, 0, 0, 0, 0, 0, 0, 0, 0]","[['h', 'a'], ['m', 'a', 's'], ['o']]",hamaso
ট্যানারিতে,"[17, 29, 6, 1, 2, 4, 9, 5, 0, 0, 0, 0, 0, 0, 0, 0, 0, 0]","[['ʈ', 'æ'], ['n', 'a'], ['r', 'i'], ['t̪', 'e']]",ʈænarit̪e
লোহানীর,"[12, 3, 21, 1, 6, 4, 2, 0, 0, 0, 0, 0, 0, 0, 0, 0, 0, 0]","[['l', 'o'], ['h', 'a'], ['n', 'i', 'r']]",lohanir
মোহামেডানকে,"[13, 3, 21, 1, 13, 5, 26, 1, 6, 7, 5, 0, 0, 0, 0, 0, 0, 0]","[['m', 'o'], ['h', 'a'], ['m', 'e'], ['ɖ', 'a', 'n'], ['k', 'e']]",mohameɖanke
জমাদ্দার,"[18, 8, 13, 1, 16, 16, 1, 2, 0, 0, 0, 0, 0, 0, 0, 0, 0, 0]","[['dʒ', 'ɔ'], ['m', 'a', 'd̪'], ['d̪', 'a', 'r']]",dʒɔmad̪d̪ar
যুক্তরাষ্ট্রেরও,"[18, 14, 7, 9, 3, 2, 1, 10, 17, 2, 5, 2, 3, 0, 0, 0, 0, 0]","[['dʒ', 'u', 'k'], ['t̪', 'o'], ['r', 'a', 'ʃ'], ['ʈ', 'r', 'e', 'r'], ['o']]",dʒukt̪oraʃʈrero
আর্কাইভস,"[1, 2, 7, 32, 23, 19, 0, 0, 0, 0, 0, 0, 0, 0, 0, 0, 0, 0]","[['a', 'r'], ['k', 'ai̯'], ['bʱ', 's']]",arkai̯bʱs
স্পর্শেই,"[19, 15, 8, 2, 10, 33, 0, 0, 0, 0, 0, 0, 0, 0, 0, 0, 0, 0]","[['s', 'p', 'ɔ', 'r'], ['ʃ', 'ei̯']]",spɔrʃei̯
বিস্ফোরকগুলো,"[11, 4, 10, 27, 3, 2, 3, 7, 20, 14, 12, 3, 0, 0, 0, 0, 0, 0]","[['b', 'i', 'ʃ'], ['f', 'o'], ['r', 'o', 'k'], ['g', 'u'], ['l', 'o']]",biʃforokgulo
হেনার,"[21, 5, 6, 1, 2, 0, 0, 0, 0, 0, 0, 0, 0, 0, 0, 0, 0, 0]","[['h', 'e'], ['n', 'a', 'r']]",henar
দীঘিটি,"[16, 4, 34, 4, 17, 4, 0, 0, 0, 0, 0, 0, 0, 0, 0, 0, 0, 0]","[['d̪', 'i'], ['gʱ', 'i'], ['ʈ', 'i']]",d̪igʱiʈi
বাসাও,"[11, 1, 10, 39, 0, 0, 0, 0, 0, 0, 0, 0, 0, 0, 0, 0, 0, 0]","[['b', 'a'], ['ʃ', 'ao̯']]",baʃao̯
তমাকে,"[9, 8, 13, 1, 7, 5, 0, 0, 0, 0, 0, 0, 0, 0, 0, 0, 0, 0]","[['t̪', 'ɔ'], ['m', 'a'], ['k', 'e']]",t̪ɔmake
এমআরপি,"[5, 13, 1, 2, 15, 4, 0, 0, 0, 0, 0, 0, 0, 0, 0, 0, 0, 0]","[['e', 'm'], ['a', 'r'], ['p', 'i']]",emarpi
ঘনিষ্ঠতম,"[34, 3, 6, 4, 10, 36, 3, 9, 8, 13, 3, 0, 0, 0, 0, 0, 0, 0]","[['gʱ', 'o'], ['n', 'i', 'ʃ'], ['ʈʰ', 'o'], ['t̪', 'ɔ'], ['m', 'o']]",gʱoniʃʈʰot̪ɔmo
কালিমালিপ্ত,"[7, 1, 12, 4, 13, 1, 12, 4, 15, 9, 3, 0, 0, 0, 0, 0, 0, 0]","[['k', 'a'], ['l', 'i'], ['m', 'a'], ['l', 'i', 'p'], ['t̪', 'o']]",kalimalipt̪o
ডালরিম্পল,"[26, 1, 12, 2, 4, 13, 15, 8, 12, 0, 0, 0, 0, 0, 0, 0, 0, 0]","[['ɖ', 'a', 'l'], ['r', 'i', 'm'], ['p', 'ɔ', 'l']]",ɖalrimpɔl
পরিবারকল্যাণ,"[15, 3, 2, 4, 11, 1, 2, 7, 3, 12, 12, 1, 6, 0, 0, 0, 0, 0]","[['p', 'o'], ['r', 'i'], ['b', 'a', 'r'], ['k', 'o', 'l'], ['l', 'a', 'n']]",poribarkollan
রুনার,"[2, 14, 6, 1, 2, 0, 0, 0, 0, 0, 0, 0, 0, 0, 0, 0, 0, 0]","[['r', 'u'], ['n', 'a', 'r']]",runar
আনন্দই,"[1, 6, 3, 6, 16, 35, 0, 0, 0, 0, 0, 0, 0, 0, 0, 0, 0, 0]","[['a'], ['n', 'o', 'n'], ['d̪', 'oi̯']]",anond̪oi̯
আইনানুগভাবে,"[32, 6, 1, 6, 14, 20, 23, 1, 11, 5, 0, 0, 0, 0, 0, 0, 0, 0]","[['ai̯'], ['n', 'a'], ['n', 'u', 'g'], ['bʱ', 'a'], ['b', 'e']]",ai̯nanugbʱabe
যোগ্যতাসহ,"[18, 3, 20, 20, 3, 9, 1, 10, 8, 21, 3, 0, 0, 0, 0, 0, 0, 0]","[['dʒ', 'o', 'g'], ['g', 'o'], ['t̪', 'a'], ['ʃ', 'ɔ'], ['h', 'o']]",dʒoggot̪aʃɔho
পণ্যই,"[15, 3, 6, 6, 35, 0, 0, 0, 0, 0, 0, 0, 0, 0, 0, 0, 0, 0]","[['p', 'o', 'n'], ['n', 'oi̯']]",ponnoi̯
ফেরতও,"[27, 5, 2, 3, 9, 3, 0, 0, 0, 0, 0, 0, 0, 0, 0, 0, 0, 0]","[['f', 'e'], ['r', 'o', 't̪'], ['o']]",ferot̪o
রিচার্ডসনের,"[2, 4, 22, 1, 2, 26, 19, 8, 6, 5, 2, 0, 0, 0, 0, 0, 0, 0]","[['r', 'i'], ['tʃ', 'a', 'r', 'ɖ'], ['s', 'ɔ'], ['n', 'e', 'r']]",ritʃarɖsɔner
সেন্টারগুলোতে,"[10, 5, 6, 17, 1, 2, 20, 14, 12, 3, 9, 5, 0, 0, 0, 0, 0, 0]","[['ʃ', 'e', 'n'], ['ʈ', 'a', 'r'], ['g', 'u'], ['l', 'o'], ['t̪', 'e']]",ʃenʈargulot̪e
শিক্ষকতাও,"[10, 4, 7, 24, 8, 7, 8, 9, 39, 0, 0, 0, 0, 0, 0, 0, 0, 0]","[['ʃ', 'i', 'k'], ['kʰ', 'ɔ'], ['k', 'ɔ'], ['t̪', 'ao̯']]",ʃikkʰɔkɔt̪ao̯
জেনোম,"[18, 5, 6, 3, 13, 0, 0, 0, 0, 0, 0, 0, 0, 0, 0, 0, 0, 0]","[['dʒ', 'e'], ['n', 'o', 'm']]",dʒenom
গবেষণাটির,"[20, 8, 11, 5, 10, 8, 6, 1, 17, 4, 2, 0, 0, 0, 0, 0, 0, 0]","[['g', 'ɔ'], ['b', 'e'], ['ʃ', 'ɔ'], ['n', 'a'], ['ʈ', 'i', 'r']]",gɔbeʃɔnaʈir
আসনও,"[1, 10, 3, 6, 3, 0, 0, 0, 0, 0, 0, 0, 0, 0, 0, 0, 0, 0]","[['a'], ['ʃ', 'o'], ['n', 'o']]",aʃono
ভিক্তর,"[23, 4, 7, 9, 3, 2, 0, 0, 0, 0, 0, 0, 0, 0, 0, 0, 0, 0]","[['bʱ', 'i', 'k'], ['t̪', 'o', 'r']]",bʱikt̪or
নবদম্পতিকে,"[6, 8, 11, 3, 16, 8, 13, 15, 3, 9, 4, 7, 5, 0, 0, 0, 0, 0]","[['n', 'ɔ'], ['b', 'o'], ['d̪', 'ɔ', 'm'], ['p', 'o'], ['t̪', 'i'], ['k', 'e']]",nɔbod̪ɔmpot̪ike
পোনার,"[15, 3, 6, 1, 2, 0, 0, 0, 0, 0, 0, 0, 0, 0, 0, 0, 0, 0]","[['p', 'o'], ['n', 'a', 'r']]",ponar
দুভাবে,"[16, 14, 23, 1, 11, 5, 0, 0, 0, 0, 0, 0, 0, 0, 0, 0, 0, 0]","[['d̪', 'u'], ['bʱ', 'a'], ['b', 'e']]",d̪ubʱabe
তেলও,"[9, 5, 12, 3, 0, 0, 0, 0, 0, 0, 0, 0, 0, 0, 0, 0, 0, 0]","[['t̪', 'e', 'l'], ['o']]",t̪elo
পরিধিকে,"[15, 3, 2, 4, 25, 4, 7, 5, 0, 0, 0, 0, 0, 0, 0, 0, 0, 0]","[['p', 'o'], ['r', 'i'], ['d̪ʱ', 'i'], ['k', 'e']]",porid̪ʱike
উঠেও,"[14, 36, 37, 0, 0, 0, 0, 0, 0, 0, 0, 0, 0, 0, 0, 0, 0, 0]","[['u'], ['ʈʰ', 'eo̯']]",uʈʰeo̯
আম্বানি,"[1, 13, 11, 1, 6, 4, 0, 0, 0, 0, 0, 0, 0, 0, 0, 0, 0, 0]","[['a', 'm'], ['b', 'a'], ['n', 'i']]",ambani
প্রভাবশালীরা,"[15, 2, 3, 23, 1, 11, 10, 1, 12, 4, 2, 1, 0, 0, 0, 0, 0, 0]","[['p', 'r', 'o'], ['bʱ', 'a', 'b'], ['ʃ', 'a'], ['l', 'i'], ['r', 'a']]",probʱabʃalira
দেশগুলোই,"[16, 5, 10, 20, 14, 12, 35, 0, 0, 0, 0, 0, 0, 0, 0, 0, 0, 0]","[['d̪', 'e', 'ʃ'], ['g', 'u'], ['l', 'oi̯']]",d̪eʃguloi̯
ডিভিএম,"[26, 4, 23, 4, 5, 13, 0, 0, 0, 0, 0, 0, 0, 0, 0, 0, 0, 0]","[['ɖ', 'i'], ['bʱ', 'i'], ['e', 'm']]",ɖibʱiem
বখাটেরা,"[11, 8, 24, 1, 17, 5, 2, 1, 0, 0, 0, 0, 0, 0, 0, 0, 0, 0]","[['b', 'ɔ'], ['kʰ', 'a'], ['ʈ', 'e'], ['r', 'a']]",bɔkʰaʈera
লগন,"[12, 8, 20, 3, 6, 0, 0, 0, 0, 0, 0, 0, 0, 0, 0, 0, 0, 0]","[['l', 'ɔ'], ['g', 'o', 'n']]",lɔgon
ব্রোকলি,"[11, 2, 3, 7, 3, 12, 4, 0, 0, 0, 0, 0, 0, 0, 0, 0, 0, 0]","[['b', 'r', 'o'], ['k', 'o'], ['l', 'i']]",brokoli
গুজে,"[20, 14, 18, 5, 0, 0, 0, 0, 0, 0, 0, 0, 0, 0, 0, 0, 0, 0]","[['g', 'u'], ['dʒ', 'e']]",gudʒe
অবতল,"[8, 11, 3, 9, 8, 12, 0, 0, 0, 0, 0, 0, 0, 0, 0, 0, 0, 0]","[['ɔ'], ['b', 'o'], ['t̪', 'ɔ', 'l']]",ɔbot̪ɔl
প্রকৃতিরই,"[15, 2, 3, 7, 2, 4, 9, 4, 2, 4, 0, 0, 0, 0, 0, 0, 0, 0]","[['p', 'r', 'o', 'k'], ['r', 'i'], ['t̪', 'i', 'r'], ['i']]",prokrit̪iri
আমলার,"[1, 13, 12, 1, 2, 0, 0, 0, 0, 0, 0, 0, 0, 0, 0, 0, 0, 0]","[['a', 'm'], ['l', 'a', 'r']]",amlar
অধিকারবঞ্চিত,"[3, 25, 4, 7, 1, 2, 11, 3, 6, 22, 4, 9, 3, 0, 0, 0, 0, 0]","[['o'], ['d̪ʱ', 'i'], ['k', 'a', 'r'], ['b', 'o', 'n'], ['tʃ', 'i'], ['t̪', 'o']]",od̪ʱikarbontʃit̪o
সিপিডি,"[19, 4, 15, 4, 26, 4, 0, 0, 0, 0, 0, 0, 0, 0, 0, 0, 0, 0]","[['s', 'i'], ['p', 'i'], ['ɖ', 'i']]",sipiɖi
পারিবে,"[15, 1, 2, 4, 11, 5, 0, 0, 0, 0, 0, 0, 0, 0, 0, 0, 0, 0]","[['p', 'a'], ['r', 'i'], ['b', 'e']]",paribe
ফেরিগুলো,"[27, 5, 2, 4, 20, 14, 12, 3, 0, 0, 0, 0, 0, 0, 0, 0, 0, 0]","[['f', 'e'], ['r', 'i'], ['g', 'u'], ['l', 'o']]",ferigulo
প্রকৃতিপ্রেমীদের,"[15, 2, 3, 7, 2, 4, 9, 4, 15, 2, 5, 13, 4, 16, 5, 2, 0, 0]","[['p', 'r', 'o'], ['k', 'r', 'i'], ['t̪', 'i'], ['p', 'r', 'e'], ['m', 'i'], ['d̪', 'e', 'r']]",prokrit̪ipremid̪er
বাবাসহ,"[11, 1, 11, 1, 10, 8, 21, 3, 0, 0, 0, 0, 0, 0, 0, 0, 0, 0]","[['b', 'a'], ['b', 'a'], ['ʃ', 'ɔ'], ['h', 'o']]",babaʃɔho
জবরদখল,"[18, 8, 11, 3, 2, 16, 8, 24, 3, 12, 0, 0, 0, 0, 0, 0, 0, 0]","[['dʒ', 'ɔ'], ['b', 'o', 'r'], ['d̪', 'ɔ'], ['kʰ', 'o', 'l']]",dʒɔbord̪ɔkʰol
রাজশাহীতেও,"[2, 1, 18, 10, 1, 21, 4, 9, 37, 0, 0, 0, 0, 0, 0, 0, 0, 0]","[['r', 'a', 'dʒ'], ['ʃ', 'a'], ['h', 'i'], ['t̪', 'eo̯']]",radʒʃahit̪eo̯
শমশেরনগর,"[10, 8, 13, 10, 5, 2, 6, 8, 20, 3, 2, 0, 0, 0, 0, 0, 0, 0]","[['ʃ', 'ɔ', 'm'], ['ʃ', 'e', 'r'], ['n', 'ɔ'], ['g', 'o', 'r']]",ʃɔmʃernɔgor
খাসজমি,"[24, 1, 10, 18, 3, 13, 4, 0, 0, 0, 0, 0, 0, 0, 0, 0, 0, 0]","[['kʰ', 'a', 'ʃ'], ['dʒ', 'o'], ['m', 'i']]",kʰaʃdʒomi
সতর্কতাও,"[10, 8, 9, 8, 2, 7, 8, 9, 39, 0, 0, 0, 0, 0, 0, 0, 0, 0]","[['ʃ', 'ɔ'], ['t̪', 'ɔ', 'r'], ['k', 'ɔ'], ['t̪', 'ao̯']]",ʃɔt̪ɔrkɔt̪ao̯
সাজিনা,"[10, 1, 18, 4, 6, 1, 0, 0, 0, 0, 0, 0, 0, 0, 0, 0, 0, 0]","[['ʃ', 'a'], ['dʒ', 'i'], ['n', 'a']]",ʃadʒina
নদীসমূহের,"[6, 3, 16, 4, 10, 8, 13, 14, 21, 5, 2, 0, 0, 0, 0, 0, 0, 0]","[['n', 'o'], ['d̪', 'i'], ['ʃ', 'ɔ'], ['m', 'u'], ['h', 'e', 'r']]",nod̪iʃɔmuher
এথেন্সকে,"[5, 30, 5, 6, 19, 7, 5, 0, 0, 0, 0, 0, 0, 0, 0, 0, 0, 0]","[['e'], ['t̪ʰ', 'e', 'n', 's'], ['k', 'e']]",et̪ʰenske
প্রাতঃরাশ,"[15, 2, 1, 9, 3, 2, 1, 10, 0, 0, 0, 0, 0, 0, 0, 0, 0, 0]","[['p', 'r', 'a'], ['t̪', 'o'], ['r', 'a', 'ʃ']]",prat̪oraʃ
ডিমগুলোকে,"[26, 4, 13, 20, 14, 12, 3, 7, 5, 0, 0, 0, 0, 0, 0, 0, 0, 0]","[['ɖ', 'i', 'm'], ['g', 'u'], ['l', 'o'], ['k', 'e']]",ɖimguloke
সংগীতপ্রেমীদের,"[10, 3, 31, 20, 4, 9, 15, 2, 5, 13, 4, 16, 5, 2, 0, 0, 0, 0]","[['ʃ', 'o', 'ŋ'], ['g', 'i', 't̪'], ['p', 'r', 'e'], ['m', 'i'], ['d̪', 'e', 'r']]",ʃoŋgit̪premid̪er
পাটকলগুলোর,"[15, 1, 17, 7, 8, 12, 20, 14, 12, 3, 2, 0, 0, 0, 0, 0, 0, 0]","[['p', 'a', 'ʈ'], ['k', 'ɔ', 'l'], ['g', 'u'], ['l', 'o', 'r']]",paʈkɔlgulor
প্রতিষ্ঠাও,"[15, 2, 3, 9, 4, 10, 36, 1, 3, 0, 0, 0, 0, 0, 0, 0, 0, 0]","[['p', 'r', 'o'], ['t̪', 'i', 'ʃ'], ['ʈʰ', 'a'], ['o']]",prot̪iʃʈʰao
কাঠামোটা,"[7, 1, 36, 1, 13, 3, 17, 1, 0, 0, 0, 0, 0, 0, 0, 0, 0, 0]","[['k', 'a'], ['ʈʰ', 'a'], ['m', 'o'], ['ʈ', 'a']]",kaʈʰamoʈa
ব্যাটারিটি,"[11, 29, 17, 1, 2, 4, 17, 4, 0, 0, 0, 0, 0, 0, 0, 0, 0, 0]","[['b', 'æ'], ['ʈ', 'a'], ['r', 'i'], ['ʈ', 'i']]",bæʈariʈi
যেনতেনভাবে,"[18, 29, 6, 3, 9, 29, 6, 3, 23, 1, 11, 5, 0, 0, 0, 0, 0, 0]","[['dʒ', 'æ'], ['n', 'o'], ['t̪', 'æ'], ['n', 'o'], ['bʱ', 'a'], ['b', 'e']]",dʒænot̪ænobʱabe
বিচিতে,"[11, 4, 22, 4, 9, 5, 0, 0, 0, 0, 0, 0, 0, 0, 0, 0, 0, 0]","[['b', 'i'], ['tʃ', 'i'], ['t̪', 'e']]",bitʃit̪e
প্রতিবন্ধকতাগুলো,"[15, 2, 3, 9, 4, 11, 8, 6, 25, 3, 7, 8, 9, 1, 20, 14, 12, 3]","[['p', 'r', 'o'], ['t̪', 'i'], ['b', 'ɔ', 'n'], ['d̪ʱ', 'o'], ['k', 'ɔ'], ['t̪', 'a'], ['g', 'u'], ['l', 'o']]",prot̪ibɔnd̪ʱokɔt̪agulo
ব্যাগেজ,"[11, 29, 20, 5, 18, 0, 0, 0, 0, 0, 0, 0, 0, 0, 0, 0, 0, 0]","[['b', 'æ'], ['g', 'e', 'dʒ']]",bægedʒ
দুরন্তপনা,"[16, 14, 2, 8, 6, 9, 3, 15, 1, 6, 1, 0, 0, 0, 0, 0, 0, 0]","[['d̪', 'u'], ['r', 'ɔ', 'n'], ['t̪', 'o'], ['p', 'a'], ['n', 'a']]",d̪urɔnt̪opana
ক্রিকেটাররাও,"[7, 2, 4, 7, 5, 17, 1, 2, 2, 39, 0, 0, 0, 0, 0, 0, 0, 0]","[['k', 'r', 'i'], ['k', 'e'], ['ʈ', 'a', 'r'], ['r', 'ao̯']]",krikeʈarrao̯
বিএডিসির,"[11, 4, 5, 26, 4, 19, 4, 2, 0, 0, 0, 0, 0, 0, 0, 0, 0, 0]","[['b', 'i'], ['e'], ['ɖ', 'i'], ['s', 'i', 'r']]",bieɖisir
তদবিরও,"[9, 3, 16, 11, 4, 2, 3, 0, 0, 0, 0, 0, 0, 0, 0, 0, 0, 0]","[['t̪', 'o', 'd̪'], ['b', 'i', 'r'], ['o']]",t̪od̪biro
সোর্ড,"[10, 3, 2, 26, 0, 0, 0, 0, 0, 0, 0, 0, 0, 0, 0, 0, 0, 0]","[['ʃ', 'o', 'r', 'ɖ']]",ʃorɖ
হৃদরোগসহ,"[2, 4, 16, 2, 3, 20, 10, 8, 21, 3, 0, 0, 0, 0, 0, 0, 0, 0]","[['r', 'i', 'd̪'], ['r', 'o', 'g'], ['ʃ', 'ɔ'], ['h', 'o']]",rid̪rogʃɔho
পক্ষথেকে,"[15, 3, 7, 24, 3, 30, 5, 7, 5, 0, 0, 0, 0, 0, 0, 0, 0, 0]","[['p', 'o', 'k'], ['kʰ', 'o'], ['t̪ʰ', 'e'], ['k', 'e']]",pokkʰot̪ʰeke
হাউসটি,"[21, 1, 14, 19, 17, 4, 0, 0, 0, 0, 0, 0, 0, 0, 0, 0, 0, 0]","[['h', 'a'], ['u', 's'], ['ʈ', 'i']]",hausʈi
ছুটিতেও,"[28, 14, 17, 4, 9, 37, 0, 0, 0, 0, 0, 0, 0, 0, 0, 0, 0, 0]","[['tʃʰ', 'u'], ['ʈ', 'i'], ['t̪', 'eo̯']]",tʃʰuʈit̪eo̯
মডেলটিতে,"[13, 8, 26, 5, 12, 17, 4, 9, 5, 0, 0, 0, 0, 0, 0, 0, 0, 0]","[['m', 'ɔ'], ['ɖ', 'e', 'l'], ['ʈ', 'i'], ['t̪', 'e']]",mɔɖelʈit̪e
ভ্রমণই,"[23, 2, 3, 13, 3, 6, 4, 0, 0, 0, 0, 0, 0, 0, 0, 0, 0, 0]","[['bʱ', 'r', 'o'], ['m', 'o', 'n'], ['i']]",bʱromoni
পাখপাখালির,"[15, 1, 24, 15, 1, 24, 1, 12, 4, 2, 0, 0, 0, 0, 0, 0, 0, 0]","[['p', 'a', 'kʰ'], ['p', 'a'], ['kʰ', 'a'], ['l', 'i', 'r']]",pakʰpakʰalir
নুদুস,"[6, 14, 16, 14, 10, 0, 0, 0, 0, 0, 0, 0, 0, 0, 0, 0, 0, 0]","[['n', 'u'], ['d̪', 'u', 'ʃ']]",nud̪uʃ
কর্মকর্তারাই,"[7, 8, 2, 13, 3, 7, 8, 2, 9, 1, 2, 32, 0, 0, 0, 0, 0, 0]","[['k', 'ɔ', 'r'], ['m', 'o'], ['k', 'ɔ', 'r'], ['t̪', 'a'], ['r', 'ai̯']]",kɔrmokɔrt̪arai̯
বাজেটেই,"[11, 1, 18, 5, 17, 33, 0, 0, 0, 0, 0, 0, 0, 0, 0, 0, 0, 0]","[['b', 'a'], ['dʒ', 'e'], ['ʈ', 'ei̯']]",badʒeʈei̯
গ্রহণেরও,"[20, 2, 3, 21, 3, 6, 5, 2, 3, 0, 0, 0, 0, 0, 0, 0, 0, 0]","[['g', 'r', 'o'], ['h', 'o'], ['n', 'e'], ['r', 'o']]",grohonero
ঘুমাতাম,"[34, 14, 13, 1, 9, 1, 13, 0, 0, 0, 0, 0, 0, 0, 0, 0, 0, 0]","[['gʱ', 'u'], ['m', 'a'], ['t̪', 'a', 'm']]",gʱumat̪am
বহুজনের,"[11, 3, 21, 14, 18, 8, 6, 5, 2, 0, 0, 0, 0, 0, 0, 0, 0, 0]","[['b', 'o'], ['h', 'u'], ['dʒ', 'ɔ'], ['n', 'e', 'r']]",bohudʒɔner
রপ্তানিও,"[2, 8, 15, 9, 1, 6, 52, 0, 0, 0, 0, 0, 0, 0, 0, 0, 0, 0]","[['r', 'ɔ', 'p'], ['t̪', 'a'], ['n', 'io̯']]",rɔpt̪anio̯
গাবলু,"[20, 1, 11, 12, 14, 0, 0, 0, 0, 0, 0, 0, 0, 0, 0, 0, 0, 0]","[['g', 'a', 'b'], ['l', 'u']]",gablu
সুযোগটিই,"[10, 14, 18, 3, 20, 17, 4, 4, 0, 0, 0, 0, 0, 0, 0, 0, 0, 0]","[['ʃ', 'u'], ['dʒ', 'o', 'g'], ['ʈ', 'i'], ['i']]",ʃudʒogʈii
রোজিনার,"[2, 3, 18, 4, 6, 1, 2, 0, 0, 0, 0, 0, 0, 0, 0, 0, 0, 0]","[['r', 'o'], ['dʒ', 'i'], ['n', 'a', 'r']]",rodʒinar
এবনে,"[5, 11, 3, 6, 5, 0, 0, 0, 0, 0, 0, 0, 0, 0, 0, 0, 0, 0]","[['e'], ['b', 'o'], ['n', 'e']]",ebone
রাজাবাজারে,"[2, 1, 18, 1, 11, 1, 18, 1, 2, 5, 0, 0, 0, 0, 0, 0, 0, 0]","[['r', 'a'], ['dʒ', 'a'], ['b', 'a'], ['dʒ', 'a'], ['r', 'e']]",radʒabadʒare
শাণ,"[10, 1, 6, 0, 0, 0, 0, 0, 0, 0, 0, 0, 0, 0, 0, 0, 0, 0]","[['ʃ', 'a', 'n']]",ʃan
মেলন,"[13, 5, 12, 8, 6, 0, 0, 0, 0, 0, 0, 0, 0, 0, 0, 0, 0, 0]","[['m', 'e'], ['l', 'ɔ', 'n']]",melɔn
গ্লানির,"[20, 12, 1, 6, 4, 2, 0, 0, 0, 0, 0, 0, 0, 0, 0, 0, 0, 0]","[['g', 'l', 'a'], ['n', 'i', 'r']]",glanir
বন্দরগুলোতে,"[11, 8, 6, 16, 3, 2, 20, 14, 12, 3, 9, 5, 0, 0, 0, 0, 0, 0]","[['b', 'ɔ', 'n'], ['d̪', 'o', 'r'], ['g', 'u'], ['l', 'o'], ['t̪', 'e']]",bɔnd̪orgulot̪e
সম্পত্তিই,"[10, 8, 13, 15, 3, 9, 9, 46, 0, 0, 0, 0, 0, 0, 0, 0, 0, 0]","[['ʃ', 'ɔ', 'm'], ['p', 'o', 't̪'], ['t̪', 'ii̯']]",ʃɔmpot̪t̪ii̯
নেতৃবৃন্দসহ,"[6, 5, 9, 2, 4, 11, 2, 4, 6, 16, 3, 10, 8, 21, 3, 0, 0, 0]","[['n', 'e', 't̪'], ['r', 'i'], ['b', 'r', 'i', 'n'], ['d̪', 'o'], ['ʃ', 'ɔ'], ['h', 'o']]",net̪ribrind̪oʃɔho
ব্রিটেনেও,"[11, 2, 4, 17, 5, 6, 37, 0, 0, 0, 0, 0, 0, 0, 0, 0, 0, 0]","[['b', 'r', 'i'], ['ʈ', 'e'], ['n', 'eo̯']]",briʈeneo̯
সুজানের,"[10, 14, 18, 1, 6, 5, 2, 0, 0, 0, 0, 0, 0, 0, 0, 0, 0, 0]","[['ʃ', 'u'], ['dʒ', 'a'], ['n', 'e', 'r']]",ʃudʒaner
সিআরবি,"[19, 4, 1, 2, 11, 4, 0, 0, 0, 0, 0, 0, 0, 0, 0, 0, 0, 0]","[['s', 'i'], ['a', 'r'], ['b', 'i']]",siarbi
পেরুনোর,"[15, 5, 2, 14, 6, 3, 2, 0, 0, 0, 0, 0, 0, 0, 0, 0, 0, 0]","[['p', 'e'], ['r', 'u'], ['n', 'o', 'r']]",perunor
সরার,"[10, 8, 2, 1, 2, 0, 0, 0, 0, 0, 0, 0, 0, 0, 0, 0, 0, 0]","[['ʃ', 'ɔ'], ['r', 'a', 'r']]",ʃɔrar
তাহাই,"[9, 1, 21, 32, 0, 0, 0, 0, 0, 0, 0, 0, 0, 0, 0, 0, 0, 0]","[['t̪', 'a'], ['h', 'ai̯']]",t̪ahai̯
এঞ্জি,"[5, 6, 18, 4, 0, 0, 0, 0, 0, 0, 0, 0, 0, 0, 0, 0, 0, 0]","[['e', 'n'], ['dʒ', 'i']]",endʒi
লেখাতেই,"[12, 5, 24, 1, 9, 33, 0, 0, 0, 0, 0, 0, 0, 0, 0, 0, 0, 0]","[['l', 'e'], ['kʰ', 'a'], ['t̪', 'ei̯']]",lekʰat̪ei̯
রুপম,"[2, 14, 15, 8, 13, 0, 0, 0, 0, 0, 0, 0, 0, 0, 0, 0, 0, 0]","[['r', 'u'], ['p', 'ɔ', 'm']]",rupɔm
কুশখালী,"[7, 14, 10, 24, 1, 12, 4, 0, 0, 0, 0, 0, 0, 0, 0, 0, 0, 0]","[['k', 'u', 'ʃ'], ['kʰ', 'a'], ['l', 'i']]",kuʃkʰali
মেন্ডিসের,"[13, 5, 6, 26, 4, 19, 5, 2, 0, 0, 0, 0, 0, 0, 0, 0, 0, 0]","[['m', 'e', 'n'], ['ɖ', 'i'], ['s', 'e', 'r']]",menɖiser
আসামিপক্ষের,"[1, 10, 1, 13, 4, 15, 8, 7, 24, 5, 2, 0, 0, 0, 0, 0, 0, 0]","[['a'], ['ʃ', 'a'], ['m', 'i'], ['p', 'ɔ', 'k'], ['kʰ', 'e', 'r']]",aʃamipɔkkʰer
রাহানেকে,"[2, 1, 21, 1, 6, 5, 7, 5, 0, 0, 0, 0, 0, 0, 0, 0, 0, 0]","[['r', 'a'], ['h', 'a'], ['n', 'e'], ['k', 'e']]",rahaneke
প্রতিবেদনেই,"[15, 2, 3, 9, 4, 11, 5, 16, 3, 6, 33, 0, 0, 0, 0, 0, 0, 0]","[['p', 'r', 'o'], ['t̪', 'i'], ['b', 'e'], ['d̪', 'o'], ['n', 'ei̯']]",prot̪ibed̪onei̯
আরমানি,"[1, 2, 13, 1, 6, 4, 0, 0, 0, 0, 0, 0, 0, 0, 0, 0, 0, 0]","[['a', 'r'], ['m', 'a'], ['n', 'i']]",armani
পুলিশকর্মীরা,"[15, 14, 12, 4, 10, 7, 3, 2, 13, 4, 2, 1, 0, 0, 0, 0, 0, 0]","[['p', 'u'], ['l', 'i', 'ʃ'], ['k', 'o', 'r'], ['m', 'i'], ['r', 'a']]",puliʃkormira
তারিখও,"[9, 1, 2, 4, 24, 3, 0, 0, 0, 0, 0, 0, 0, 0, 0, 0, 0, 0]","[['t̪', 'a'], ['r', 'i', 'kʰ'], ['o']]",t̪arikʰo
ধ্বংসাবশেষটি,"[25, 8, 31, 10, 1, 11, 8, 10, 5, 10, 17, 4, 0, 0, 0, 0, 0, 0]","[['d̪ʱ', 'ɔ', 'ŋ'], ['ʃ', 'a'], ['b', 'ɔ'], ['ʃ', 'e', 'ʃ'], ['ʈ', 'i']]",d̪ʱɔŋʃabɔʃeʃʈi
হরিলুট,"[21, 3, 2, 4, 12, 14, 17, 0, 0, 0, 0, 0, 0, 0, 0, 0, 0, 0]","[['h', 'o'], ['r', 'i'], ['l', 'u', 'ʈ']]",horiluʈ
ঐতিহ্যও,"[35, 9, 4, 18, 42, 3, 3, 0, 0, 0, 0, 0, 0, 0, 0, 0, 0, 0]","[['oi̯'], ['t̪', 'i', 'dʒ'], ['dʒʱ', 'o'], ['o']]",oi̯t̪idʒdʒʱoo
কেকেআর,"[7, 5, 7, 5, 1, 2, 0, 0, 0, 0, 0, 0, 0, 0, 0, 0, 0, 0]","[['k', 'e'], ['k', 'e'], ['a', 'r']]",kekear
অনুসর্গ,"[8, 6, 14, 10, 8, 2, 20, 3, 0, 0, 0, 0, 0, 0, 0, 0, 0, 0]","[['ɔ'], ['n', 'u'], ['ʃ', 'ɔ', 'r'], ['g', 'o']]",ɔnuʃɔrgo
সবগুলোরই,"[10, 8, 11, 20, 14, 12, 3, 2, 4, 0, 0, 0, 0, 0, 0, 0, 0, 0]","[['ʃ', 'ɔ', 'b'], ['g', 'u'], ['l', 'o', 'r'], ['i']]",ʃɔbgulori
আশাকের,"[1, 10, 1, 7, 5, 2, 0, 0, 0, 0, 0, 0, 0, 0, 0, 0, 0, 0]","[['a'], ['ʃ', 'a'], ['k', 'e', 'r']]",aʃaker
গ্লস,"[20, 12, 8, 19, 0, 0, 0, 0, 0, 0, 0, 0, 0, 0, 0, 0, 0, 0]","[['g', 'l', 'ɔ', 's']]",glɔs
ছাট,"[28, 1, 17, 0, 0, 0, 0, 0, 0, 0, 0, 0, 0, 0, 0, 0, 0, 0]","[['tʃʰ', 'a', 'ʈ']]",tʃʰaʈ
আদমশুমারির,"[1, 16, 3, 13, 10, 14, 13, 1, 2, 4, 2, 0, 0, 0, 0, 0, 0, 0]","[['a'], ['d̪', 'o', 'm'], ['ʃ', 'u'], ['m', 'a'], ['r', 'i', 'r']]",ad̪omʃumarir
চারুশিল্পী,"[22, 1, 2, 14, 10, 4, 12, 15, 4, 0, 0, 0, 0, 0, 0, 0, 0, 0]","[['tʃ', 'a'], ['r', 'u'], ['ʃ', 'i', 'l'], ['p', 'i']]",tʃaruʃilpi
ডোবাতে,"[26, 3, 11, 1, 9, 5, 0, 0, 0, 0, 0, 0, 0, 0, 0, 0, 0, 0]","[['ɖ', 'o'], ['b', 'a'], ['t̪', 'e']]",ɖobat̪e
ভরসংখ্যা,"[23, 8, 2, 10, 8, 31, 24, 1, 0, 0, 0, 0, 0, 0, 0, 0, 0, 0]","[['bʱ', 'ɔ', 'r'], ['ʃ', 'ɔ', 'ŋ'], ['kʰ', 'a']]",bʱɔrʃɔŋkʰa
ভট,"[23, 8, 17, 0, 0, 0, 0, 0, 0, 0, 0, 0, 0, 0, 0, 0, 0, 0]","[['bʱ', 'ɔ', 'ʈ']]",bʱɔʈ
বৃষ্টিধারা,"[11, 2, 4, 10, 17, 4, 25, 1, 2, 1, 0, 0, 0, 0, 0, 0, 0, 0]","[['b', 'r', 'i', 'ʃ'], ['ʈ', 'i'], ['d̪ʱ', 'a'], ['r', 'a']]",briʃʈid̪ʱara
রাষ্ট্রনীতি,"[2, 1, 19, 17, 2, 3, 6, 4, 9, 4, 0, 0, 0, 0, 0, 0, 0, 0]","[['r', 'a', 's'], ['ʈ', 'r', 'o'], ['n', 'i'], ['t̪', 'i']]",rasʈronit̪i
খুলনাসহ,"[24, 14, 12, 6, 1, 10, 8, 21, 3, 0, 0, 0, 0, 0, 0, 0, 0, 0]","[['kʰ', 'u', 'l'], ['n', 'a'], ['ʃ', 'ɔ'], ['h', 'o']]",kʰulnaʃɔho
আমীনকে,"[1, 13, 4, 6, 7, 5, 0, 0, 0, 0, 0, 0, 0, 0, 0, 0, 0, 0]","[['a'], ['m', 'i', 'n'], ['k', 'e']]",aminke
আবুতোরাব,"[1, 11, 14, 9, 3, 2, 1, 11, 0, 0, 0, 0, 0, 0, 0, 0, 0, 0]","[['a'], ['b', 'u'], ['t̪', 'o'], ['r', 'a', 'b']]",abut̪orab
প্রশাসনসহ,"[15, 2, 3, 10, 1, 10, 3, 6, 10, 8, 21, 3, 0, 0, 0, 0, 0, 0]","[['p', 'r', 'o'], ['ʃ', 'a'], ['ʃ', 'o', 'n'], ['ʃ', 'ɔ'], ['h', 'o']]",proʃaʃonʃɔho
যৌনতৃপ্তি,"[18, 38, 6, 3, 9, 2, 4, 15, 9, 4, 0, 0, 0, 0, 0, 0, 0, 0]","[['dʒ', 'ou̯'], ['n', 'o'], ['t̪', 'r', 'i', 'p'], ['t̪', 'i']]",dʒou̯not̪ript̪i
চারুর,"[22, 1, 2, 14, 2, 0, 0, 0, 0, 0, 0, 0, 0, 0, 0, 0, 0, 0]","[['tʃ', 'a'], ['r', 'u', 'r']]",tʃarur
দালালরা,"[16, 1, 12, 1, 12, 2, 1, 0, 0, 0, 0, 0, 0, 0, 0, 0, 0, 0]","[['d̪', 'a'], ['l', 'a', 'l'], ['r', 'a']]",d̪alalra
পাশবিকতা,"[15, 1, 10, 3, 11, 4, 7, 8, 9, 1, 0, 0, 0, 0, 0, 0, 0, 0]","[['p', 'a'], ['ʃ', 'o'], ['b', 'i'], ['k', 'ɔ'], ['t̪', 'a']]",paʃobikɔt̪a
ব্যক্তিকেও,"[11, 29, 7, 9, 4, 7, 37, 0, 0, 0, 0, 0, 0, 0, 0, 0, 0, 0]","[['b', 'æ', 'k'], ['t̪', 'i'], ['k', 'eo̯']]",bækt̪ikeo̯
পারিলেন,"[15, 1, 2, 4, 12, 5, 6, 0, 0, 0, 0, 0, 0, 0, 0, 0, 0, 0]","[['p', 'a'], ['r', 'i'], ['l', 'e', 'n']]",parilen
প্রথমদিনে,"[15, 2, 3, 30, 3, 13, 16, 4, 6, 5, 0, 0, 0, 0, 0, 0, 0, 0]","[['p', 'r', 'o'], ['t̪ʰ', 'o', 'm'], ['d̪', 'i'], ['n', 'e']]",prot̪ʰomd̪ine
ইনিংসই,"[4, 6, 4, 31, 19, 4, 0, 0, 0, 0, 0, 0, 0, 0, 0, 0, 0, 0]","[['i'], ['n', 'i', 'ŋ', 's'], ['i']]",iniŋsi
যুক্তিই,"[18, 14, 7, 9, 46, 0, 0, 0, 0, 0, 0, 0, 0, 0, 0, 0, 0, 0]","[['dʒ', 'u', 'k'], ['t̪', 'ii̯']]",dʒukt̪ii̯
শেখাও,"[10, 5, 24, 1, 3, 0, 0, 0, 0, 0, 0, 0, 0, 0, 0, 0, 0, 0]","[['ʃ', 'e'], ['kʰ', 'a'], ['o']]",ʃekʰao
এনএসসির,"[5, 6, 5, 19, 19, 4, 2, 0, 0, 0, 0, 0, 0, 0, 0, 0, 0, 0]","[['e', 'n'], ['e', 's'], ['s', 'i', 'r']]",enessir
গদখালী,"[20, 3, 16, 24, 1, 12, 4, 0, 0, 0, 0, 0, 0, 0, 0, 0, 0, 0]","[['g', 'o', 'd̪'], ['kʰ', 'a'], ['l', 'i']]",god̪kʰali
ফ্যালকাও,"[27, 29, 12, 7, 39, 0, 0, 0, 0, 0, 0, 0, 0, 0, 0, 0, 0, 0]","[['f', 'æ', 'l'], ['k', 'ao̯']]",fælkao̯
স্টিলস,"[19, 17, 4, 12, 19, 0, 0, 0, 0, 0, 0, 0, 0, 0, 0, 0, 0, 0]","[['s', 'ʈ', 'i', 'l', 's']]",sʈils
বীথি,"[11, 4, 30, 4, 0, 0, 0, 0, 0, 0, 0, 0, 0, 0, 0, 0, 0, 0]","[['b', 'i'], ['t̪ʰ', 'i']]",bit̪ʰi
মুলুকের,"[13, 14, 12, 14, 7, 5, 2, 0, 0, 0, 0, 0, 0, 0, 0, 0, 0, 0]","[['m', 'u'], ['l', 'u'], ['k', 'e', 'r']]",muluker
নতুনকে,"[6, 3, 9, 14, 6, 7, 5, 0, 0, 0, 0, 0, 0, 0, 0, 0, 0, 0]","[['n', 'o'], ['t̪', 'u', 'n'], ['k', 'e']]",not̪unke
স্নোডেনকে,"[19, 6, 3, 26, 5, 6, 7, 5, 0, 0, 0, 0, 0, 0, 0, 0, 0, 0]","[['s', 'n', 'o'], ['ɖ', 'e', 'n'], ['k', 'e']]",snoɖenke
পুলিশসহ,"[15, 14, 12, 4, 10, 10, 8, 21, 3, 0, 0, 0, 0, 0, 0, 0, 0, 0]","[['p', 'u'], ['l', 'i', 'ʃ'], ['ʃ', 'ɔ'], ['h', 'o']]",puliʃʃɔho
সুধীজনের,"[10, 14, 25, 4, 18, 8, 6, 5, 2, 0, 0, 0, 0, 0, 0, 0, 0, 0]","[['ʃ', 'u'], ['d̪ʱ', 'i'], ['dʒ', 'ɔ'], ['n', 'e', 'r']]",ʃud̪ʱidʒɔner
এমওপি,"[5, 13, 3, 15, 4, 0, 0, 0, 0, 0, 0, 0, 0, 0, 0, 0, 0, 0]","[['e', 'm'], ['o'], ['p', 'i']]",emopi
শক্তিচালিত,"[10, 3, 7, 9, 4, 22, 1, 12, 4, 9, 3, 0, 0, 0, 0, 0, 0, 0]","[['ʃ', 'o', 'k'], ['t̪', 'i'], ['tʃ', 'a'], ['l', 'i'], ['t̪', 'o']]",ʃokt̪itʃalit̪o
জানানোও,"[18, 1, 6, 1, 6, 3, 3, 0, 0, 0, 0, 0, 0, 0, 0, 0, 0, 0]","[['dʒ', 'a'], ['n', 'a'], ['n', 'o'], ['o']]",dʒananoo
ডিফরেন্ট,"[26, 4, 27, 2, 5, 6, 17, 0, 0, 0, 0, 0, 0, 0, 0, 0, 0, 0]","[['ɖ', 'i', 'f'], ['r', 'e', 'n', 'ʈ']]",ɖifrenʈ
ক্ষমতাটা,"[24, 8, 13, 3, 9, 1, 17, 1, 0, 0, 0, 0, 0, 0, 0, 0, 0, 0]","[['kʰ', 'ɔ'], ['m', 'o'], ['t̪', 'a'], ['ʈ', 'a']]",kʰɔmot̪aʈa
কলসির,"[7, 3, 12, 10, 4, 2, 0, 0, 0, 0, 0, 0, 0, 0, 0, 0, 0, 0]","[['k', 'o', 'l'], ['ʃ', 'i', 'r']]",kolʃir
নদীজন,"[6, 3, 16, 4, 18, 8, 6, 0, 0, 0, 0, 0, 0, 0, 0, 0, 0, 0]","[['n', 'o'], ['d̪', 'i'], ['dʒ', 'ɔ', 'n']]",nod̪idʒɔn
এতখানি,"[5, 9, 3, 24, 1, 6, 4, 0, 0, 0, 0, 0, 0, 0, 0, 0, 0, 0]","[['e'], ['t̪', 'o'], ['kʰ', 'a'], ['n', 'i']]",et̪okʰani
নাহিদকে,"[6, 1, 21, 4, 16, 7, 5, 0, 0, 0, 0, 0, 0, 0, 0, 0, 0, 0]","[['n', 'a'], ['h', 'i', 'd̪'], ['k', 'e']]",nahid̪ke
ধর্মেরই,"[25, 8, 2, 13, 5, 2, 4, 0, 0, 0, 0, 0, 0, 0, 0, 0, 0, 0]","[['d̪ʱ', 'ɔ', 'r'], ['m', 'e', 'r'], ['i']]",d̪ʱɔrmeri
ইংরাজ,"[4, 31, 2, 1, 18, 0, 0, 0, 0, 0, 0, 0, 0, 0, 0, 0, 0, 0]","[['i', 'ŋ'], ['r', 'a', 'dʒ']]",iŋradʒ
কবিরসহ,"[7, 3, 11, 4, 2, 10, 8, 21, 3, 0, 0, 0, 0, 0, 0, 0, 0, 0]","[['k', 'o'], ['b', 'i', 'r'], ['ʃ', 'ɔ'], ['h', 'o']]",kobirʃɔho
নজরুলগীতির,"[6, 3, 18, 2, 14, 12, 20, 4, 9, 4, 2, 0, 0, 0, 0, 0, 0, 0]","[['n', 'o', 'dʒ'], ['r', 'u', 'l'], ['g', 'i'], ['t̪', 'i', 'r']]",nodʒrulgit̪ir
জীবনবোধের,"[18, 4, 11, 3, 6, 11, 3, 25, 5, 2, 0, 0, 0, 0, 0, 0, 0, 0]","[['dʒ', 'i'], ['b', 'o', 'n'], ['b', 'o'], ['d̪ʱ', 'e', 'r']]",dʒibonbod̪ʱer
দলিলও,"[16, 3, 12, 4, 12, 3, 0, 0, 0, 0, 0, 0, 0, 0, 0, 0, 0, 0]","[['d̪', 'o'], ['l', 'i', 'l'], ['o']]",d̪olilo
জেডটিই,"[18, 5, 26, 17, 4, 4, 0, 0, 0, 0, 0, 0, 0, 0, 0, 0, 0, 0]","[['dʒ', 'e', 'ɖ'], ['ʈ', 'i'], ['i']]",dʒeɖʈii
কোনোক্রমে,"[7, 3, 6, 3, 7, 2, 3, 13, 5, 0, 0, 0, 0, 0, 0, 0, 0, 0]","[['k', 'o'], ['n', 'o'], ['k', 'r', 'o'], ['m', 'e']]",konokrome
সালেমের,"[19, 1, 12, 5, 13, 5, 2, 0, 0, 0, 0, 0, 0, 0, 0, 0, 0, 0]","[['s', 'a'], ['l', 'e'], ['m', 'e', 'r']]",salemer
স্বাস্থ্যর,"[10, 1, 19, 30, 3, 2, 0, 0, 0, 0, 0, 0, 0, 0, 0, 0, 0, 0]","[['ʃ', 'a', 's'], ['t̪ʰ', 'o', 'r']]",ʃast̪ʰor
নজরকারা,"[6, 8, 18, 3, 2, 7, 1, 2, 1, 0, 0, 0, 0, 0, 0, 0, 0, 0]","[['n', 'ɔ'], ['dʒ', 'o', 'r'], ['k', 'a'], ['r', 'a']]",nɔdʒorkara
চলনসই,"[22, 8, 12, 3, 6, 10, 35, 0, 0, 0, 0, 0, 0, 0, 0, 0, 0, 0]","[['tʃ', 'ɔ'], ['l', 'o', 'n'], ['ʃ', 'oi̯']]",tʃɔlonʃoi̯
ক্রেজ,"[7, 2, 5, 18, 0, 0, 0, 0, 0, 0, 0, 0, 0, 0, 0, 0, 0, 0]","[['k', 'r', 'e', 'dʒ']]",kredʒ
সানচেস,"[19, 1, 6, 22, 5, 19, 0, 0, 0, 0, 0, 0, 0, 0, 0, 0, 0, 0]","[['s', 'a', 'n'], ['tʃ', 'e', 's']]",santʃes
সেটিকেই,"[10, 5, 17, 4, 7, 33, 0, 0, 0, 0, 0, 0, 0, 0, 0, 0, 0, 0]","[['ʃ', 'e'], ['ʈ', 'i'], ['k', 'ei̯']]",ʃeʈikei̯
ফিজিবিলিটি,"[27, 4, 18, 4, 11, 4, 12, 4, 17, 4, 0, 0, 0, 0, 0, 0, 0, 0]","[['f', 'i'], ['dʒ', 'i'], ['b', 'i'], ['l', 'i'], ['ʈ', 'i']]",fidʒibiliʈi
উপকরণই,"[14, 15, 3, 7, 8, 2, 3, 6, 4, 0, 0, 0, 0, 0, 0, 0, 0, 0]","[['u'], ['p', 'o'], ['k', 'ɔ'], ['r', 'o', 'n'], ['i']]",upokɔroni
বোরোর,"[11, 3, 2, 3, 2, 0, 0, 0, 0, 0, 0, 0, 0, 0, 0, 0, 0, 0]","[['b', 'o'], ['r', 'o', 'r']]",boror
সরষের,"[10, 3, 2, 10, 5, 2, 0, 0, 0, 0, 0, 0, 0, 0, 0, 0, 0, 0]","[['ʃ', 'o', 'r'], ['ʃ', 'e', 'r']]",ʃorʃer
থানাগুলো,"[30, 1, 6, 1, 20, 14, 12, 3, 0, 0, 0, 0, 0, 0, 0, 0, 0, 0]","[['t̪ʰ', 'a'], ['n', 'a'], ['g', 'u'], ['l', 'o']]",t̪ʰanagulo
জমিই,"[18, 3, 13, 46, 0, 0, 0, 0, 0, 0, 0, 0, 0, 0, 0, 0, 0, 0]","[['dʒ', 'o'], ['m', 'ii̯']]",dʒomii̯
স্কুলগামী,"[19, 7, 14, 12, 20, 1, 13, 4, 0, 0, 0, 0, 0, 0, 0, 0, 0, 0]","[['s', 'k', 'u', 'l'], ['g', 'a'], ['m', 'i']]",skulgami
গুহাগুলো,"[20, 14, 21, 1, 20, 14, 12, 3, 0, 0, 0, 0, 0, 0, 0, 0, 0, 0]","[['g', 'u'], ['h', 'a'], ['g', 'u'], ['l', 'o']]",guhagulo
সিসিল,"[19, 4, 19, 4, 12, 0, 0, 0, 0, 0, 0, 0, 0, 0, 0, 0, 0, 0]","[['s', 'i'], ['s', 'i', 'l']]",sisil
মেকারের,"[13, 5, 7, 1, 2, 5, 2, 0, 0, 0, 0, 0, 0, 0, 0, 0, 0, 0]","[['m', 'e'], ['k', 'a'], ['r', 'e', 'r']]",mekarer
লাইকস,"[12, 32, 7, 19, 0, 0, 0, 0, 0, 0, 0, 0, 0, 0, 0, 0, 0, 0]","[['l', 'ai̯', 'k', 's']]",lai̯ks
পুতুলনাচ,"[15, 14, 9, 14, 12, 6, 1, 22, 0, 0, 0, 0, 0, 0, 0, 0, 0, 0]","[['p', 'u'], ['t̪', 'u', 'l'], ['n', 'a', 'tʃ']]",put̪ulnatʃ
অতিক্রমকালে,"[3, 9, 4, 7, 2, 8, 13, 7, 1, 12, 5, 0, 0, 0, 0, 0, 0, 0]","[['o'], ['t̪', 'i'], ['k', 'r', 'ɔ', 'm'], ['k', 'a'], ['l', 'e']]",ot̪ikrɔmkale
পৌরনীতি,"[15, 48, 2, 3, 6, 4, 9, 4, 0, 0, 0, 0, 0, 0, 0, 0, 0, 0]","[['p', 'oo̯'], ['r', 'o'], ['n', 'i'], ['t̪', 'i']]",poo̯ronit̪i
পাতাতেই,"[15, 1, 9, 1, 9, 33, 0, 0, 0, 0, 0, 0, 0, 0, 0, 0, 0, 0]","[['p', 'a'], ['t̪', 'a'], ['t̪', 'ei̯']]",pat̪at̪ei̯
কাটালেও,"[7, 1, 17, 1, 12, 37, 0, 0, 0, 0, 0, 0, 0, 0, 0, 0, 0, 0]","[['k', 'a'], ['ʈ', 'a'], ['l', 'eo̯']]",kaʈaleo̯
সেনাক্যাম্প,"[10, 5, 6, 1, 7, 29, 13, 15, 0, 0, 0, 0, 0, 0, 0, 0, 0, 0]","[['ʃ', 'e'], ['n', 'a'], ['k', 'æ', 'm', 'p']]",ʃenakæmp
একাব্বর,"[29, 7, 1, 11, 11, 8, 2, 0, 0, 0, 0, 0, 0, 0, 0, 0, 0, 0]","[['æ'], ['k', 'a', 'b'], ['b', 'ɔ', 'r']]",ækabbɔr
বিনামূল্যেই,"[11, 4, 6, 1, 13, 14, 12, 12, 33, 0, 0, 0, 0, 0, 0, 0, 0, 0]","[['b', 'i'], ['n', 'a'], ['m', 'u', 'l'], ['l', 'ei̯']]",binamullei̯
মনমানসিকতা,"[13, 3, 6, 13, 1, 6, 3, 10, 4, 7, 8, 9, 1, 0, 0, 0, 0, 0]","[['m', 'o', 'n'], ['m', 'a'], ['n', 'o'], ['ʃ', 'i'], ['k', 'ɔ'], ['t̪', 'a']]",monmanoʃikɔt̪a
কাটাকুটি,"[7, 1, 17, 1, 7, 14, 17, 4, 0, 0, 0, 0, 0, 0, 0, 0, 0, 0]","[['k', 'a'], ['ʈ', 'a'], ['k', 'u'], ['ʈ', 'i']]",kaʈakuʈi
ত্রপা,"[9, 2, 8, 15, 1, 0, 0, 0, 0, 0, 0, 0, 0, 0, 0, 0, 0, 0]","[['t̪', 'r', 'ɔ'], ['p', 'a']]",t̪rɔpa
শহিদুলকে,"[10, 3, 21, 4, 16, 14, 12, 7, 5, 0, 0, 0, 0, 0, 0, 0, 0, 0]","[['ʃ', 'o'], ['h', 'i'], ['d̪', 'u', 'l'], ['k', 'e']]",ʃohid̪ulke
ট্রলির,"[17, 2, 8, 12, 4, 2, 0, 0, 0, 0, 0, 0, 0, 0, 0, 0, 0, 0]","[['ʈ', 'r', 'ɔ'], ['l', 'i', 'r']]",ʈrɔlir
গণপূর্তমন্ত্রী,"[20, 8, 6, 3, 15, 14, 2, 9, 3, 13, 3, 6, 9, 2, 4, 0, 0, 0]","[['g', 'ɔ'], ['n', 'o'], ['p', 'u', 'r'], ['t̪', 'o'], ['m', 'o', 'n'], ['t̪', 'r', 'i']]",gɔnopurt̪omont̪ri
বিলিন,"[11, 4, 12, 4, 6, 0, 0, 0, 0, 0, 0, 0, 0, 0, 0, 0, 0, 0]","[['b', 'i'], ['l', 'i', 'n']]",bilin
আমলকীর,"[1, 13, 12, 3, 7, 4, 2, 0, 0, 0, 0, 0, 0, 0, 0, 0, 0, 0]","[['a', 'm'], ['l', 'o'], ['k', 'i', 'r']]",amlokir
বিজারণ,"[11, 4, 18, 1, 2, 3, 6, 0, 0, 0, 0, 0, 0, 0, 0, 0, 0, 0]","[['b', 'i'], ['dʒ', 'a'], ['r', 'o', 'n']]",bidʒaron
গৃহসজ্জার,"[20, 2, 4, 21, 3, 10, 3, 18, 18, 1, 2, 0, 0, 0, 0, 0, 0, 0]","[['g', 'r', 'i'], ['h', 'o'], ['ʃ', 'o', 'dʒ'], ['dʒ', 'a', 'r']]",grihoʃodʒdʒar
দোকানই,"[16, 3, 7, 1, 6, 4, 0, 0, 0, 0, 0, 0, 0, 0, 0, 0, 0, 0]","[['d̪', 'o'], ['k', 'a', 'n'], ['i']]",d̪okani
যত্নআত্তি,"[18, 8, 9, 6, 3, 1, 9, 9, 4, 0, 0, 0, 0, 0, 0, 0, 0, 0]","[['dʒ', 'ɔ', 't̪'], ['n', 'o'], ['a', 't̪'], ['t̪', 'i']]",dʒɔt̪noat̪t̪i
ঠিকঠাকমতো,"[36, 4, 7, 36, 1, 7, 13, 8, 9, 3, 0, 0, 0, 0, 0, 0, 0, 0]","[['ʈʰ', 'i', 'k'], ['ʈʰ', 'a', 'k'], ['m', 'ɔ'], ['t̪', 'o']]",ʈʰikʈʰakmɔt̪o
যাইবার,"[18, 32, 11, 1, 2, 0, 0, 0, 0, 0, 0, 0, 0, 0, 0, 0, 0, 0]","[['dʒ', 'ai̯'], ['b', 'a', 'r']]",dʒai̯bar
সত্যকেই,"[10, 3, 9, 9, 3, 7, 33, 0, 0, 0, 0, 0, 0, 0, 0, 0, 0, 0]","[['ʃ', 'o', 't̪'], ['t̪', 'o'], ['k', 'ei̯']]",ʃot̪t̪okei̯
সমাজসহ,"[10, 8, 13, 1, 18, 10, 8, 21, 3, 0, 0, 0, 0, 0, 0, 0, 0, 0]","[['ʃ', 'ɔ'], ['m', 'a', 'dʒ'], ['ʃ', 'ɔ'], ['h', 'o']]",ʃɔmadʒʃɔho
কুমিল্লাকে,"[7, 14, 13, 4, 12, 12, 1, 7, 5, 0, 0, 0, 0, 0, 0, 0, 0, 0]","[['k', 'u'], ['m', 'i', 'l'], ['l', 'a'], ['k', 'e']]",kumillake
পরিচালকই,"[15, 3, 2, 4, 22, 1, 12, 3, 7, 4, 0, 0, 0, 0, 0, 0, 0, 0]","[['p', 'o'], ['r', 'i'], ['tʃ', 'a'], ['l', 'o', 'k'], ['i']]",poritʃaloki
সংগ্রামই,"[10, 8, 31, 20, 2, 1, 13, 4, 0, 0, 0, 0, 0, 0, 0, 0, 0, 0]","[['ʃ', 'ɔ', 'ŋ'], ['g', 'r', 'a', 'm'], ['i']]",ʃɔŋgrami
আসেম,"[1, 10, 5, 13, 0, 0, 0, 0, 0, 0, 0, 0, 0, 0, 0, 0, 0, 0]","[['a'], ['ʃ', 'e', 'm']]",aʃem
হাসিমাখা,"[21, 1, 10, 4, 13, 1, 24, 1, 0, 0, 0, 0, 0, 0, 0, 0, 0, 0]","[['h', 'a'], ['ʃ', 'i'], ['m', 'a'], ['kʰ', 'a']]",haʃimakʰa
সাতেক,"[10, 1, 9, 5, 7, 0, 0, 0, 0, 0, 0, 0, 0, 0, 0, 0, 0, 0]","[['ʃ', 'a'], ['t̪', 'e', 'k']]",ʃat̪ek
অধিকাংশকে,"[3, 25, 4, 7, 1, 31, 10, 3, 7, 5, 0, 0, 0, 0, 0, 0, 0, 0]","[['o'], ['d̪ʱ', 'i'], ['k', 'a', 'ŋ'], ['ʃ', 'o'], ['k', 'e']]",od̪ʱikaŋʃoke
পরিকল্পিতভাবেই,"[15, 3, 2, 4, 7, 3, 12, 15, 4, 9, 3, 23, 1, 11, 33, 0, 0, 0]","[['p', 'o'], ['r', 'i'], ['k', 'o', 'l'], ['p', 'i'], ['t̪', 'o'], ['bʱ', 'a'], ['b', 'ei̯']]",porikolpit̪obʱabei̯
উহারা,"[14, 21, 1, 2, 1, 0, 0, 0, 0, 0, 0, 0, 0, 0, 0, 0, 0, 0]","[['u'], ['h', 'a'], ['r', 'a']]",uhara
দখলেই,"[16, 8, 24, 3, 12, 33, 0, 0, 0, 0, 0, 0, 0, 0, 0, 0, 0, 0]","[['d̪', 'ɔ'], ['kʰ', 'o'], ['l', 'ei̯']]",d̪ɔkʰolei̯
ড্রেসিংরুমে,"[26, 2, 5, 19, 4, 31, 2, 14, 13, 5, 0, 0, 0, 0, 0, 0, 0, 0]","[['ɖ', 'r', 'e'], ['s', 'i', 'ŋ'], ['r', 'u'], ['m', 'e']]",ɖresiŋrume
লীনার,"[12, 4, 6, 1, 2, 0, 0, 0, 0, 0, 0, 0, 0, 0, 0, 0, 0, 0]","[['l', 'i'], ['n', 'a', 'r']]",linar
খানাখন্দ,"[24, 1, 6, 1, 24, 8, 6, 16, 3, 0, 0, 0, 0, 0, 0, 0, 0, 0]","[['kʰ', 'a'], ['n', 'a'], ['kʰ', 'ɔ', 'n'], ['d̪', 'o']]",kʰanakʰɔnd̪o
কুচির,"[7, 14, 22, 4, 2, 0, 0, 0, 0, 0, 0, 0, 0, 0, 0, 0, 0, 0]","[['k', 'u'], ['tʃ', 'i', 'r']]",kutʃir
উচ্ছে,"[14, 22, 28, 5, 0, 0, 0, 0, 0, 0, 0, 0, 0, 0, 0, 0, 0, 0]","[['u', 'tʃ'], ['tʃʰ', 'e']]",utʃtʃʰe
তরুলতা,"[9, 3, 2, 14, 12, 8, 9, 1, 0, 0, 0, 0, 0, 0, 0, 0, 0, 0]","[['t̪', 'o'], ['r', 'u'], ['l', 'ɔ'], ['t̪', 'a']]",t̪orulɔt̪a
শিশুগুলো,"[10, 4, 10, 14, 20, 14, 12, 3, 0, 0, 0, 0, 0, 0, 0, 0, 0, 0]","[['ʃ', 'i'], ['ʃ', 'u'], ['g', 'u'], ['l', 'o']]",ʃiʃugulo
দেহও,"[16, 5, 21, 3, 3, 0, 0, 0, 0, 0, 0, 0, 0, 0, 0, 0, 0, 0]","[['d̪', 'e'], ['h', 'o'], ['o']]",d̪ehoo
মুক্তিযোদ্ধাসহ,"[13, 14, 7, 9, 4, 18, 3, 16, 25, 1, 10, 8, 21, 3, 0, 0, 0, 0]","[['m', 'u', 'k'], ['t̪', 'i'], ['dʒ', 'o', 'd̪'], ['d̪ʱ', 'a'], ['ʃ', 'ɔ'], ['h', 'o']]",mukt̪idʒod̪d̪ʱaʃɔho
মানুষটিও,"[13, 1, 6, 14, 10, 17, 4, 3, 0, 0, 0, 0, 0, 0, 0, 0, 0, 0]","[['m', 'a'], ['n', 'u', 'ʃ'], ['ʈ', 'i'], ['o']]",manuʃʈio
তেনজিং,"[9, 5, 6, 18, 4, 31, 0, 0, 0, 0, 0, 0, 0, 0, 0, 0, 0, 0]","[['t̪', 'e', 'n'], ['dʒ', 'i', 'ŋ']]",t̪endʒiŋ
বিরানি,"[11, 4, 2, 1, 6, 4, 0, 0, 0, 0, 0, 0, 0, 0, 0, 0, 0, 0]","[['b', 'i'], ['r', 'a'], ['n', 'i']]",birani
গোঁজামিল,"[20, 3, 18, 1, 13, 4, 12, 0, 0, 0, 0, 0, 0, 0, 0, 0, 0, 0]","[['g', 'o'], ['dʒ', 'a'], ['m', 'i', 'l']]",godʒamil
কবিতাতে,"[7, 3, 11, 4, 9, 1, 9, 5, 0, 0, 0, 0, 0, 0, 0, 0, 0, 0]","[['k', 'o'], ['b', 'i'], ['t̪', 'a'], ['t̪', 'e']]",kobit̪at̪e
স্মৃতিশক্তিও,"[19, 2, 4, 9, 4, 10, 3, 7, 9, 4, 3, 0, 0, 0, 0, 0, 0, 0]","[['s', 'r', 'i'], ['t̪', 'i'], ['ʃ', 'o', 'k'], ['t̪', 'i'], ['o']]",srit̪iʃokt̪io
বিআইডব্লিউটিএ,"[11, 4, 32, 26, 3, 11, 12, 41, 17, 4, 5, 0, 0, 0, 0, 0, 0, 0]","[['b', 'i'], ['ai̯'], ['ɖ', 'o', 'b'], ['l', 'iu̯'], ['ʈ', 'i'], ['e']]",biai̯ɖobliu̯ʈie
লাগাব,"[12, 1, 20, 1, 11, 3, 0, 0, 0, 0, 0, 0, 0, 0, 0, 0, 0, 0]","[['l', 'a'], ['g', 'a'], ['b', 'o']]",lagabo
চারাও,"[22, 1, 2, 39, 0, 0, 0, 0, 0, 0, 0, 0, 0, 0, 0, 0, 0, 0]","[['tʃ', 'a'], ['r', 'ao̯']]",tʃarao̯
ডাউ,"[26, 43, 0, 0, 0, 0, 0, 0, 0, 0, 0, 0, 0, 0, 0, 0, 0, 0]","[['ɖ', 'au̯']]",ɖau̯
ঢুকেছিলেন,"[49, 14, 7, 5, 28, 4, 12, 5, 6, 0, 0, 0, 0, 0, 0, 0, 0, 0]","[['ɖʱ', 'u'], ['k', 'e'], ['tʃʰ', 'i'], ['l', 'e', 'n']]",ɖʱuketʃʰilen
বইগুলোও,"[11, 35, 20, 14, 12, 3, 3, 0, 0, 0, 0, 0, 0, 0, 0, 0, 0, 0]","[['b', 'oi̯'], ['g', 'u'], ['l', 'o'], ['o']]",boi̯guloo
ভাতাসহ,"[23, 1, 9, 1, 10, 8, 21, 3, 0, 0, 0, 0, 0, 0, 0, 0, 0, 0]","[['bʱ', 'a'], ['t̪', 'a'], ['ʃ', 'ɔ'], ['h', 'o']]",bʱat̪aʃɔho
জুটিও,"[18, 14, 17, 4, 3, 0, 0, 0, 0, 0, 0, 0, 0, 0, 0, 0, 0, 0]","[['dʒ', 'u'], ['ʈ', 'i'], ['o']]",dʒuʈio
বেগুনির,"[11, 5, 20, 14, 6, 4, 2, 0, 0, 0, 0, 0, 0, 0, 0, 0, 0, 0]","[['b', 'e'], ['g', 'u'], ['n', 'i', 'r']]",begunir
জবাবও,"[18, 8, 11, 1, 11, 3, 0, 0, 0, 0, 0, 0, 0, 0, 0, 0, 0, 0]","[['dʒ', 'ɔ'], ['b', 'a'], ['b', 'o']]",dʒɔbabo
সিক্সথ,"[19, 4, 7, 19, 30, 0, 0, 0, 0, 0, 0, 0, 0, 0, 0, 0, 0, 0]","[['s', 'i', 'k', 's', 't̪ʰ']]",sikst̪ʰ
মানাই,"[13, 1, 6, 32, 0, 0, 0, 0, 0, 0, 0, 0, 0, 0, 0, 0, 0, 0]","[['m', 'a'], ['n', 'ai̯']]",manai̯
হকিকত,"[21, 3, 7, 4, 7, 8, 9, 0, 0, 0, 0, 0, 0, 0, 0, 0, 0, 0]","[['h', 'o'], ['k', 'i'], ['k', 'ɔ', 't̪']]",hokikɔt̪
স্বাধীনতাযুদ্ধ,"[10, 1, 25, 4, 6, 3, 9, 1, 18, 14, 16, 25, 3, 0, 0, 0, 0, 0]","[['ʃ', 'a'], ['d̪ʱ', 'i'], ['n', 'o'], ['t̪', 'a'], ['dʒ', 'u', 'd̪'], ['d̪ʱ', 'o']]",ʃad̪ʱinot̪adʒud̪d̪ʱo
আর্জেন্টিনাই,"[1, 2, 18, 5, 6, 17, 4, 6, 32, 0, 0, 0, 0, 0, 0, 0, 0, 0]","[['a', 'r'], ['dʒ', 'e', 'n'], ['ʈ', 'i'], ['n', 'ai̯']]",ardʒenʈinai̯
আকর্ষণই,"[1, 7, 3, 2, 10, 8, 6, 4, 0, 0, 0, 0, 0, 0, 0, 0, 0, 0]","[['a'], ['k', 'o', 'r'], ['ʃ', 'ɔ'], ['n', 'i']]",akorʃɔni
দ্রোহ,"[16, 2, 3, 21, 3, 0, 0, 0, 0, 0, 0, 0, 0, 0, 0, 0, 0, 0]","[['d̪', 'r', 'o'], ['h', 'o']]",d̪roho
সমাসের,"[10, 8, 13, 1, 10, 5, 2, 0, 0, 0, 0, 0, 0, 0, 0, 0, 0, 0]","[['ʃ', 'ɔ'], ['m', 'a'], ['ʃ', 'e', 'r']]",ʃɔmaʃer
পেতেছিল,"[15, 5, 9, 5, 28, 4, 12, 3, 0, 0, 0, 0, 0, 0, 0, 0, 0, 0]","[['p', 'e'], ['t̪', 'e'], ['tʃʰ', 'i'], ['l', 'o']]",pet̪etʃʰilo
ম্যাকাফি,"[13, 29, 7, 1, 27, 4, 0, 0, 0, 0, 0, 0, 0, 0, 0, 0, 0, 0]","[['m', 'æ'], ['k', 'a'], ['f', 'i']]",mækafi
সওদাগরসহ,"[10, 57, 16, 1, 20, 8, 2, 10, 8, 21, 3, 0, 0, 0, 0, 0, 0, 0]","[['ʃ', 'ɔu̯'], ['d̪', 'a'], ['g', 'ɔ', 'r'], ['ʃ', 'ɔ'], ['h', 'o']]",ʃɔu̯d̪agɔrʃɔho
খানকেও,"[24, 1, 6, 7, 5, 3, 0, 0, 0, 0, 0, 0, 0, 0, 0, 0, 0, 0]","[['kʰ', 'a', 'n'], ['k', 'e'], ['o']]",kʰankeo
ব্যবহারেরও,"[11, 29, 11, 3, 21, 1, 2, 5, 2, 3, 0, 0, 0, 0, 0, 0, 0, 0]","[['b', 'æ'], ['b', 'o'], ['h', 'a'], ['r', 'e', 'r'], ['o']]",bæboharero
মহিরুহ,"[13, 3, 21, 4, 2, 14, 21, 3, 0, 0, 0, 0, 0, 0, 0, 0, 0, 0]","[['m', 'o'], ['h', 'i'], ['r', 'u'], ['h', 'o']]",mohiruho
মুসলমানরাও,"[13, 14, 19, 8, 12, 13, 1, 6, 2, 39, 0, 0, 0, 0, 0, 0, 0, 0]","[['m', 'u'], ['s', 'ɔ', 'l'], ['m', 'a', 'n'], ['r', 'ao̯']]",musɔlmanrao̯
সীমান্তসংলগ্ন,"[10, 4, 13, 1, 6, 9, 3, 10, 8, 31, 12, 3, 20, 6, 3, 0, 0, 0]","[['ʃ', 'i'], ['m', 'a', 'n'], ['t̪', 'o'], ['ʃ', 'ɔ', 'ŋ'], ['l', 'o', 'g'], ['n', 'o']]",ʃimant̪oʃɔŋlogno
বসতেও,"[11, 3, 10, 9, 37, 0, 0, 0, 0, 0, 0, 0, 0, 0, 0, 0, 0, 0]","[['b', 'o', 'ʃ'], ['t̪', 'eo̯']]",boʃt̪eo̯
প্রতিদ্বন্দ্বিতাকারী,"[15, 2, 3, 9, 4, 16, 3, 6, 16, 4, 9, 1, 7, 1, 2, 4, 0, 0]","[['p', 'r', 'o'], ['t̪', 'i'], ['d̪', 'o', 'n'], ['d̪', 'i'], ['t̪', 'a'], ['k', 'a'], ['r', 'i']]",prot̪id̪ond̪it̪akari
রিব,"[2, 4, 11, 0, 0, 0, 0, 0, 0, 0, 0, 0, 0, 0, 0, 0, 0, 0]","[['r', 'i', 'b']]",rib
তরীকত,"[9, 3, 2, 4, 7, 8, 9, 0, 0, 0, 0, 0, 0, 0, 0, 0, 0, 0]","[['t̪', 'o'], ['r', 'i'], ['k', 'ɔ', 't̪']]",t̪orikɔt̪
মোচ,"[13, 3, 22, 0, 0, 0, 0, 0, 0, 0, 0, 0, 0, 0, 0, 0, 0, 0]","[['m', 'o', 'tʃ']]",motʃ
সমহারে,"[10, 8, 13, 3, 21, 1, 2, 5, 0, 0, 0, 0, 0, 0, 0, 0, 0, 0]","[['ʃ', 'ɔ'], ['m', 'o'], ['h', 'a'], ['r', 'e']]",ʃɔmohare
সেনাসংখ্যা,"[10, 5, 6, 1, 10, 8, 31, 24, 1, 0, 0, 0, 0, 0, 0, 0, 0, 0]","[['ʃ', 'e'], ['n', 'a'], ['ʃ', 'ɔ', 'ŋ'], ['kʰ', 'a']]",ʃenaʃɔŋkʰa
সামগ্রীই,"[19, 1, 13, 3, 20, 2, 46, 0, 0, 0, 0, 0, 0, 0, 0, 0, 0, 0]","[['s', 'a'], ['m', 'o', 'g'], ['r', 'ii̯']]",samogrii̯
অনেকেও,"[8, 6, 5, 7, 37, 0, 0, 0, 0, 0, 0, 0, 0, 0, 0, 0, 0, 0]","[['ɔ'], ['n', 'e'], ['k', 'eo̯']]",ɔnekeo̯
উপদেষ্টাও,"[14, 15, 3, 16, 5, 10, 17, 39, 0, 0, 0, 0, 0, 0, 0, 0, 0, 0]","[['u'], ['p', 'o'], ['d̪', 'e', 'ʃ'], ['ʈ', 'ao̯']]",upod̪eʃʈao̯
প্রম্পট,"[15, 2, 8, 13, 15, 17, 0, 0, 0, 0, 0, 0, 0, 0, 0, 0, 0, 0]","[['p', 'r', 'ɔ', 'm', 'p', 'ʈ']]",prɔmpʈ
ঘোরেন,"[34, 3, 2, 5, 6, 0, 0, 0, 0, 0, 0, 0, 0, 0, 0, 0, 0, 0]","[['gʱ', 'o'], ['r', 'e', 'n']]",gʱoren
কৃতিত্বই,"[7, 2, 4, 9, 4, 9, 9, 35, 0, 0, 0, 0, 0, 0, 0, 0, 0, 0]","[['k', 'r', 'i'], ['t̪', 'i', 't̪'], ['t̪', 'oi̯']]",krit̪it̪t̪oi̯
সেনাসদর,"[10, 5, 6, 1, 10, 8, 16, 3, 2, 0, 0, 0, 0, 0, 0, 0, 0, 0]","[['ʃ', 'e'], ['n', 'a'], ['ʃ', 'ɔ'], ['d̪', 'o', 'r']]",ʃenaʃɔd̪or
রুচিহীন,"[2, 14, 22, 4, 21, 4, 6, 0, 0, 0, 0, 0, 0, 0, 0, 0, 0, 0]","[['r', 'u'], ['tʃ', 'i'], ['h', 'i', 'n']]",rutʃihin
ভূমিকম্পও,"[23, 14, 13, 4, 7, 8, 13, 15, 48, 0, 0, 0, 0, 0, 0, 0, 0, 0]","[['bʱ', 'u'], ['m', 'i'], ['k', 'ɔ', 'm'], ['p', 'oo̯']]",bʱumikɔmpoo̯
খাতার,"[24, 1, 9, 1, 2, 0, 0, 0, 0, 0, 0, 0, 0, 0, 0, 0, 0, 0]","[['kʰ', 'a'], ['t̪', 'a', 'r']]",kʰat̪ar
সিগ্রেট,"[19, 4, 20, 2, 5, 17, 0, 0, 0, 0, 0, 0, 0, 0, 0, 0, 0, 0]","[['s', 'i', 'g'], ['r', 'e', 'ʈ']]",sigreʈ
চারমাথা,"[22, 1, 2, 13, 1, 30, 1, 0, 0, 0, 0, 0, 0, 0, 0, 0, 0, 0]","[['tʃ', 'a', 'r'], ['m', 'a'], ['t̪ʰ', 'a']]",tʃarmat̪ʰa
এডিবল,"[5, 26, 4, 11, 3, 12, 0, 0, 0, 0, 0, 0, 0, 0, 0, 0, 0, 0]","[['e'], ['ɖ', 'i'], ['b', 'o', 'l']]",eɖibol
বিজিসি,"[11, 4, 18, 4, 19, 4, 0, 0, 0, 0, 0, 0, 0, 0, 0, 0, 0, 0]","[['b', 'i'], ['dʒ', 'i'], ['s', 'i']]",bidʒisi
অক্টোবরেই,"[8, 7, 17, 3, 11, 8, 2, 33, 0, 0, 0, 0, 0, 0, 0, 0, 0, 0]","[['ɔ', 'k'], ['ʈ', 'o'], ['b', 'ɔ'], ['r', 'ei̯']]",ɔkʈobɔrei̯
চিশতির,"[22, 4, 10, 9, 4, 2, 0, 0, 0, 0, 0, 0, 0, 0, 0, 0, 0, 0]","[['tʃ', 'i', 'ʃ'], ['t̪', 'i', 'r']]",tʃiʃt̪ir
ইন্ডিকেটর,"[4, 6, 26, 4, 7, 5, 17, 3, 2, 0, 0, 0, 0, 0, 0, 0, 0, 0]","[['i', 'n'], ['ɖ', 'i'], ['k', 'e'], ['ʈ', 'o', 'r']]",inɖikeʈor
ঘেরাটোপ,"[34, 5, 2, 1, 17, 3, 15, 0, 0, 0, 0, 0, 0, 0, 0, 0, 0, 0]","[['gʱ', 'e'], ['r', 'a'], ['ʈ', 'o', 'p']]",gʱeraʈop
বাউলগানের,"[11, 1, 14, 12, 20, 1, 6, 5, 2, 0, 0, 0, 0, 0, 0, 0, 0, 0]","[['b', 'a'], ['u', 'l'], ['g', 'a'], ['n', 'e', 'r']]",baulganer
পরিকল্পনামন্ত্রী,"[15, 3, 2, 4, 7, 8, 12, 15, 3, 6, 1, 13, 3, 6, 9, 2, 4, 0]","[['p', 'o'], ['r', 'i'], ['k', 'ɔ', 'l'], ['p', 'o'], ['n', 'a'], ['m', 'o', 'n'], ['t̪', 'r', 'i']]",porikɔlponamont̪ri
কলকাকলি,"[7, 8, 12, 3, 7, 1, 7, 3, 12, 4, 0, 0, 0, 0, 0, 0, 0, 0]","[['k', 'ɔ'], ['l', 'o'], ['k', 'a'], ['k', 'o'], ['l', 'i']]",kɔlokakoli
মাল্টিপ্লেক্স,"[13, 1, 12, 17, 4, 15, 12, 5, 7, 19, 0, 0, 0, 0, 0, 0, 0, 0]","[['m', 'a', 'l'], ['ʈ', 'i'], ['p', 'l', 'e', 'k', 's']]",malʈipleks
সেনাশাসক,"[10, 5, 6, 1, 10, 1, 10, 3, 7, 0, 0, 0, 0, 0, 0, 0, 0, 0]","[['ʃ', 'e'], ['n', 'a'], ['ʃ', 'a'], ['ʃ', 'o', 'k']]",ʃenaʃaʃok
পারমী,"[15, 1, 2, 3, 13, 4, 0, 0, 0, 0, 0, 0, 0, 0, 0, 0, 0, 0]","[['p', 'a'], ['r', 'o'], ['m', 'i']]",paromi
সিআরপির,"[19, 4, 1, 2, 15, 4, 2, 0, 0, 0, 0, 0, 0, 0, 0, 0, 0, 0]","[['s', 'i'], ['a', 'r'], ['p', 'i', 'r']]",siarpir
ফাঁকাই,"[27, 1, 7, 32, 0, 0, 0, 0, 0, 0, 0, 0, 0, 0, 0, 0, 0, 0]","[['f', 'a'], ['k', 'ai̯']]",fakai̯
পতিসরে,"[15, 3, 9, 4, 10, 8, 2, 5, 0, 0, 0, 0, 0, 0, 0, 0, 0, 0]","[['p', 'o'], ['t̪', 'i'], ['ʃ', 'ɔ'], ['r', 'e']]",pot̪iʃɔre
দুর্বলতাগুলো,"[16, 14, 2, 11, 8, 12, 8, 9, 1, 20, 14, 12, 3, 0, 0, 0, 0, 0]","[['d̪', 'u', 'r'], ['b', 'ɔ'], ['l', 'ɔ'], ['t̪', 'a'], ['g', 'u'], ['l', 'o']]",d̪urbɔlɔt̪agulo
এবিবি,"[5, 11, 4, 11, 4, 0, 0, 0, 0, 0, 0, 0, 0, 0, 0, 0, 0, 0]","[['e'], ['b', 'i'], ['b', 'i']]",ebibi
যাত্রীসহ,"[18, 1, 9, 2, 4, 10, 8, 21, 3, 0, 0, 0, 0, 0, 0, 0, 0, 0]","[['dʒ', 'a', 't̪'], ['r', 'i'], ['ʃ', 'ɔ'], ['h', 'o']]",dʒat̪riʃɔho
যেকোনোভাবে,"[18, 5, 7, 3, 6, 3, 23, 1, 11, 5, 0, 0, 0, 0, 0, 0, 0, 0]","[['dʒ', 'e'], ['k', 'o'], ['n', 'o'], ['bʱ', 'a'], ['b', 'e']]",dʒekonobʱabe
শিবিরকর্মীরা,"[10, 4, 11, 4, 2, 7, 3, 2, 13, 4, 2, 1, 0, 0, 0, 0, 0, 0]","[['ʃ', 'i'], ['b', 'i', 'r'], ['k', 'o', 'r'], ['m', 'i'], ['r', 'a']]",ʃibirkormira
ব্যবধানও,"[11, 29, 11, 3, 25, 1, 6, 3, 0, 0, 0, 0, 0, 0, 0, 0, 0, 0]","[['b', 'æ'], ['b', 'o'], ['d̪ʱ', 'a', 'n'], ['o']]",bæbod̪ʱano
টপটপ,"[17, 8, 15, 17, 8, 15, 0, 0, 0, 0, 0, 0, 0, 0, 0, 0, 0, 0]","[['ʈ', 'ɔ', 'p'], ['ʈ', 'ɔ', 'p']]",ʈɔpʈɔp
ভরতনাট্যম,"[23, 8, 2, 3, 9, 6, 1, 17, 17, 3, 13, 0, 0, 0, 0, 0, 0, 0]","[['bʱ', 'ɔ'], ['r', 'o', 't̪'], ['n', 'a', 'ʈ'], ['ʈ', 'o', 'm']]",bʱɔrot̪naʈʈom
সুরবালার,"[10, 14, 2, 11, 1, 12, 1, 2, 0, 0, 0, 0, 0, 0, 0, 0, 0, 0]","[['ʃ', 'u', 'r'], ['b', 'a'], ['l', 'a', 'r']]",ʃurbalar
রইছ,"[2, 35, 28, 0, 0, 0, 0, 0, 0, 0, 0, 0, 0, 0, 0, 0, 0, 0]","[['r', 'oi̯', 'tʃʰ']]",roi̯tʃʰ
কাঁদতেও,"[7, 1, 16, 9, 5, 3, 0, 0, 0, 0, 0, 0, 0, 0, 0, 0, 0, 0]","[['k', 'a', 'd̪'], ['t̪', 'e'], ['o']]",kad̪t̪eo
লোকনাট্য,"[12, 3, 7, 3, 6, 1, 17, 17, 3, 0, 0, 0, 0, 0, 0, 0, 0, 0]","[['l', 'o'], ['k', 'o'], ['n', 'a', 'ʈ'], ['ʈ', 'o']]",lokonaʈʈo
সমৃদ্ধকরণ,"[10, 8, 13, 2, 4, 16, 25, 3, 7, 8, 2, 3, 6, 0, 0, 0, 0, 0]","[['ʃ', 'ɔ'], ['m', 'r', 'i', 'd̪'], ['d̪ʱ', 'o'], ['k', 'ɔ'], ['r', 'o', 'n']]",ʃɔmrid̪d̪ʱokɔron
বাজারেই,"[11, 1, 18, 1, 2, 33, 0, 0, 0, 0, 0, 0, 0, 0, 0, 0, 0, 0]","[['b', 'a'], ['dʒ', 'a'], ['r', 'ei̯']]",badʒarei̯
সংশিষ্ট,"[10, 8, 31, 10, 4, 10, 17, 3, 0, 0, 0, 0, 0, 0, 0, 0, 0, 0]","[['ʃ', 'ɔ', 'ŋ'], ['ʃ', 'i', 'ʃ'], ['ʈ', 'o']]",ʃɔŋʃiʃʈo
শিশুদেরই,"[10, 4, 10, 14, 16, 5, 2, 4, 0, 0, 0, 0, 0, 0, 0, 0, 0, 0]","[['ʃ', 'i'], ['ʃ', 'u'], ['d̪', 'e', 'r'], ['i']]",ʃiʃud̪eri
গণমাধ্যমও,"[20, 8, 6, 3, 13, 1, 16, 25, 3, 13, 3, 0, 0, 0, 0, 0, 0, 0]","[['g', 'ɔ'], ['n', 'o'], ['m', 'a', 'd̪'], ['d̪ʱ', 'o', 'm'], ['o']]",gɔnomad̪d̪ʱomo
ডেভেলপারস,"[26, 5, 23, 5, 12, 8, 15, 1, 2, 19, 0, 0, 0, 0, 0, 0, 0, 0]","[['ɖ', 'e'], ['bʱ', 'e'], ['l', 'ɔ'], ['p', 'a', 'r', 's']]",ɖebʱelɔpars
কাহিনিকার,"[7, 1, 21, 4, 6, 4, 7, 1, 2, 0, 0, 0, 0, 0, 0, 0, 0, 0]","[['k', 'a'], ['h', 'i'], ['n', 'i'], ['k', 'a', 'r']]",kahinikar
সেন্ত,"[19, 5, 6, 9, 0, 0, 0, 0, 0, 0, 0, 0, 0, 0, 0, 0, 0, 0]","[['s', 'e', 'n', 't̪']]",sent̪
মুসল্লির,"[13, 14, 19, 3, 12, 12, 4, 2, 0, 0, 0, 0, 0, 0, 0, 0, 0, 0]","[['m', 'u'], ['s', 'o', 'l'], ['l', 'i', 'r']]",musollir
বাঁশতলা,"[11, 1, 10, 9, 8, 12, 1, 0, 0, 0, 0, 0, 0, 0, 0, 0, 0, 0]","[['b', 'a', 'ʃ'], ['t̪', 'ɔ'], ['l', 'a']]",baʃt̪ɔla
ভেটেরান্স,"[23, 5, 17, 5, 2, 1, 6, 19, 0, 0, 0, 0, 0, 0, 0, 0, 0, 0]","[['bʱ', 'e'], ['ʈ', 'e'], ['r', 'a', 'n', 's']]",bʱeʈerans
শাঁখারীবাজারের,"[10, 1, 24, 1, 2, 4, 11, 1, 18, 1, 2, 5, 2, 0, 0, 0, 0, 0]","[['ʃ', 'a'], ['kʰ', 'a'], ['r', 'i'], ['b', 'a'], ['dʒ', 'a'], ['r', 'e', 'r']]",ʃakʰaribadʒarer
শাহপরীর,"[10, 1, 21, 15, 3, 2, 4, 2, 0, 0, 0, 0, 0, 0, 0, 0, 0, 0]","[['ʃ', 'a', 'h'], ['p', 'o'], ['r', 'i', 'r']]",ʃahporir
ড্রর,"[26, 2, 8, 2, 0, 0, 0, 0, 0, 0, 0, 0, 0, 0, 0, 0, 0, 0]","[['ɖ', 'r', 'ɔ', 'r']]",ɖrɔr
নজিরও,"[6, 3, 18, 4, 2, 3, 0, 0, 0, 0, 0, 0, 0, 0, 0, 0, 0, 0]","[['n', 'o'], ['dʒ', 'i', 'r'], ['o']]",nodʒiro
অমানবিকতার,"[8, 13, 1, 6, 3, 11, 4, 7, 8, 9, 1, 2, 0, 0, 0, 0, 0, 0]","[['ɔ'], ['m', 'a'], ['n', 'o'], ['b', 'i'], ['k', 'ɔ'], ['t̪', 'a', 'r']]",ɔmanobikɔt̪ar
অফিসগুলোর,"[8, 27, 4, 19, 20, 14, 12, 3, 2, 0, 0, 0, 0, 0, 0, 0, 0, 0]","[['ɔ'], ['f', 'i', 's'], ['g', 'u'], ['l', 'o', 'r']]",ɔfisgulor
জাঁকজমকপূর্ণভাবে,"[18, 1, 7, 18, 8, 13, 3, 7, 15, 14, 2, 6, 3, 23, 1, 11, 5, 0]","[['dʒ', 'a', 'k'], ['dʒ', 'ɔ'], ['m', 'o', 'k'], ['p', 'u', 'r'], ['n', 'o'], ['bʱ', 'a'], ['b', 'e']]",dʒakdʒɔmokpurnobʱabe
প্যাকেটটি,"[15, 29, 7, 5, 17, 17, 4, 0, 0, 0, 0, 0, 0, 0, 0, 0, 0, 0]","[['p', 'æ'], ['k', 'e', 'ʈ'], ['ʈ', 'i']]",pækeʈʈi
অফিসই,"[8, 27, 4, 19, 4, 0, 0, 0, 0, 0, 0, 0, 0, 0, 0, 0, 0, 0]","[['ɔ'], ['f', 'i', 's'], ['i']]",ɔfisi
দেহরক্ষীরা,"[16, 5, 21, 3, 2, 3, 7, 24, 4, 2, 1, 0, 0, 0, 0, 0, 0, 0]","[['d̪', 'e'], ['h', 'o'], ['r', 'o', 'k'], ['kʰ', 'i'], ['r', 'a']]",d̪ehorokkʰira
সালিস,"[10, 1, 12, 4, 10, 0, 0, 0, 0, 0, 0, 0, 0, 0, 0, 0, 0, 0]","[['ʃ', 'a'], ['l', 'i', 'ʃ']]",ʃaliʃ
চুমকী,"[22, 14, 13, 7, 4, 0, 0, 0, 0, 0, 0, 0, 0, 0, 0, 0, 0, 0]","[['tʃ', 'u', 'm'], ['k', 'i']]",tʃumki
কবুতরকে,"[7, 3, 11, 14, 9, 8, 2, 7, 5, 0, 0, 0, 0, 0, 0, 0, 0, 0]","[['k', 'o'], ['b', 'u'], ['t̪', 'ɔ', 'r'], ['k', 'e']]",kobut̪ɔrke
হেথা,"[21, 5, 30, 1, 0, 0, 0, 0, 0, 0, 0, 0, 0, 0, 0, 0, 0, 0]","[['h', 'e'], ['t̪ʰ', 'a']]",het̪ʰa
ভাসানীকে,"[23, 1, 10, 1, 6, 4, 7, 5, 0, 0, 0, 0, 0, 0, 0, 0, 0, 0]","[['bʱ', 'a'], ['ʃ', 'a'], ['n', 'i'], ['k', 'e']]",bʱaʃanike
চেনাতে,"[22, 5, 6, 1, 9, 5, 0, 0, 0, 0, 0, 0, 0, 0, 0, 0, 0, 0]","[['tʃ', 'e'], ['n', 'a'], ['t̪', 'e']]",tʃenat̪e
অবাঙালিদের,"[8, 11, 1, 31, 1, 12, 4, 16, 5, 2, 0, 0, 0, 0, 0, 0, 0, 0]","[['ɔ'], ['b', 'a', 'ŋ'], ['a'], ['l', 'i'], ['d̪', 'e', 'r']]",ɔbaŋalid̪er
মুক্তিযুদ্ধকালের,"[13, 14, 7, 9, 4, 18, 14, 16, 25, 3, 7, 1, 12, 5, 2, 0, 0, 0]","[['m', 'u', 'k'], ['t̪', 'i'], ['dʒ', 'u', 'd̪'], ['d̪ʱ', 'o'], ['k', 'a'], ['l', 'e', 'r']]",mukt̪idʒud̪d̪ʱokaler
শূন্যপদে,"[10, 14, 6, 6, 3, 15, 8, 16, 5, 0, 0, 0, 0, 0, 0, 0, 0, 0]","[['ʃ', 'u', 'n'], ['n', 'o'], ['p', 'ɔ'], ['d̪', 'e']]",ʃunnopɔd̪e
চণ্ডিপুর,"[22, 3, 6, 26, 4, 15, 14, 2, 0, 0, 0, 0, 0, 0, 0, 0, 0, 0]","[['tʃ', 'o', 'n'], ['ɖ', 'i'], ['p', 'u', 'r']]",tʃonɖipur
চনমনে,"[22, 8, 6, 13, 8, 6, 5, 0, 0, 0, 0, 0, 0, 0, 0, 0, 0, 0]","[['tʃ', 'ɔ', 'n'], ['m', 'ɔ'], ['n', 'e']]",tʃɔnmɔne
খাতগুলো,"[24, 1, 9, 20, 14, 12, 3, 0, 0, 0, 0, 0, 0, 0, 0, 0, 0, 0]","[['kʰ', 'a', 't̪'], ['g', 'u'], ['l', 'o']]",kʰat̪gulo
মানবজীবনে,"[13, 1, 6, 3, 11, 18, 4, 11, 3, 6, 5, 0, 0, 0, 0, 0, 0, 0]","[['m', 'a'], ['n', 'o', 'b'], ['dʒ', 'i'], ['b', 'o'], ['n', 'e']]",manobdʒibone
ত্রিকোণমিতি,"[9, 2, 4, 7, 3, 6, 3, 13, 4, 9, 4, 0, 0, 0, 0, 0, 0, 0]","[['t̪', 'r', 'i'], ['k', 'o'], ['n', 'o'], ['m', 'i'], ['t̪', 'i']]",t̪rikonomit̪i
ধাঁচ,"[25, 1, 22, 0, 0, 0, 0, 0, 0, 0, 0, 0, 0, 0, 0, 0, 0, 0]","[['d̪ʱ', 'a', 'tʃ']]",d̪ʱatʃ
বিএমইটি,"[11, 4, 5, 13, 4, 17, 4, 0, 0, 0, 0, 0, 0, 0, 0, 0, 0, 0]","[['b', 'i'], ['e', 'm'], ['i'], ['ʈ', 'i']]",biemiʈi
পতাকাই,"[15, 8, 9, 1, 7, 32, 0, 0, 0, 0, 0, 0, 0, 0, 0, 0, 0, 0]","[['p', 'ɔ'], ['t̪', 'a'], ['k', 'ai̯']]",pɔt̪akai̯
হালতি,"[21, 1, 12, 3, 9, 4, 0, 0, 0, 0, 0, 0, 0, 0, 0, 0, 0, 0]","[['h', 'a'], ['l', 'o'], ['t̪', 'i']]",halot̪i
ফার্মেসির,"[27, 1, 2, 13, 5, 19, 4, 2, 0, 0, 0, 0, 0, 0, 0, 0, 0, 0]","[['f', 'a', 'r'], ['m', 'e'], ['s', 'i', 'r']]",farmesir
নিদর্শনগুলোর,"[6, 4, 16, 8, 2, 10, 8, 6, 20, 14, 12, 3, 2, 0, 0, 0, 0, 0]","[['n', 'i'], ['d̪', 'ɔ', 'r'], ['ʃ', 'ɔ', 'n'], ['g', 'u'], ['l', 'o', 'r']]",nid̪ɔrʃɔngulor
রবীন্দ্রনাথও,"[2, 3, 11, 4, 6, 16, 2, 3, 6, 1, 30, 3, 0, 0, 0, 0, 0, 0]","[['r', 'o'], ['b', 'i', 'n'], ['d̪', 'r', 'o'], ['n', 'a', 't̪ʰ'], ['o']]",robind̪ronat̪ʰo
রেকিট,"[2, 5, 7, 4, 17, 0, 0, 0, 0, 0, 0, 0, 0, 0, 0, 0, 0, 0]","[['r', 'e'], ['k', 'i', 'ʈ']]",rekiʈ
কর্মই,"[7, 8, 2, 13, 35, 0, 0, 0, 0, 0, 0, 0, 0, 0, 0, 0, 0, 0]","[['k', 'ɔ', 'r'], ['m', 'oi̯']]",kɔrmoi̯
সমাবেশস্থল,"[10, 8, 13, 1, 11, 5, 10, 10, 30, 8, 12, 0, 0, 0, 0, 0, 0, 0]","[['ʃ', 'ɔ'], ['m', 'a'], ['b', 'e', 'ʃ'], ['ʃ', 't̪ʰ', 'ɔ', 'l']]",ʃɔmabeʃʃt̪ʰɔl
ডিম্পল,"[26, 4, 13, 15, 3, 12, 0, 0, 0, 0, 0, 0, 0, 0, 0, 0, 0, 0]","[['ɖ', 'i', 'm'], ['p', 'o', 'l']]",ɖimpol
টাঙানোর,"[17, 1, 31, 1, 6, 3, 2, 0, 0, 0, 0, 0, 0, 0, 0, 0, 0, 0]","[['ʈ', 'a'], ['ŋ', 'a'], ['n', 'o', 'r']]",ʈaŋanor
বিবৃতিও,"[11, 4, 11, 2, 4, 9, 4, 3, 0, 0, 0, 0, 0, 0, 0, 0, 0, 0]","[['b', 'i', 'b'], ['r', 'i'], ['t̪', 'i'], ['o']]",bibrit̪io
কর্মপরিকল্পনার,"[7, 8, 2, 13, 3, 15, 3, 2, 4, 7, 8, 12, 15, 3, 6, 1, 2, 0]","[['k', 'ɔ', 'r'], ['m', 'o'], ['p', 'o'], ['r', 'i'], ['k', 'ɔ', 'l'], ['p', 'o'], ['n', 'a', 'r']]",kɔrmoporikɔlponar
পেরুকে,"[15, 5, 2, 14, 7, 5, 0, 0, 0, 0, 0, 0, 0, 0, 0, 0, 0, 0]","[['p', 'e'], ['r', 'u'], ['k', 'e']]",peruke
বাঘাইহাট,"[11, 1, 34, 32, 21, 1, 17, 0, 0, 0, 0, 0, 0, 0, 0, 0, 0, 0]","[['b', 'a'], ['gʱ', 'ai̯'], ['h', 'a', 'ʈ']]",bagʱai̯haʈ
কস্টিক,"[7, 8, 19, 17, 4, 7, 0, 0, 0, 0, 0, 0, 0, 0, 0, 0, 0, 0]","[['k', 'ɔ', 's'], ['ʈ', 'i', 'k']]",kɔsʈik
ব্রাজিলও,"[11, 2, 1, 18, 4, 12, 3, 0, 0, 0, 0, 0, 0, 0, 0, 0, 0, 0]","[['b', 'r', 'a'], ['dʒ', 'i', 'l'], ['o']]",bradʒilo
এগোলেও,"[5, 20, 3, 12, 37, 0, 0, 0, 0, 0, 0, 0, 0, 0, 0, 0, 0, 0]","[['e'], ['g', 'o'], ['l', 'eo̯']]",egoleo̯
আমই,"[1, 13, 4, 0, 0, 0, 0, 0, 0, 0, 0, 0, 0, 0, 0, 0, 0, 0]","[['a', 'm'], ['i']]",ami
জুম্মন,"[18, 14, 13, 13, 8, 6, 0, 0, 0, 0, 0, 0, 0, 0, 0, 0, 0, 0]","[['dʒ', 'u', 'm'], ['m', 'ɔ', 'n']]",dʒummɔn
ধরণীর,"[25, 8, 2, 3, 6, 4, 2, 0, 0, 0, 0, 0, 0, 0, 0, 0, 0, 0]","[['d̪ʱ', 'ɔ'], ['r', 'o'], ['n', 'i', 'r']]",d̪ʱɔronir
নৌকাগুলোর,"[6, 38, 7, 1, 20, 14, 12, 3, 2, 0, 0, 0, 0, 0, 0, 0, 0, 0]","[['n', 'ou̯'], ['k', 'a'], ['g', 'u'], ['l', 'o', 'r']]",nou̯kagulor
স্বাক্ষরও,"[10, 1, 7, 24, 3, 2, 3, 0, 0, 0, 0, 0, 0, 0, 0, 0, 0, 0]","[['ʃ', 'a', 'k'], ['kʰ', 'o', 'r'], ['o']]",ʃakkʰoro
ভারিক্কি,"[23, 1, 2, 4, 7, 7, 4, 0, 0, 0, 0, 0, 0, 0, 0, 0, 0, 0]","[['bʱ', 'a'], ['r', 'i', 'k'], ['k', 'i']]",bʱarikki
স্থাপত্যটি,"[19, 30, 1, 15, 3, 9, 9, 3, 17, 4, 0, 0, 0, 0, 0, 0, 0, 0]","[['s', 't̪ʰ', 'a'], ['p', 'o', 't̪'], ['t̪', 'o'], ['ʈ', 'i']]",st̪ʰapot̪t̪oʈi
কাইউম,"[7, 32, 14, 13, 0, 0, 0, 0, 0, 0, 0, 0, 0, 0, 0, 0, 0, 0]","[['k', 'ai̯'], ['u', 'm']]",kai̯um
ফেসবুকসহ,"[27, 5, 19, 11, 14, 7, 10, 8, 21, 3, 0, 0, 0, 0, 0, 0, 0, 0]","[['f', 'e', 's'], ['b', 'u', 'k'], ['ʃ', 'ɔ'], ['h', 'o']]",fesbukʃɔho
পোহানোর,"[15, 3, 21, 1, 6, 3, 2, 0, 0, 0, 0, 0, 0, 0, 0, 0, 0, 0]","[['p', 'o'], ['h', 'a'], ['n', 'o', 'r']]",pohanor
ছিনতাইকালে,"[28, 4, 6, 9, 32, 7, 1, 12, 5, 0, 0, 0, 0, 0, 0, 0, 0, 0]","[['tʃʰ', 'i', 'n'], ['t̪', 'ai̯'], ['k', 'a'], ['l', 'e']]",tʃʰint̪ai̯kale
কালরাতে,"[7, 1, 12, 2, 1, 9, 5, 0, 0, 0, 0, 0, 0, 0, 0, 0, 0, 0]","[['k', 'a', 'l'], ['r', 'a'], ['t̪', 'e']]",kalrat̪e
অস্ত্রোপচারও,"[8, 19, 9, 2, 3, 15, 8, 22, 1, 2, 3, 0, 0, 0, 0, 0, 0, 0]","[['ɔ', 's'], ['t̪', 'r', 'o'], ['p', 'ɔ'], ['tʃ', 'a', 'r'], ['o']]",ɔst̪ropɔtʃaro
ঢাকনার,"[49, 1, 7, 6, 1, 2, 0, 0, 0, 0, 0, 0, 0, 0, 0, 0, 0, 0]","[['ɖʱ', 'a', 'k'], ['n', 'a', 'r']]",ɖʱaknar
বাজাজের,"[11, 1, 18, 1, 18, 5, 2, 0, 0, 0, 0, 0, 0, 0, 0, 0, 0, 0]","[['b', 'a'], ['dʒ', 'a'], ['dʒ', 'e', 'r']]",badʒadʒer
হ্যারিটেজ,"[21, 29, 2, 4, 17, 5, 18, 0, 0, 0, 0, 0, 0, 0, 0, 0, 0, 0]","[['h', 'æ'], ['r', 'i'], ['ʈ', 'e', 'dʒ']]",hæriʈedʒ
প্লাবনভূমি,"[15, 12, 1, 11, 3, 6, 23, 14, 13, 4, 0, 0, 0, 0, 0, 0, 0, 0]","[['p', 'l', 'a'], ['b', 'o', 'n'], ['bʱ', 'u'], ['m', 'i']]",plabonbʱumi
চিন্তক,"[22, 4, 6, 9, 8, 7, 0, 0, 0, 0, 0, 0, 0, 0, 0, 0, 0, 0]","[['tʃ', 'i', 'n'], ['t̪', 'ɔ', 'k']]",tʃint̪ɔk
এঁরাই,"[5, 2, 32, 0, 0, 0, 0, 0, 0, 0, 0, 0, 0, 0, 0, 0, 0, 0]","[['e'], ['r', 'ai̯']]",erai̯
পেহলি,"[15, 29, 21, 12, 4, 0, 0, 0, 0, 0, 0, 0, 0, 0, 0, 0, 0, 0]","[['p', 'æ', 'h'], ['l', 'i']]",pæhli
ঠিকাদাররা,"[36, 4, 7, 1, 16, 1, 2, 2, 1, 0, 0, 0, 0, 0, 0, 0, 0, 0]","[['ʈʰ', 'i'], ['k', 'a'], ['d̪', 'a', 'r'], ['r', 'a']]",ʈʰikad̪arra
টেরও,"[17, 5, 2, 3, 0, 0, 0, 0, 0, 0, 0, 0, 0, 0, 0, 0, 0, 0]","[['ʈ', 'e', 'r'], ['o']]",ʈero
ফুলগুলোর,"[27, 14, 12, 20, 14, 12, 3, 2, 0, 0, 0, 0, 0, 0, 0, 0, 0, 0]","[['f', 'u', 'l'], ['g', 'u'], ['l', 'o', 'r']]",fulgulor
শ্রেণীকৃত,"[10, 2, 5, 6, 4, 7, 2, 4, 9, 3, 0, 0, 0, 0, 0, 0, 0, 0]","[['ʃ', 'r', 'e'], ['n', 'i'], ['k', 'r', 'i'], ['t̪', 'o']]",ʃrenikrit̪o
নানাকে,"[6, 1, 6, 1, 7, 5, 0, 0, 0, 0, 0, 0, 0, 0, 0, 0, 0, 0]","[['n', 'a'], ['n', 'a'], ['k', 'e']]",nanake
গুহাটির,"[20, 14, 21, 1, 17, 4, 2, 0, 0, 0, 0, 0, 0, 0, 0, 0, 0, 0]","[['g', 'u'], ['h', 'a'], ['ʈ', 'i', 'r']]",guhaʈir
আলগোছে,"[1, 12, 20, 3, 28, 5, 0, 0, 0, 0, 0, 0, 0, 0, 0, 0, 0, 0]","[['a', 'l'], ['g', 'o'], ['tʃʰ', 'e']]",algotʃʰe
আযমকে,"[1, 18, 3, 13, 7, 5, 0, 0, 0, 0, 0, 0, 0, 0, 0, 0, 0, 0]","[['a'], ['dʒ', 'o', 'm'], ['k', 'e']]",adʒomke
শাসকশ্রেণি,"[10, 1, 10, 3, 7, 19, 2, 5, 6, 4, 0, 0, 0, 0, 0, 0, 0, 0]","[['ʃ', 'a'], ['ʃ', 'o', 'k'], ['s', 'r', 'e'], ['n', 'i']]",ʃaʃoksreni
সিএসএ,"[19, 4, 5, 19, 5, 0, 0, 0, 0, 0, 0, 0, 0, 0, 0, 0, 0, 0]","[['s', 'i'], ['e', 's'], ['e']]",siese
নোটিশটি,"[6, 3, 17, 4, 10, 17, 4, 0, 0, 0, 0, 0, 0, 0, 0, 0, 0, 0]","[['n', 'o'], ['ʈ', 'i', 'ʃ'], ['ʈ', 'i']]",noʈiʃʈi
হঠাতই,"[21, 8, 36, 1, 9, 4, 0, 0, 0, 0, 0, 0, 0, 0, 0, 0, 0, 0]","[['h', 'ɔ'], ['ʈʰ', 'a'], ['t̪', 'i']]",hɔʈʰat̪i
প্রতিরোধেও,"[15, 2, 3, 9, 4, 2, 3, 25, 5, 3, 0, 0, 0, 0, 0, 0, 0, 0]","[['p', 'r', 'o'], ['t̪', 'i'], ['r', 'o'], ['d̪ʱ', 'e'], ['o']]",prot̪irod̪ʱeo
ব্রিকস,"[11, 2, 4, 7, 19, 0, 0, 0, 0, 0, 0, 0, 0, 0, 0, 0, 0, 0]","[['b', 'r', 'i', 'k', 's']]",briks
বিএসসির,"[11, 4, 5, 19, 19, 4, 2, 0, 0, 0, 0, 0, 0, 0, 0, 0, 0, 0]","[['b', 'i'], ['e', 's'], ['s', 'i', 'r']]",biessir
নিজেসহ,"[6, 4, 18, 5, 10, 8, 21, 3, 0, 0, 0, 0, 0, 0, 0, 0, 0, 0]","[['n', 'i'], ['dʒ', 'e'], ['ʃ', 'ɔ'], ['h', 'o']]",nidʒeʃɔho
সিরডাপ,"[19, 4, 2, 26, 1, 15, 0, 0, 0, 0, 0, 0, 0, 0, 0, 0, 0, 0]","[['s', 'i', 'r'], ['ɖ', 'a', 'p']]",sirɖap
স্থাপনাটির,"[19, 30, 1, 15, 8, 6, 1, 17, 4, 2, 0, 0, 0, 0, 0, 0, 0, 0]","[['s', 't̪ʰ', 'a'], ['p', 'ɔ'], ['n', 'a'], ['ʈ', 'i', 'r']]",st̪ʰapɔnaʈir
সেলেব,"[19, 5, 12, 5, 11, 0, 0, 0, 0, 0, 0, 0, 0, 0, 0, 0, 0, 0]","[['s', 'e'], ['l', 'e', 'b']]",seleb
অপমৃত্যুর,"[8, 15, 3, 13, 2, 4, 9, 9, 14, 2, 0, 0, 0, 0, 0, 0, 0, 0]","[['ɔ'], ['p', 'o'], ['m', 'r', 'i', 't̪'], ['t̪', 'u', 'r']]",ɔpomrit̪t̪ur
টইটম্বুর,"[17, 35, 17, 3, 13, 11, 14, 2, 0, 0, 0, 0, 0, 0, 0, 0, 0, 0]","[['ʈ', 'oi̯'], ['ʈ', 'o', 'm'], ['b', 'u', 'r']]",ʈoi̯ʈombur
সমর্থকেরাও,"[10, 8, 13, 3, 2, 30, 3, 7, 5, 2, 39, 0, 0, 0, 0, 0, 0, 0]","[['ʃ', 'ɔ'], ['m', 'o', 'r'], ['t̪ʰ', 'o'], ['k', 'e'], ['r', 'ao̯']]",ʃɔmort̪ʰokerao̯
হাওলাদারকে,"[21, 43, 12, 1, 16, 1, 2, 7, 5, 0, 0, 0, 0, 0, 0, 0, 0, 0]","[['h', 'au̯'], ['l', 'a'], ['d̪', 'a', 'r'], ['k', 'e']]",hau̯lad̪arke
শ্রমবাজারের,"[19, 2, 3, 13, 3, 11, 1, 18, 1, 2, 5, 2, 0, 0, 0, 0, 0, 0]","[['s', 'r', 'o'], ['m', 'o'], ['b', 'a'], ['dʒ', 'a'], ['r', 'e', 'r']]",sromobadʒarer
উচ্চক্ষমতাসম্পন্ন,"[14, 22, 22, 3, 24, 8, 13, 3, 9, 1, 10, 8, 13, 15, 3, 6, 6, 3]","[['u', 'tʃ'], ['tʃ', 'o'], ['kʰ', 'ɔ'], ['m', 'o'], ['t̪', 'a'], ['ʃ', 'ɔ', 'm'], ['p', 'o', 'n'], ['n', 'o']]",utʃtʃokʰɔmot̪aʃɔmponno
পুলিশবাহিনীর,"[15, 14, 12, 4, 10, 11, 1, 21, 4, 6, 4, 2, 0, 0, 0, 0, 0, 0]","[['p', 'u'], ['l', 'i', 'ʃ'], ['b', 'a'], ['h', 'i'], ['n', 'i', 'r']]",puliʃbahinir
জরিপেও,"[18, 3, 2, 4, 15, 37, 0, 0, 0, 0, 0, 0, 0, 0, 0, 0, 0, 0]","[['dʒ', 'o'], ['r', 'i'], ['p', 'eo̯']]",dʒoripeo̯
ডিনস,"[26, 4, 6, 19, 0, 0, 0, 0, 0, 0, 0, 0, 0, 0, 0, 0, 0, 0]","[['ɖ', 'i', 'n', 's']]",ɖins
সংখ্যাগুলোর,"[10, 8, 31, 24, 1, 20, 14, 12, 3, 2, 0, 0, 0, 0, 0, 0, 0, 0]","[['ʃ', 'ɔ', 'ŋ'], ['kʰ', 'a'], ['g', 'u'], ['l', 'o', 'r']]",ʃɔŋkʰagulor
শকুন্তলার,"[10, 3, 7, 14, 6, 9, 8, 12, 1, 2, 0, 0, 0, 0, 0, 0, 0, 0]","[['ʃ', 'o'], ['k', 'u', 'n'], ['t̪', 'ɔ'], ['l', 'a', 'r']]",ʃokunt̪ɔlar
লাভলুর,"[12, 1, 23, 12, 14, 2, 0, 0, 0, 0, 0, 0, 0, 0, 0, 0, 0, 0]","[['l', 'a', 'bʱ'], ['l', 'u', 'r']]",labʱlur
বিবিএসের,"[11, 4, 11, 4, 5, 19, 5, 2, 0, 0, 0, 0, 0, 0, 0, 0, 0, 0]","[['b', 'i'], ['b', 'i'], ['e'], ['s', 'e', 'r']]",bibieser
গমগম,"[20, 8, 13, 20, 8, 13, 0, 0, 0, 0, 0, 0, 0, 0, 0, 0, 0, 0]","[['g', 'ɔ', 'm'], ['g', 'ɔ', 'm']]",gɔmgɔm
ছবিসংবলিত,"[28, 3, 11, 4, 10, 8, 31, 11, 3, 12, 4, 9, 3, 0, 0, 0, 0, 0]","[['tʃʰ', 'o'], ['b', 'i'], ['ʃ', 'ɔ', 'ŋ'], ['b', 'o'], ['l', 'i'], ['t̪', 'o']]",tʃʰobiʃɔŋbolit̪o
ভারতকেও,"[23, 1, 2, 3, 9, 7, 37, 0, 0, 0, 0, 0, 0, 0, 0, 0, 0, 0]","[['bʱ', 'a'], ['r', 'o', 't̪'], ['k', 'eo̯']]",bʱarot̪keo̯
রহমানও,"[2, 8, 21, 13, 1, 6, 3, 0, 0, 0, 0, 0, 0, 0, 0, 0, 0, 0]","[['r', 'ɔ', 'h'], ['m', 'a', 'n'], ['o']]",rɔhmano
ইস্তফার,"[4, 19, 9, 3, 27, 1, 2, 0, 0, 0, 0, 0, 0, 0, 0, 0, 0, 0]","[['i', 's'], ['t̪', 'o'], ['f', 'a', 'r']]",ist̪ofar
পাঠনো,"[15, 1, 36, 1, 6, 3, 0, 0, 0, 0, 0, 0, 0, 0, 0, 0, 0, 0]","[['p', 'a'], ['ʈʰ', 'a'], ['n', 'o']]",paʈʰano
আটকাল,"[1, 17, 7, 1, 12, 3, 0, 0, 0, 0, 0, 0, 0, 0, 0, 0, 0, 0]","[['a', 'ʈ'], ['k', 'a'], ['l', 'o']]",aʈkalo
স্কুলজীবনে,"[19, 7, 14, 12, 18, 4, 11, 3, 6, 5, 0, 0, 0, 0, 0, 0, 0, 0]","[['s', 'k', 'u', 'l'], ['dʒ', 'i'], ['b', 'o'], ['n', 'e']]",skuldʒibone
তরুর,"[9, 3, 2, 14, 2, 0, 0, 0, 0, 0, 0, 0, 0, 0, 0, 0, 0, 0]","[['t̪', 'o'], ['r', 'u', 'r']]",t̪orur
সোহেলকে,"[19, 3, 21, 5, 12, 7, 5, 0, 0, 0, 0, 0, 0, 0, 0, 0, 0, 0]","[['s', 'o'], ['h', 'e', 'l'], ['k', 'e']]",sohelke
বিএমসি,"[11, 4, 5, 13, 19, 4, 0, 0, 0, 0, 0, 0, 0, 0, 0, 0, 0, 0]","[['b', 'i'], ['e', 'm'], ['s', 'i']]",biemsi
ছুরিতে,"[28, 14, 2, 4, 9, 5, 0, 0, 0, 0, 0, 0, 0, 0, 0, 0, 0, 0]","[['tʃʰ', 'u'], ['r', 'i'], ['t̪', 'e']]",tʃʰurit̪e
শিল্পপ্রতিষ্ঠানের,"[10, 4, 12, 15, 3, 15, 2, 3, 9, 4, 10, 36, 1, 6, 5, 2, 0, 0]","[['ʃ', 'i', 'l'], ['p', 'o'], ['p', 'r', 'o'], ['t̪', 'i', 'ʃ'], ['ʈʰ', 'a'], ['n', 'e', 'r']]",ʃilpoprot̪iʃʈʰaner
শিফন,"[10, 4, 27, 8, 6, 0, 0, 0, 0, 0, 0, 0, 0, 0, 0, 0, 0, 0]","[['ʃ', 'i'], ['f', 'ɔ', 'n']]",ʃifɔn
সারেন,"[10, 1, 2, 5, 6, 0, 0, 0, 0, 0, 0, 0, 0, 0, 0, 0, 0, 0]","[['ʃ', 'a'], ['r', 'e', 'n']]",ʃaren
রাক্ষুসী,"[2, 1, 7, 24, 14, 10, 4, 0, 0, 0, 0, 0, 0, 0, 0, 0, 0, 0]","[['r', 'a', 'k'], ['kʰ', 'u'], ['ʃ', 'i']]",rakkʰuʃi
সিংহল,"[10, 4, 31, 21, 8, 12, 0, 0, 0, 0, 0, 0, 0, 0, 0, 0, 0, 0]","[['ʃ', 'i', 'ŋ'], ['h', 'ɔ', 'l']]",ʃiŋhɔl
ধারাবাহিকভাবেই,"[25, 1, 2, 1, 11, 1, 21, 4, 7, 23, 1, 11, 33, 0, 0, 0, 0, 0]","[['d̪ʱ', 'a'], ['r', 'a'], ['b', 'a'], ['h', 'i', 'k'], ['bʱ', 'a'], ['b', 'ei̯']]",d̪ʱarabahikbʱabei̯
ফিটনেসবিহীন,"[27, 4, 17, 6, 5, 19, 11, 4, 21, 4, 6, 0, 0, 0, 0, 0, 0, 0]","[['f', 'i', 'ʈ'], ['n', 'e', 's'], ['b', 'i'], ['h', 'i', 'n']]",fiʈnesbihin
মাথিন,"[13, 1, 30, 4, 6, 0, 0, 0, 0, 0, 0, 0, 0, 0, 0, 0, 0, 0]","[['m', 'a'], ['t̪ʰ', 'i', 'n']]",mat̪ʰin
দুটিসহ,"[16, 14, 17, 4, 10, 8, 21, 3, 0, 0, 0, 0, 0, 0, 0, 0, 0, 0]","[['d̪', 'u'], ['ʈ', 'i'], ['ʃ', 'ɔ'], ['h', 'o']]",d̪uʈiʃɔho
মাংসই,"[13, 1, 31, 10, 35, 0, 0, 0, 0, 0, 0, 0, 0, 0, 0, 0, 0, 0]","[['m', 'a', 'ŋ'], ['ʃ', 'oi̯']]",maŋʃoi̯
হাক্কানির,"[21, 1, 7, 7, 1, 6, 4, 2, 0, 0, 0, 0, 0, 0, 0, 0, 0, 0]","[['h', 'a', 'k'], ['k', 'a'], ['n', 'i', 'r']]",hakkanir
পোখরার,"[15, 3, 24, 2, 1, 2, 0, 0, 0, 0, 0, 0, 0, 0, 0, 0, 0, 0]","[['p', 'o', 'kʰ'], ['r', 'a', 'r']]",pokʰrar
