word,phon_vec,syllables,ipa
জ্যেষ্ঠ,"[18, 5, 9, 34, 3, 0, 0, 0, 0, 0, 0, 0, 0, 0, 0, 0, 0, 0, 0, 0]","[['dʒ', 'e', 'ʃ'], ['ʈʰ', 'o']]",dʒeʃʈʰo
কোম্পানী,"[8, 3, 13, 15, 2, 6, 4, 0, 0, 0, 0, 0, 0, 0, 0, 0, 0, 0, 0, 0]","[['k', 'o', 'm'], ['p', 'a'], ['n', 'i']]",kompani
যাদের,"[18, 2, 17, 5, 1, 0, 0, 0, 0, 0, 0, 0, 0, 0, 0, 0, 0, 0, 0, 0]","[['dʒ', 'a'], ['d̪', 'e', 'r']]",dʒad̪er
গ্রুপ,"[20, 1, 14, 15, 0, 0, 0, 0, 0, 0, 0, 0, 0, 0, 0, 0, 0, 0, 0, 0]","[['g', 'r', 'u', 'p']]",grup
কমের,"[8, 7, 13, 5, 1, 0, 0, 0, 0, 0, 0, 0, 0, 0, 0, 0, 0, 0, 0, 0]","[['k', 'ɔ'], ['m', 'e', 'r']]",kɔmer
সংযোজন,"[19, 7, 29, 18, 3, 18, 7, 6, 0, 0, 0, 0, 0, 0, 0, 0, 0, 0, 0, 0]","[['s', 'ɔ', 'ŋ'], ['dʒ', 'o'], ['dʒ', 'ɔ', 'n']]",sɔŋdʒodʒɔn
কোহলি,"[8, 3, 21, 12, 4, 0, 0, 0, 0, 0, 0, 0, 0, 0, 0, 0, 0, 0, 0, 0]","[['k', 'o', 'h'], ['l', 'i']]",kohli
এলিজাবেথ,"[5, 12, 4, 18, 2, 11, 5, 32, 0, 0, 0, 0, 0, 0, 0, 0, 0, 0, 0, 0]","[['e'], ['l', 'i'], ['dʒ', 'a'], ['b', 'e', 't̪ʰ']]",elidʒabet̪ʰ
পাম্প,"[15, 2, 13, 15, 0, 0, 0, 0, 0, 0, 0, 0, 0, 0, 0, 0, 0, 0, 0, 0]","[['p', 'a', 'm', 'p']]",pamp
মাইলফলক,"[13, 30, 12, 27, 7, 12, 3, 8, 0, 0, 0, 0, 0, 0, 0, 0, 0, 0, 0, 0]","[['m', 'ai̯', 'l'], ['f', 'ɔ'], ['l', 'o', 'k']]",mai̯lfɔlok
অনুসন্ধানে,"[3, 6, 14, 9, 7, 6, 25, 2, 6, 5, 0, 0, 0, 0, 0, 0, 0, 0, 0, 0]","[['o'], ['n', 'u'], ['ʃ', 'ɔ', 'n'], ['d̪ʱ', 'a'], ['n', 'e']]",onuʃɔnd̪ʱane
জানেন,"[18, 2, 6, 5, 6, 0, 0, 0, 0, 0, 0, 0, 0, 0, 0, 0, 0, 0, 0, 0]","[['dʒ', 'a'], ['n', 'e', 'n']]",dʒanen
ইনপুট,"[4, 6, 15, 14, 16, 0, 0, 0, 0, 0, 0, 0, 0, 0, 0, 0, 0, 0, 0, 0]","[['i', 'n'], ['p', 'u', 'ʈ']]",inpuʈ
সেনাপ্রধান,"[9, 5, 6, 2, 15, 1, 3, 25, 2, 6, 0, 0, 0, 0, 0, 0, 0, 0, 0, 0]","[['ʃ', 'e'], ['n', 'a'], ['p', 'r', 'o'], ['d̪ʱ', 'a', 'n']]",ʃenaprod̪ʱan
ছুরি,"[31, 14, 1, 4, 0, 0, 0, 0, 0, 0, 0, 0, 0, 0, 0, 0, 0, 0, 0, 0]","[['tʃʰ', 'u'], ['r', 'i']]",tʃʰuri
হাফিজুর,"[21, 2, 27, 4, 18, 14, 1, 0, 0, 0, 0, 0, 0, 0, 0, 0, 0, 0, 0, 0]","[['h', 'a'], ['f', 'i'], ['dʒ', 'u', 'r']]",hafidʒur
পোলাপান,"[15, 3, 12, 2, 15, 2, 6, 0, 0, 0, 0, 0, 0, 0, 0, 0, 0, 0, 0, 0]","[['p', 'o'], ['l', 'a'], ['p', 'a', 'n']]",polapan
হ্যান্ড,"[21, 28, 6, 26, 0, 0, 0, 0, 0, 0, 0, 0, 0, 0, 0, 0, 0, 0, 0, 0]","[['h', 'æ', 'n', 'ɖ']]",hænɖ
পাল্টা,"[15, 2, 12, 16, 2, 0, 0, 0, 0, 0, 0, 0, 0, 0, 0, 0, 0, 0, 0, 0]","[['p', 'a', 'l'], ['ʈ', 'a']]",palʈa
দুর্নীতি,"[17, 14, 1, 6, 4, 10, 4, 0, 0, 0, 0, 0, 0, 0, 0, 0, 0, 0, 0, 0]","[['d̪', 'u', 'r'], ['n', 'i'], ['t̪', 'i']]",d̪urnit̪i
ফাউল,"[27, 2, 14, 12, 0, 0, 0, 0, 0, 0, 0, 0, 0, 0, 0, 0, 0, 0, 0, 0]","[['f', 'a'], ['u', 'l']]",faul
সম্ভ্রান্ত,"[9, 7, 13, 23, 1, 2, 6, 10, 3, 0, 0, 0, 0, 0, 0, 0, 0, 0, 0, 0]","[['ʃ', 'ɔ', 'm'], ['bʱ', 'r', 'a', 'n'], ['t̪', 'o']]",ʃɔmbʱrant̪o
বিসিবির,"[11, 4, 19, 4, 11, 4, 1, 0, 0, 0, 0, 0, 0, 0, 0, 0, 0, 0, 0, 0]","[['b', 'i'], ['s', 'i'], ['b', 'i', 'r']]",bisibir
বোর্ডের,"[11, 3, 1, 26, 5, 1, 0, 0, 0, 0, 0, 0, 0, 0, 0, 0, 0, 0, 0, 0]","[['b', 'o', 'r'], ['ɖ', 'e', 'r']]",borɖer
রাজশাহীর,"[1, 2, 18, 9, 2, 21, 4, 1, 0, 0, 0, 0, 0, 0, 0, 0, 0, 0, 0, 0]","[['r', 'a', 'dʒ'], ['ʃ', 'a'], ['h', 'i', 'r']]",radʒʃahir
ঢোকা,"[46, 3, 8, 2, 0, 0, 0, 0, 0, 0, 0, 0, 0, 0, 0, 0, 0, 0, 0, 0]","[['ɖʱ', 'o'], ['k', 'a']]",ɖʱoka
একাই,"[28, 8, 30, 0, 0, 0, 0, 0, 0, 0, 0, 0, 0, 0, 0, 0, 0, 0, 0, 0]","[['æ'], ['k', 'ai̯']]",ækai̯
মুসলিমের,"[13, 14, 19, 12, 4, 13, 5, 1, 0, 0, 0, 0, 0, 0, 0, 0, 0, 0, 0, 0]","[['m', 'u', 's'], ['l', 'i'], ['m', 'e', 'r']]",muslimer
পেমেন্ট,"[15, 5, 13, 5, 6, 16, 0, 0, 0, 0, 0, 0, 0, 0, 0, 0, 0, 0, 0, 0]","[['p', 'e'], ['m', 'e', 'n', 'ʈ']]",pemenʈ
পিস,"[15, 4, 19, 0, 0, 0, 0, 0, 0, 0, 0, 0, 0, 0, 0, 0, 0, 0, 0, 0]","[['p', 'i', 's']]",pis
রিজার্ভ,"[1, 4, 18, 2, 1, 23, 0, 0, 0, 0, 0, 0, 0, 0, 0, 0, 0, 0, 0, 0]","[['r', 'i'], ['dʒ', 'a', 'r', 'bʱ']]",ridʒarbʱ
বিতরণী,"[11, 4, 10, 7, 1, 3, 6, 4, 0, 0, 0, 0, 0, 0, 0, 0, 0, 0, 0, 0]","[['b', 'i'], ['t̪', 'ɔ'], ['r', 'o'], ['n', 'i']]",bit̪ɔroni
কিশোরীর,"[8, 4, 9, 3, 1, 4, 1, 0, 0, 0, 0, 0, 0, 0, 0, 0, 0, 0, 0, 0]","[['k', 'i'], ['ʃ', 'o'], ['r', 'i', 'r']]",kiʃorir
খুন,"[24, 14, 6, 0, 0, 0, 0, 0, 0, 0, 0, 0, 0, 0, 0, 0, 0, 0, 0, 0]","[['kʰ', 'u', 'n']]",kʰun
দুর্ভাগ্য,"[17, 14, 1, 23, 2, 20, 20, 3, 0, 0, 0, 0, 0, 0, 0, 0, 0, 0, 0, 0]","[['d̪', 'u', 'r'], ['bʱ', 'a', 'g'], ['g', 'o']]",d̪urbʱaggo
চিলির,"[22, 4, 12, 4, 1, 0, 0, 0, 0, 0, 0, 0, 0, 0, 0, 0, 0, 0, 0, 0]","[['tʃ', 'i'], ['l', 'i', 'r']]",tʃilir
ধরেন,"[25, 7, 1, 5, 6, 0, 0, 0, 0, 0, 0, 0, 0, 0, 0, 0, 0, 0, 0, 0]","[['d̪ʱ', 'ɔ'], ['r', 'e', 'n']]",d̪ʱɔren
নির্দেশিকা,"[6, 4, 1, 17, 5, 9, 4, 8, 2, 0, 0, 0, 0, 0, 0, 0, 0, 0, 0, 0]","[['n', 'i', 'r'], ['d̪', 'e'], ['ʃ', 'i'], ['k', 'a']]",nird̪eʃika
বিস্তারে,"[11, 4, 19, 10, 2, 1, 5, 0, 0, 0, 0, 0, 0, 0, 0, 0, 0, 0, 0, 0]","[['b', 'i', 's'], ['t̪', 'a'], ['r', 'e']]",bist̪are
দোষী,"[17, 3, 9, 4, 0, 0, 0, 0, 0, 0, 0, 0, 0, 0, 0, 0, 0, 0, 0, 0]","[['d̪', 'o'], ['ʃ', 'i']]",d̪oʃi
পানিতে,"[15, 2, 6, 4, 10, 5, 0, 0, 0, 0, 0, 0, 0, 0, 0, 0, 0, 0, 0, 0]","[['p', 'a'], ['n', 'i'], ['t̪', 'e']]",panit̪e
যাজক,"[18, 2, 18, 3, 8, 0, 0, 0, 0, 0, 0, 0, 0, 0, 0, 0, 0, 0, 0, 0]","[['dʒ', 'a'], ['dʒ', 'o', 'k']]",dʒadʒok
প্রতিষ্ঠাবার্ষিকী,"[15, 1, 3, 10, 4, 19, 34, 2, 11, 2, 1, 9, 4, 8, 4, 0, 0, 0, 0, 0]","[['p', 'r', 'o'], ['t̪', 'i', 's'], ['ʈʰ', 'a'], ['b', 'a', 'r'], ['ʃ', 'i'], ['k', 'i']]",prot̪isʈʰabarʃiki
শিশুরা,"[9, 4, 9, 14, 1, 2, 0, 0, 0, 0, 0, 0, 0, 0, 0, 0, 0, 0, 0, 0]","[['ʃ', 'i'], ['ʃ', 'u'], ['r', 'a']]",ʃiʃura
কনটেন্ট,"[8, 7, 6, 16, 5, 6, 16, 0, 0, 0, 0, 0, 0, 0, 0, 0, 0, 0, 0, 0]","[['k', 'ɔ', 'n'], ['ʈ', 'e', 'n', 'ʈ']]",kɔnʈenʈ
ফ্লোরিডার,"[27, 12, 3, 1, 4, 26, 2, 1, 0, 0, 0, 0, 0, 0, 0, 0, 0, 0, 0, 0]","[['f', 'l', 'o'], ['r', 'i'], ['ɖ', 'a', 'r']]",floriɖar
লিস্টে,"[12, 4, 19, 16, 5, 0, 0, 0, 0, 0, 0, 0, 0, 0, 0, 0, 0, 0, 0, 0]","[['l', 'i', 's'], ['ʈ', 'e']]",lisʈe
মেধাবী,"[13, 5, 25, 2, 11, 4, 0, 0, 0, 0, 0, 0, 0, 0, 0, 0, 0, 0, 0, 0]","[['m', 'e'], ['d̪ʱ', 'a'], ['b', 'i']]",med̪ʱabi
কাইল,"[8, 30, 12, 0, 0, 0, 0, 0, 0, 0, 0, 0, 0, 0, 0, 0, 0, 0, 0, 0]","[['k', 'ai̯', 'l']]",kai̯l
চিত্তাকর্ষক,"[22, 4, 10, 10, 2, 8, 7, 1, 9, 3, 8, 0, 0, 0, 0, 0, 0, 0, 0, 0]","[['tʃ', 'i', 't̪'], ['t̪', 'a'], ['k', 'ɔ', 'r'], ['ʃ', 'o', 'k']]",tʃit̪t̪akɔrʃok
স্টেজ,"[19, 16, 5, 18, 0, 0, 0, 0, 0, 0, 0, 0, 0, 0, 0, 0, 0, 0, 0, 0]","[['s', 'ʈ', 'e', 'dʒ']]",sʈedʒ
খুবই,"[24, 14, 11, 4, 0, 0, 0, 0, 0, 0, 0, 0, 0, 0, 0, 0, 0, 0, 0, 0]","[['kʰ', 'u', 'b'], ['i']]",kʰubi
ধীরে,"[25, 4, 1, 5, 0, 0, 0, 0, 0, 0, 0, 0, 0, 0, 0, 0, 0, 0, 0, 0]","[['d̪ʱ', 'i'], ['r', 'e']]",d̪ʱire
যেকোন,"[18, 5, 8, 3, 6, 3, 0, 0, 0, 0, 0, 0, 0, 0, 0, 0, 0, 0, 0, 0]","[['dʒ', 'e'], ['k', 'o'], ['n', 'o']]",dʒekono
ওয়ার্ক,"[52, 1, 8, 0, 0, 0, 0, 0, 0, 0, 0, 0, 0, 0, 0, 0, 0, 0, 0, 0]","[['o̯a', 'r', 'k']]",o̯ark
মর্যাদার,"[13, 7, 1, 18, 2, 17, 2, 1, 0, 0, 0, 0, 0, 0, 0, 0, 0, 0, 0, 0]","[['m', 'ɔ', 'r'], ['dʒ', 'a'], ['d̪', 'a', 'r']]",mɔrdʒad̪ar
শূকর,"[9, 14, 8, 3, 1, 0, 0, 0, 0, 0, 0, 0, 0, 0, 0, 0, 0, 0, 0, 0]","[['ʃ', 'u'], ['k', 'o', 'r']]",ʃukor
ফ্যান,"[27, 28, 6, 0, 0, 0, 0, 0, 0, 0, 0, 0, 0, 0, 0, 0, 0, 0, 0, 0]","[['f', 'æ', 'n']]",fæn
গবেষণার,"[20, 7, 11, 5, 9, 3, 6, 2, 1, 0, 0, 0, 0, 0, 0, 0, 0, 0, 0, 0]","[['g', 'ɔ'], ['b', 'e'], ['ʃ', 'o'], ['n', 'a', 'r']]",gɔbeʃonar
মামুন,"[13, 2, 13, 14, 6, 0, 0, 0, 0, 0, 0, 0, 0, 0, 0, 0, 0, 0, 0, 0]","[['m', 'a'], ['m', 'u', 'n']]",mamun
ভোগান্তির,"[23, 3, 20, 2, 6, 10, 4, 1, 0, 0, 0, 0, 0, 0, 0, 0, 0, 0, 0, 0]","[['bʱ', 'o'], ['g', 'a', 'n'], ['t̪', 'i', 'r']]",bʱogant̪ir
ভালোবাসে,"[23, 2, 12, 3, 11, 2, 9, 5, 0, 0, 0, 0, 0, 0, 0, 0, 0, 0, 0, 0]","[['bʱ', 'a'], ['l', 'o'], ['b', 'a'], ['ʃ', 'e']]",bʱalobaʃe
ব্যান্ডের,"[11, 28, 6, 26, 5, 1, 0, 0, 0, 0, 0, 0, 0, 0, 0, 0, 0, 0, 0, 0]","[['b', 'æ', 'n'], ['ɖ', 'e', 'r']]",bænɖer
টার্গেট,"[16, 2, 1, 20, 5, 16, 0, 0, 0, 0, 0, 0, 0, 0, 0, 0, 0, 0, 0, 0]","[['ʈ', 'a', 'r'], ['g', 'e', 'ʈ']]",ʈargeʈ
কানাডায়,"[8, 2, 6, 2, 26, 42, 0, 0, 0, 0, 0, 0, 0, 0, 0, 0, 0, 0, 0, 0]","[['k', 'a'], ['n', 'a'], ['ɖ', 'ae̯']]",kanaɖae̯
পাঠ্যবই,"[15, 2, 16, 34, 3, 11, 36, 0, 0, 0, 0, 0, 0, 0, 0, 0, 0, 0, 0, 0]","[['p', 'a', 'ʈ'], ['ʈʰ', 'o'], ['b', 'oi̯']]",paʈʈʰoboi̯
মোসাদ্দেক,"[13, 3, 19, 2, 17, 17, 5, 8, 0, 0, 0, 0, 0, 0, 0, 0, 0, 0, 0, 0]","[['m', 'o'], ['s', 'a', 'd̪'], ['d̪', 'e', 'k']]",mosad̪d̪ek
মজুমদার,"[13, 3, 18, 14, 13, 17, 2, 1, 0, 0, 0, 0, 0, 0, 0, 0, 0, 0, 0, 0]","[['m', 'o'], ['dʒ', 'u', 'm'], ['d̪', 'a', 'r']]",modʒumd̪ar
স্নান,"[19, 6, 2, 6, 0, 0, 0, 0, 0, 0, 0, 0, 0, 0, 0, 0, 0, 0, 0, 0]","[['s', 'n', 'a', 'n']]",snan
পিতামহ,"[15, 4, 10, 2, 13, 7, 21, 3, 0, 0, 0, 0, 0, 0, 0, 0, 0, 0, 0, 0]","[['p', 'i'], ['t̪', 'a'], ['m', 'ɔ'], ['h', 'o']]",pit̪amɔho
হাতে,"[21, 2, 10, 5, 0, 0, 0, 0, 0, 0, 0, 0, 0, 0, 0, 0, 0, 0, 0, 0]","[['h', 'a'], ['t̪', 'e']]",hat̪e
দাও,"[17, 38, 0, 0, 0, 0, 0, 0, 0, 0, 0, 0, 0, 0, 0, 0, 0, 0, 0, 0]","[['d̪', 'ao̯']]",d̪ao̯
ম্যাগাজিনের,"[13, 28, 20, 2, 18, 4, 6, 5, 1, 0, 0, 0, 0, 0, 0, 0, 0, 0, 0, 0]","[['m', 'æ'], ['g', 'a'], ['dʒ', 'i'], ['n', 'e', 'r']]",mægadʒiner
বার্মার,"[11, 2, 1, 13, 2, 1, 0, 0, 0, 0, 0, 0, 0, 0, 0, 0, 0, 0, 0, 0]","[['b', 'a', 'r'], ['m', 'a', 'r']]",barmar
ডেন্টাল,"[26, 5, 6, 16, 2, 12, 0, 0, 0, 0, 0, 0, 0, 0, 0, 0, 0, 0, 0, 0]","[['ɖ', 'e', 'n'], ['ʈ', 'a', 'l']]",ɖenʈal
ট্রাকের,"[16, 1, 2, 8, 5, 1, 0, 0, 0, 0, 0, 0, 0, 0, 0, 0, 0, 0, 0, 0]","[['ʈ', 'r', 'a'], ['k', 'e', 'r']]",ʈraker
লুকাস,"[12, 14, 8, 2, 9, 0, 0, 0, 0, 0, 0, 0, 0, 0, 0, 0, 0, 0, 0, 0]","[['l', 'u'], ['k', 'a', 'ʃ']]",lukaʃ
প্রমাণিত,"[15, 1, 3, 13, 2, 6, 4, 10, 3, 0, 0, 0, 0, 0, 0, 0, 0, 0, 0, 0]","[['p', 'r', 'o'], ['m', 'a'], ['n', 'i'], ['t̪', 'o']]",promanit̪o
বাতাসে,"[11, 2, 10, 2, 9, 5, 0, 0, 0, 0, 0, 0, 0, 0, 0, 0, 0, 0, 0, 0]","[['b', 'a'], ['t̪', 'a'], ['ʃ', 'e']]",bat̪aʃe
দোহাই,"[17, 3, 21, 30, 0, 0, 0, 0, 0, 0, 0, 0, 0, 0, 0, 0, 0, 0, 0, 0]","[['d̪', 'o'], ['h', 'ai̯']]",d̪ohai̯
অতিথির,"[3, 10, 4, 32, 4, 1, 0, 0, 0, 0, 0, 0, 0, 0, 0, 0, 0, 0, 0, 0]","[['o'], ['t̪', 'i'], ['t̪ʰ', 'i', 'r']]",ot̪it̪ʰir
তাকানোর,"[10, 2, 8, 2, 6, 3, 1, 0, 0, 0, 0, 0, 0, 0, 0, 0, 0, 0, 0, 0]","[['t̪', 'a'], ['k', 'a'], ['n', 'o', 'r']]",t̪akanor
কর্মচারীরা,"[8, 7, 1, 13, 3, 22, 2, 1, 4, 1, 2, 0, 0, 0, 0, 0, 0, 0, 0, 0]","[['k', 'ɔ', 'r'], ['m', 'o'], ['tʃ', 'a'], ['r', 'i'], ['r', 'a']]",kɔrmotʃarira
বিক্ষিপ্ত,"[11, 4, 8, 24, 4, 15, 10, 3, 0, 0, 0, 0, 0, 0, 0, 0, 0, 0, 0, 0]","[['b', 'i', 'k'], ['kʰ', 'i', 'p'], ['t̪', 'o']]",bikkʰipt̪o
হাজারে,"[21, 2, 18, 2, 1, 5, 0, 0, 0, 0, 0, 0, 0, 0, 0, 0, 0, 0, 0, 0]","[['h', 'a'], ['dʒ', 'a'], ['r', 'e']]",hadʒare
সোবহান,"[19, 3, 11, 21, 2, 6, 0, 0, 0, 0, 0, 0, 0, 0, 0, 0, 0, 0, 0, 0]","[['s', 'o', 'b'], ['h', 'a', 'n']]",sobhan
ধ্যান,"[25, 28, 6, 0, 0, 0, 0, 0, 0, 0, 0, 0, 0, 0, 0, 0, 0, 0, 0, 0]","[['d̪ʱ', 'æ', 'n']]",d̪ʱæn
কলিজা,"[8, 3, 12, 4, 18, 2, 0, 0, 0, 0, 0, 0, 0, 0, 0, 0, 0, 0, 0, 0]","[['k', 'o'], ['l', 'i'], ['dʒ', 'a']]",kolidʒa
চ্যাম্পিয়নস,"[22, 28, 13, 15, 4, 7, 6, 19, 0, 0, 0, 0, 0, 0, 0, 0, 0, 0, 0, 0]","[['tʃ', 'æ', 'm'], ['p', 'i'], ['ɔ', 'n', 's']]",tʃæmpiɔns
হাজতে,"[21, 2, 18, 3, 10, 5, 0, 0, 0, 0, 0, 0, 0, 0, 0, 0, 0, 0, 0, 0]","[['h', 'a'], ['dʒ', 'o'], ['t̪', 'e']]",hadʒot̪e
গাও,"[20, 38, 0, 0, 0, 0, 0, 0, 0, 0, 0, 0, 0, 0, 0, 0, 0, 0, 0, 0]","[['g', 'ao̯']]",gao̯
ভুলবেন,"[23, 14, 12, 11, 5, 6, 0, 0, 0, 0, 0, 0, 0, 0, 0, 0, 0, 0, 0, 0]","[['bʱ', 'u', 'l'], ['b', 'e', 'n']]",bʱulben
সার্জন,"[19, 2, 1, 18, 7, 6, 0, 0, 0, 0, 0, 0, 0, 0, 0, 0, 0, 0, 0, 0]","[['s', 'a', 'r'], ['dʒ', 'ɔ', 'n']]",sardʒɔn
চাও,"[22, 38, 0, 0, 0, 0, 0, 0, 0, 0, 0, 0, 0, 0, 0, 0, 0, 0, 0, 0]","[['tʃ', 'ao̯']]",tʃao̯
পাঞ্জাবী,"[15, 2, 6, 18, 2, 11, 4, 0, 0, 0, 0, 0, 0, 0, 0, 0, 0, 0, 0, 0]","[['p', 'a', 'n'], ['dʒ', 'a'], ['b', 'i']]",pandʒabi
খুশির,"[24, 14, 9, 4, 1, 0, 0, 0, 0, 0, 0, 0, 0, 0, 0, 0, 0, 0, 0, 0]","[['kʰ', 'u'], ['ʃ', 'i', 'r']]",kʰuʃir
মেষ,"[13, 5, 9, 0, 0, 0, 0, 0, 0, 0, 0, 0, 0, 0, 0, 0, 0, 0, 0, 0]","[['m', 'e', 'ʃ']]",meʃ
দিলো,"[17, 4, 12, 3, 0, 0, 0, 0, 0, 0, 0, 0, 0, 0, 0, 0, 0, 0, 0, 0]","[['d̪', 'i'], ['l', 'o']]",d̪ilo
আঁকার,"[2, 8, 2, 1, 0, 0, 0, 0, 0, 0, 0, 0, 0, 0, 0, 0, 0, 0, 0, 0]","[['a'], ['k', 'a', 'r']]",akar
নির্ভুল,"[6, 4, 1, 23, 14, 12, 0, 0, 0, 0, 0, 0, 0, 0, 0, 0, 0, 0, 0, 0]","[['n', 'i', 'r'], ['bʱ', 'u', 'l']]",nirbʱul
ইন্দো,"[4, 6, 17, 3, 0, 0, 0, 0, 0, 0, 0, 0, 0, 0, 0, 0, 0, 0, 0, 0]","[['i', 'n'], ['d̪', 'o']]",ind̪o
আর্মি,"[2, 1, 13, 4, 0, 0, 0, 0, 0, 0, 0, 0, 0, 0, 0, 0, 0, 0, 0, 0]","[['a', 'r'], ['m', 'i']]",armi
মনোভাব,"[13, 7, 6, 3, 23, 2, 11, 0, 0, 0, 0, 0, 0, 0, 0, 0, 0, 0, 0, 0]","[['m', 'ɔ'], ['n', 'o'], ['bʱ', 'a', 'b']]",mɔnobʱab
যাযাবর,"[18, 2, 18, 2, 11, 7, 1, 0, 0, 0, 0, 0, 0, 0, 0, 0, 0, 0, 0, 0]","[['dʒ', 'a'], ['dʒ', 'a'], ['b', 'ɔ', 'r']]",dʒadʒabɔr
সার্ভে,"[19, 2, 1, 23, 5, 0, 0, 0, 0, 0, 0, 0, 0, 0, 0, 0, 0, 0, 0, 0]","[['s', 'a', 'r'], ['bʱ', 'e']]",sarbʱe
ডাক্তারের,"[26, 2, 8, 10, 2, 1, 5, 1, 0, 0, 0, 0, 0, 0, 0, 0, 0, 0, 0, 0]","[['ɖ', 'a', 'k'], ['t̪', 'a'], ['r', 'e', 'r']]",ɖakt̪arer
পেশাগত,"[15, 5, 9, 2, 20, 7, 10, 3, 0, 0, 0, 0, 0, 0, 0, 0, 0, 0, 0, 0]","[['p', 'e'], ['ʃ', 'a'], ['g', 'ɔ'], ['t̪', 'o']]",peʃagɔt̪o
প্রোডাকশন,"[15, 1, 3, 26, 2, 8, 9, 3, 6, 0, 0, 0, 0, 0, 0, 0, 0, 0, 0, 0]","[['p', 'r', 'o'], ['ɖ', 'a', 'k'], ['ʃ', 'o', 'n']]",proɖakʃon
বৃত্তের,"[11, 1, 4, 10, 10, 5, 1, 0, 0, 0, 0, 0, 0, 0, 0, 0, 0, 0, 0, 0]","[['b', 'r', 'i', 't̪'], ['t̪', 'e', 'r']]",brit̪t̪er
হিসাব,"[21, 4, 9, 2, 11, 0, 0, 0, 0, 0, 0, 0, 0, 0, 0, 0, 0, 0, 0, 0]","[['h', 'i'], ['ʃ', 'a', 'b']]",hiʃab
ত্রিশ,"[10, 1, 4, 9, 0, 0, 0, 0, 0, 0, 0, 0, 0, 0, 0, 0, 0, 0, 0, 0]","[['t̪', 'r', 'i', 'ʃ']]",t̪riʃ
আব্বাস,"[2, 11, 11, 2, 19, 0, 0, 0, 0, 0, 0, 0, 0, 0, 0, 0, 0, 0, 0, 0]","[['a', 'b'], ['b', 'a', 's']]",abbas
জ্বরে,"[18, 7, 1, 5, 0, 0, 0, 0, 0, 0, 0, 0, 0, 0, 0, 0, 0, 0, 0, 0]","[['dʒ', 'ɔ'], ['r', 'e']]",dʒɔre
পার্টনার,"[15, 2, 1, 16, 6, 2, 1, 0, 0, 0, 0, 0, 0, 0, 0, 0, 0, 0, 0, 0]","[['p', 'a', 'r', 'ʈ'], ['n', 'a', 'r']]",parʈnar
হিংসার,"[21, 4, 29, 9, 2, 1, 0, 0, 0, 0, 0, 0, 0, 0, 0, 0, 0, 0, 0, 0]","[['h', 'i', 'ŋ'], ['ʃ', 'a', 'r']]",hiŋʃar
আধুনিকতা,"[2, 25, 14, 6, 4, 8, 7, 10, 2, 0, 0, 0, 0, 0, 0, 0, 0, 0, 0, 0]","[['a'], ['d̪ʱ', 'u'], ['n', 'i'], ['k', 'ɔ'], ['t̪', 'a']]",ad̪ʱunikɔt̪a
ঋত্বিক,"[1, 4, 10, 10, 4, 8, 0, 0, 0, 0, 0, 0, 0, 0, 0, 0, 0, 0, 0, 0]","[['r', 'i', 't̪'], ['t̪', 'i', 'k']]",rit̪t̪ik
দ্রব্যের,"[17, 1, 3, 11, 5, 1, 0, 0, 0, 0, 0, 0, 0, 0, 0, 0, 0, 0, 0, 0]","[['d̪', 'r', 'o', 'b'], ['e', 'r']]",d̪rober
গিয়েছে,"[20, 4, 5, 31, 5, 0, 0, 0, 0, 0, 0, 0, 0, 0, 0, 0, 0, 0, 0, 0]","[['g', 'i'], ['e'], ['tʃʰ', 'e']]",gietʃʰe
ডিগ্রী,"[26, 4, 20, 1, 4, 0, 0, 0, 0, 0, 0, 0, 0, 0, 0, 0, 0, 0, 0, 0]","[['ɖ', 'i', 'g'], ['r', 'i']]",ɖigri
মর্মাহত,"[13, 7, 1, 13, 2, 21, 7, 10, 3, 0, 0, 0, 0, 0, 0, 0, 0, 0, 0, 0]","[['m', 'ɔ', 'r'], ['m', 'a'], ['h', 'ɔ'], ['t̪', 'o']]",mɔrmahɔt̪o
নাসির,"[6, 2, 19, 4, 1, 0, 0, 0, 0, 0, 0, 0, 0, 0, 0, 0, 0, 0, 0, 0]","[['n', 'a'], ['s', 'i', 'r']]",nasir
জয়নাল,"[18, 51, 6, 2, 12, 0, 0, 0, 0, 0, 0, 0, 0, 0, 0, 0, 0, 0, 0, 0]","[['dʒ', 'ɔe̯'], ['n', 'a', 'l']]",dʒɔe̯nal
এমিলি,"[5, 13, 4, 12, 4, 0, 0, 0, 0, 0, 0, 0, 0, 0, 0, 0, 0, 0, 0, 0]","[['e'], ['m', 'i'], ['l', 'i']]",emili
উত্থাপন,"[14, 10, 32, 2, 15, 3, 6, 0, 0, 0, 0, 0, 0, 0, 0, 0, 0, 0, 0, 0]","[['u', 't̪'], ['t̪ʰ', 'a'], ['p', 'o', 'n']]",ut̪t̪ʰapon
দেখাব,"[17, 5, 24, 2, 11, 3, 0, 0, 0, 0, 0, 0, 0, 0, 0, 0, 0, 0, 0, 0]","[['d̪', 'e'], ['kʰ', 'a'], ['b', 'o']]",d̪ekʰabo
হুট,"[21, 14, 16, 0, 0, 0, 0, 0, 0, 0, 0, 0, 0, 0, 0, 0, 0, 0, 0, 0]","[['h', 'u', 'ʈ']]",huʈ
ভিজিয়ে,"[23, 4, 18, 4, 5, 0, 0, 0, 0, 0, 0, 0, 0, 0, 0, 0, 0, 0, 0, 0]","[['bʱ', 'i'], ['dʒ', 'i'], ['e']]",bʱidʒie
দিল্লী,"[17, 4, 12, 12, 4, 0, 0, 0, 0, 0, 0, 0, 0, 0, 0, 0, 0, 0, 0, 0]","[['d̪', 'i', 'l'], ['l', 'i']]",d̪illi
বিজ্ঞানীরা,"[11, 4, 20, 20, 2, 6, 4, 1, 2, 0, 0, 0, 0, 0, 0, 0, 0, 0, 0, 0]","[['b', 'i', 'g'], ['g', 'a'], ['n', 'i'], ['r', 'a']]",bigganira
স্টোন,"[19, 16, 3, 6, 0, 0, 0, 0, 0, 0, 0, 0, 0, 0, 0, 0, 0, 0, 0, 0]","[['s', 'ʈ', 'o', 'n']]",sʈon
আতংক,"[2, 10, 3, 29, 8, 3, 0, 0, 0, 0, 0, 0, 0, 0, 0, 0, 0, 0, 0, 0]","[['a'], ['t̪', 'o', 'ŋ'], ['k', 'o']]",at̪oŋko
তারার,"[10, 2, 1, 2, 1, 0, 0, 0, 0, 0, 0, 0, 0, 0, 0, 0, 0, 0, 0, 0]","[['t̪', 'a'], ['r', 'a', 'r']]",t̪arar
কামালের,"[8, 2, 13, 2, 12, 5, 1, 0, 0, 0, 0, 0, 0, 0, 0, 0, 0, 0, 0, 0]","[['k', 'a'], ['m', 'a'], ['l', 'e', 'r']]",kamaler
বিলীন,"[11, 4, 12, 4, 6, 0, 0, 0, 0, 0, 0, 0, 0, 0, 0, 0, 0, 0, 0, 0]","[['b', 'i'], ['l', 'i', 'n']]",bilin
সত্ত্বেও,"[19, 3, 10, 10, 54, 0, 0, 0, 0, 0, 0, 0, 0, 0, 0, 0, 0, 0, 0, 0]","[['s', 'o', 't̪'], ['t̪', 'eu̯']]",sot̪t̪eu̯
রূপালী,"[1, 14, 15, 2, 12, 4, 0, 0, 0, 0, 0, 0, 0, 0, 0, 0, 0, 0, 0, 0]","[['r', 'u'], ['p', 'a'], ['l', 'i']]",rupali
ইলেকট্রনিক্স,"[4, 12, 5, 8, 16, 1, 7, 6, 4, 8, 19, 0, 0, 0, 0, 0, 0, 0, 0, 0]","[['i'], ['l', 'e', 'k'], ['ʈ', 'r', 'ɔ'], ['n', 'i', 'k', 's']]",ilekʈrɔniks
প্রেক্ষাপট,"[15, 1, 5, 8, 24, 2, 15, 7, 16, 0, 0, 0, 0, 0, 0, 0, 0, 0, 0, 0]","[['p', 'r', 'e', 'k'], ['kʰ', 'a'], ['p', 'ɔ', 'ʈ']]",prekkʰapɔʈ
ধর্মনিরপেক্ষ,"[25, 7, 1, 13, 3, 6, 4, 1, 3, 15, 5, 8, 24, 3, 0, 0, 0, 0, 0, 0]","[['d̪ʱ', 'ɔ', 'r'], ['m', 'o'], ['n', 'i'], ['r', 'o'], ['p', 'e', 'k'], ['kʰ', 'o']]",d̪ʱɔrmoniropekkʰo
আলিম,"[2, 12, 4, 13, 0, 0, 0, 0, 0, 0, 0, 0, 0, 0, 0, 0, 0, 0, 0, 0]","[['a'], ['l', 'i', 'm']]",alim
দামে,"[17, 2, 13, 5, 0, 0, 0, 0, 0, 0, 0, 0, 0, 0, 0, 0, 0, 0, 0, 0]","[['d̪', 'a'], ['m', 'e']]",d̪ame
জগন্নাথ,"[18, 7, 20, 3, 6, 6, 2, 32, 0, 0, 0, 0, 0, 0, 0, 0, 0, 0, 0, 0]","[['dʒ', 'ɔ'], ['g', 'o', 'n'], ['n', 'a', 't̪ʰ']]",dʒɔgonnat̪ʰ
স্ক্রিপ্ট,"[19, 8, 1, 4, 15, 16, 0, 0, 0, 0, 0, 0, 0, 0, 0, 0, 0, 0, 0, 0]","[['s', 'k', 'r', 'i', 'p', 'ʈ']]",skripʈ
শিল্পের,"[9, 4, 12, 15, 5, 1, 0, 0, 0, 0, 0, 0, 0, 0, 0, 0, 0, 0, 0, 0]","[['ʃ', 'i', 'l'], ['p', 'e', 'r']]",ʃilper
ক্ষুধা,"[24, 14, 25, 2, 0, 0, 0, 0, 0, 0, 0, 0, 0, 0, 0, 0, 0, 0, 0, 0]","[['kʰ', 'u'], ['d̪ʱ', 'a']]",kʰud̪ʱa
ব্রেকিং,"[11, 1, 5, 8, 4, 29, 0, 0, 0, 0, 0, 0, 0, 0, 0, 0, 0, 0, 0, 0]","[['b', 'r', 'e'], ['k', 'i', 'ŋ']]",brekiŋ
নিবন্ধে,"[6, 4, 11, 3, 6, 25, 5, 0, 0, 0, 0, 0, 0, 0, 0, 0, 0, 0, 0, 0]","[['n', 'i'], ['b', 'o', 'n'], ['d̪ʱ', 'e']]",nibond̪ʱe
মাশরুম,"[13, 2, 9, 1, 14, 13, 0, 0, 0, 0, 0, 0, 0, 0, 0, 0, 0, 0, 0, 0]","[['m', 'a', 'ʃ'], ['r', 'u', 'm']]",maʃrum
আনুষ্ঠানিকতা,"[2, 6, 14, 9, 34, 2, 6, 4, 8, 7, 10, 2, 0, 0, 0, 0, 0, 0, 0, 0]","[['a'], ['n', 'u', 'ʃ'], ['ʈʰ', 'a'], ['n', 'i'], ['k', 'ɔ'], ['t̪', 'a']]",anuʃʈʰanikɔt̪a
মানচিত্রের,"[13, 2, 6, 22, 4, 10, 1, 5, 1, 0, 0, 0, 0, 0, 0, 0, 0, 0, 0, 0]","[['m', 'a', 'n'], ['tʃ', 'i', 't̪'], ['r', 'e', 'r']]",mantʃit̪rer
ওয়াল,"[3, 2, 12, 0, 0, 0, 0, 0, 0, 0, 0, 0, 0, 0, 0, 0, 0, 0, 0, 0]","[['o'], ['a', 'l']]",oal
হিটলার,"[21, 4, 16, 12, 2, 1, 0, 0, 0, 0, 0, 0, 0, 0, 0, 0, 0, 0, 0, 0]","[['h', 'i', 'ʈ'], ['l', 'a', 'r']]",hiʈlar
স্বার্থের,"[9, 2, 1, 32, 5, 1, 0, 0, 0, 0, 0, 0, 0, 0, 0, 0, 0, 0, 0, 0]","[['ʃ', 'a', 'r'], ['t̪ʰ', 'e', 'r']]",ʃart̪ʰer
বিলুপ্তি,"[11, 4, 12, 14, 15, 10, 4, 0, 0, 0, 0, 0, 0, 0, 0, 0, 0, 0, 0, 0]","[['b', 'i'], ['l', 'u', 'p'], ['t̪', 'i']]",bilupt̪i
ছাত্রীর,"[31, 2, 10, 1, 4, 1, 0, 0, 0, 0, 0, 0, 0, 0, 0, 0, 0, 0, 0, 0]","[['tʃʰ', 'a', 't̪'], ['r', 'i', 'r']]",tʃʰat̪rir
ধাতু,"[25, 2, 10, 14, 0, 0, 0, 0, 0, 0, 0, 0, 0, 0, 0, 0, 0, 0, 0, 0]","[['d̪ʱ', 'a'], ['t̪', 'u']]",d̪ʱat̪u
শ্রদ্ধাঞ্জলি,"[19, 1, 3, 17, 25, 2, 6, 18, 3, 12, 4, 0, 0, 0, 0, 0, 0, 0, 0, 0]","[['s', 'r', 'o', 'd̪'], ['d̪ʱ', 'a', 'n'], ['dʒ', 'o'], ['l', 'i']]",srod̪d̪ʱandʒoli
বানী,"[11, 2, 6, 4, 0, 0, 0, 0, 0, 0, 0, 0, 0, 0, 0, 0, 0, 0, 0, 0]","[['b', 'a'], ['n', 'i']]",bani
জহির,"[18, 3, 21, 4, 1, 0, 0, 0, 0, 0, 0, 0, 0, 0, 0, 0, 0, 0, 0, 0]","[['dʒ', 'o'], ['h', 'i', 'r']]",dʒohir
ইসলামে,"[4, 19, 12, 2, 13, 5, 0, 0, 0, 0, 0, 0, 0, 0, 0, 0, 0, 0, 0, 0]","[['i', 's'], ['l', 'a'], ['m', 'e']]",islame
থাইল্যান্ডের,"[32, 30, 12, 28, 6, 26, 5, 1, 0, 0, 0, 0, 0, 0, 0, 0, 0, 0, 0, 0]","[['t̪ʰ', 'ai̯'], ['l', 'æ', 'n'], ['ɖ', 'e', 'r']]",t̪ʰai̯lænɖer
মিশ্রিত,"[13, 4, 19, 1, 4, 10, 3, 0, 0, 0, 0, 0, 0, 0, 0, 0, 0, 0, 0, 0]","[['m', 'i', 's'], ['r', 'i'], ['t̪', 'o']]",misrit̪o
মাহি,"[13, 2, 21, 4, 0, 0, 0, 0, 0, 0, 0, 0, 0, 0, 0, 0, 0, 0, 0, 0]","[['m', 'a'], ['h', 'i']]",mahi
জ্যাকি,"[18, 28, 8, 4, 0, 0, 0, 0, 0, 0, 0, 0, 0, 0, 0, 0, 0, 0, 0, 0]","[['dʒ', 'æ'], ['k', 'i']]",dʒæki
আইসিসির,"[30, 19, 4, 19, 4, 1, 0, 0, 0, 0, 0, 0, 0, 0, 0, 0, 0, 0, 0, 0]","[['ai̯'], ['s', 'i'], ['s', 'i', 'r']]",ai̯sisir
উল্টা,"[14, 12, 16, 2, 0, 0, 0, 0, 0, 0, 0, 0, 0, 0, 0, 0, 0, 0, 0, 0]","[['u', 'l'], ['ʈ', 'a']]",ulʈa
ডিপার্টমেন্ট,"[26, 4, 15, 2, 1, 16, 13, 5, 6, 16, 0, 0, 0, 0, 0, 0, 0, 0, 0, 0]","[['ɖ', 'i'], ['p', 'a', 'r', 'ʈ'], ['m', 'e', 'n', 'ʈ']]",ɖiparʈmenʈ
নেভিগেশন,"[6, 5, 23, 4, 20, 5, 9, 3, 6, 0, 0, 0, 0, 0, 0, 0, 0, 0, 0, 0]","[['n', 'e'], ['bʱ', 'i'], ['g', 'e'], ['ʃ', 'o', 'n']]",nebʱigeʃon
নার্গিস,"[6, 2, 1, 20, 4, 19, 0, 0, 0, 0, 0, 0, 0, 0, 0, 0, 0, 0, 0, 0]","[['n', 'a', 'r'], ['g', 'i', 's']]",nargis
করানো,"[8, 7, 1, 2, 6, 3, 0, 0, 0, 0, 0, 0, 0, 0, 0, 0, 0, 0, 0, 0]","[['k', 'ɔ'], ['r', 'a'], ['n', 'o']]",kɔrano
সুনিশ্চিত,"[9, 14, 6, 4, 9, 22, 4, 10, 0, 0, 0, 0, 0, 0, 0, 0, 0, 0, 0, 0]","[['ʃ', 'u'], ['n', 'i', 'ʃ'], ['tʃ', 'i', 't̪']]",ʃuniʃtʃit̪
ট্যুর,"[16, 14, 1, 0, 0, 0, 0, 0, 0, 0, 0, 0, 0, 0, 0, 0, 0, 0, 0, 0]","[['ʈ', 'u', 'r']]",ʈur
বার্তার,"[11, 2, 1, 10, 2, 1, 0, 0, 0, 0, 0, 0, 0, 0, 0, 0, 0, 0, 0, 0]","[['b', 'a', 'r'], ['t̪', 'a', 'r']]",bart̪ar
অভ্যন্তরে,"[3, 11, 23, 3, 6, 10, 7, 1, 5, 0, 0, 0, 0, 0, 0, 0, 0, 0, 0, 0]","[['o', 'b'], ['bʱ', 'o', 'n'], ['t̪', 'ɔ'], ['r', 'e']]",obbʱont̪ɔre
জাপান,"[18, 2, 15, 2, 6, 0, 0, 0, 0, 0, 0, 0, 0, 0, 0, 0, 0, 0, 0, 0]","[['dʒ', 'a'], ['p', 'a', 'n']]",dʒapan
গোল্ডেন,"[20, 3, 12, 26, 5, 6, 0, 0, 0, 0, 0, 0, 0, 0, 0, 0, 0, 0, 0, 0]","[['g', 'o', 'l'], ['ɖ', 'e', 'n']]",golɖen
চারিদিক,"[22, 2, 1, 4, 17, 4, 8, 0, 0, 0, 0, 0, 0, 0, 0, 0, 0, 0, 0, 0]","[['tʃ', 'a'], ['r', 'i'], ['d̪', 'i', 'k']]",tʃarid̪ik
ধুর,"[25, 14, 1, 0, 0, 0, 0, 0, 0, 0, 0, 0, 0, 0, 0, 0, 0, 0, 0, 0]","[['d̪ʱ', 'u', 'r']]",d̪ʱur
স্কাইপ,"[19, 8, 30, 15, 0, 0, 0, 0, 0, 0, 0, 0, 0, 0, 0, 0, 0, 0, 0, 0]","[['s', 'k', 'ai̯', 'p']]",skai̯p
ফরেন,"[27, 7, 1, 5, 6, 0, 0, 0, 0, 0, 0, 0, 0, 0, 0, 0, 0, 0, 0, 0]","[['f', 'ɔ'], ['r', 'e', 'n']]",fɔren
ভাগ্নে,"[23, 2, 20, 6, 5, 0, 0, 0, 0, 0, 0, 0, 0, 0, 0, 0, 0, 0, 0, 0]","[['bʱ', 'a', 'g'], ['n', 'e']]",bʱagne
সাদিক,"[9, 2, 17, 4, 8, 0, 0, 0, 0, 0, 0, 0, 0, 0, 0, 0, 0, 0, 0, 0]","[['ʃ', 'a'], ['d̪', 'i', 'k']]",ʃad̪ik
ধোকা,"[25, 3, 8, 2, 0, 0, 0, 0, 0, 0, 0, 0, 0, 0, 0, 0, 0, 0, 0, 0]","[['d̪ʱ', 'o'], ['k', 'a']]",d̪ʱoka
প্রাণীদের,"[15, 1, 2, 6, 4, 17, 5, 1, 0, 0, 0, 0, 0, 0, 0, 0, 0, 0, 0, 0]","[['p', 'r', 'a'], ['n', 'i'], ['d̪', 'e', 'r']]",pranid̪er
ব্রিফিং,"[11, 1, 4, 27, 4, 29, 0, 0, 0, 0, 0, 0, 0, 0, 0, 0, 0, 0, 0, 0]","[['b', 'r', 'i'], ['f', 'i', 'ŋ']]",brifiŋ
অশোক,"[7, 9, 3, 8, 0, 0, 0, 0, 0, 0, 0, 0, 0, 0, 0, 0, 0, 0, 0, 0]","[['ɔ'], ['ʃ', 'o', 'k']]",ɔʃok
উদ্যানে,"[14, 17, 17, 2, 6, 5, 0, 0, 0, 0, 0, 0, 0, 0, 0, 0, 0, 0, 0, 0]","[['u', 'd̪'], ['d̪', 'a'], ['n', 'e']]",ud̪d̪ane
ঐতিহ্যের,"[36, 10, 4, 18, 39, 5, 1, 0, 0, 0, 0, 0, 0, 0, 0, 0, 0, 0, 0, 0]","[['oi̯'], ['t̪', 'i', 'dʒ'], ['dʒʱ', 'e', 'r']]",oi̯t̪idʒdʒʱer
ফ্রান্সে,"[27, 1, 2, 6, 19, 5, 0, 0, 0, 0, 0, 0, 0, 0, 0, 0, 0, 0, 0, 0]","[['f', 'r', 'a', 'n'], ['s', 'e']]",franse
ব্যাহত,"[11, 28, 21, 3, 10, 3, 0, 0, 0, 0, 0, 0, 0, 0, 0, 0, 0, 0, 0, 0]","[['b', 'æ'], ['h', 'o'], ['t̪', 'o']]",bæhot̪o
শৈশব,"[9, 36, 9, 7, 11, 0, 0, 0, 0, 0, 0, 0, 0, 0, 0, 0, 0, 0, 0, 0]","[['ʃ', 'oi̯'], ['ʃ', 'ɔ', 'b']]",ʃoi̯ʃɔb
আন্দোলনরত,"[2, 6, 17, 3, 12, 3, 6, 1, 7, 10, 3, 0, 0, 0, 0, 0, 0, 0, 0, 0]","[['a', 'n'], ['d̪', 'o'], ['l', 'o', 'n'], ['r', 'ɔ'], ['t̪', 'o']]",and̪olonrɔt̪o
হিজরি,"[21, 4, 18, 1, 4, 0, 0, 0, 0, 0, 0, 0, 0, 0, 0, 0, 0, 0, 0, 0]","[['h', 'i', 'dʒ'], ['r', 'i']]",hidʒri
যন্ত্রণার,"[18, 7, 6, 10, 1, 3, 6, 2, 1, 0, 0, 0, 0, 0, 0, 0, 0, 0, 0, 0]","[['dʒ', 'ɔ', 'n'], ['t̪', 'r', 'o'], ['n', 'a', 'r']]",dʒɔnt̪ronar
পাঠাগার,"[15, 2, 34, 2, 20, 2, 1, 0, 0, 0, 0, 0, 0, 0, 0, 0, 0, 0, 0, 0]","[['p', 'a'], ['ʈʰ', 'a'], ['g', 'a', 'r']]",paʈʰagar
অভিনেতা,"[3, 23, 4, 6, 5, 10, 2, 0, 0, 0, 0, 0, 0, 0, 0, 0, 0, 0, 0, 0]","[['o'], ['bʱ', 'i'], ['n', 'e'], ['t̪', 'a']]",obʱinet̪a
বিকালে,"[11, 4, 8, 2, 12, 5, 0, 0, 0, 0, 0, 0, 0, 0, 0, 0, 0, 0, 0, 0]","[['b', 'i'], ['k', 'a'], ['l', 'e']]",bikale
অফিসে,"[7, 27, 4, 19, 5, 0, 0, 0, 0, 0, 0, 0, 0, 0, 0, 0, 0, 0, 0, 0]","[['ɔ'], ['f', 'i'], ['s', 'e']]",ɔfise
সিকিউরিটি,"[19, 4, 8, 40, 1, 4, 16, 4, 0, 0, 0, 0, 0, 0, 0, 0, 0, 0, 0, 0]","[['s', 'i'], ['k', 'iu̯'], ['r', 'i'], ['ʈ', 'i']]",sikiu̯riʈi
রূপকথার,"[1, 14, 15, 8, 7, 32, 2, 1, 0, 0, 0, 0, 0, 0, 0, 0, 0, 0, 0, 0]","[['r', 'u', 'p'], ['k', 'ɔ'], ['t̪ʰ', 'a', 'r']]",rupkɔt̪ʰar
টুল,"[16, 14, 12, 0, 0, 0, 0, 0, 0, 0, 0, 0, 0, 0, 0, 0, 0, 0, 0, 0]","[['ʈ', 'u', 'l']]",ʈul
কর্নার,"[8, 7, 1, 6, 2, 1, 0, 0, 0, 0, 0, 0, 0, 0, 0, 0, 0, 0, 0, 0]","[['k', 'ɔ', 'r'], ['n', 'a', 'r']]",kɔrnar
যাওয়ায়,"[18, 43, 42, 0, 0, 0, 0, 0, 0, 0, 0, 0, 0, 0, 0, 0, 0, 0, 0, 0]","[['dʒ', 'au̯'], ['ae̯']]",dʒau̯ae̯
পাঞ্জাবের,"[15, 2, 6, 18, 2, 11, 5, 1, 0, 0, 0, 0, 0, 0, 0, 0, 0, 0, 0, 0]","[['p', 'a', 'n'], ['dʒ', 'a'], ['b', 'e', 'r']]",pandʒaber
সমাবেশের,"[9, 7, 13, 2, 11, 5, 9, 5, 1, 0, 0, 0, 0, 0, 0, 0, 0, 0, 0, 0]","[['ʃ', 'ɔ'], ['m', 'a'], ['b', 'e'], ['ʃ', 'e', 'r']]",ʃɔmabeʃer
ফাইল,"[27, 30, 12, 0, 0, 0, 0, 0, 0, 0, 0, 0, 0, 0, 0, 0, 0, 0, 0, 0]","[['f', 'ai̯', 'l']]",fai̯l
অফিস,"[7, 27, 4, 19, 0, 0, 0, 0, 0, 0, 0, 0, 0, 0, 0, 0, 0, 0, 0, 0]","[['ɔ'], ['f', 'i', 's']]",ɔfis
মাইক্রোবাস,"[13, 30, 8, 1, 3, 11, 2, 19, 0, 0, 0, 0, 0, 0, 0, 0, 0, 0, 0, 0]","[['m', 'ai̯'], ['k', 'r', 'o'], ['b', 'a', 's']]",mai̯krobas
তদন্তে,"[10, 7, 17, 3, 6, 10, 5, 0, 0, 0, 0, 0, 0, 0, 0, 0, 0, 0, 0, 0]","[['t̪', 'ɔ'], ['d̪', 'o', 'n'], ['t̪', 'e']]",t̪ɔd̪ont̪e
বন্ধুকে,"[11, 3, 6, 25, 14, 8, 5, 0, 0, 0, 0, 0, 0, 0, 0, 0, 0, 0, 0, 0]","[['b', 'o', 'n'], ['d̪ʱ', 'u'], ['k', 'e']]",bond̪ʱuke
ব্যায়ামের,"[11, 28, 2, 13, 5, 1, 0, 0, 0, 0, 0, 0, 0, 0, 0, 0, 0, 0, 0, 0]","[['b', 'æ'], ['a'], ['m', 'e', 'r']]",bæamer
পেশ,"[15, 5, 9, 0, 0, 0, 0, 0, 0, 0, 0, 0, 0, 0, 0, 0, 0, 0, 0, 0]","[['p', 'e', 'ʃ']]",peʃ
যাবি,"[18, 2, 11, 4, 0, 0, 0, 0, 0, 0, 0, 0, 0, 0, 0, 0, 0, 0, 0, 0]","[['dʒ', 'a'], ['b', 'i']]",dʒabi
গুরুত্বারোপ,"[20, 14, 1, 14, 10, 10, 2, 1, 3, 15, 0, 0, 0, 0, 0, 0, 0, 0, 0, 0]","[['g', 'u'], ['r', 'u', 't̪'], ['t̪', 'a'], ['r', 'o', 'p']]",gurut̪t̪arop
মাইন,"[13, 30, 6, 0, 0, 0, 0, 0, 0, 0, 0, 0, 0, 0, 0, 0, 0, 0, 0, 0]","[['m', 'ai̯', 'n']]",mai̯n
বাপের,"[11, 2, 15, 5, 1, 0, 0, 0, 0, 0, 0, 0, 0, 0, 0, 0, 0, 0, 0, 0]","[['b', 'a'], ['p', 'e', 'r']]",baper
পাচ,"[15, 2, 22, 0, 0, 0, 0, 0, 0, 0, 0, 0, 0, 0, 0, 0, 0, 0, 0, 0]","[['p', 'a', 'tʃ']]",patʃ
হুকুম,"[21, 14, 8, 14, 13, 0, 0, 0, 0, 0, 0, 0, 0, 0, 0, 0, 0, 0, 0, 0]","[['h', 'u'], ['k', 'u', 'm']]",hukum
বলিউডের,"[11, 7, 12, 4, 14, 26, 5, 1, 0, 0, 0, 0, 0, 0, 0, 0, 0, 0, 0, 0]","[['b', 'ɔ'], ['l', 'i'], ['u'], ['ɖ', 'e', 'r']]",bɔliuɖer
অনুমতি,"[3, 6, 14, 13, 3, 10, 4, 0, 0, 0, 0, 0, 0, 0, 0, 0, 0, 0, 0, 0]","[['o'], ['n', 'u'], ['m', 'o'], ['t̪', 'i']]",onumot̪i
দ্রুততম,"[17, 1, 14, 10, 3, 10, 7, 13, 3, 0, 0, 0, 0, 0, 0, 0, 0, 0, 0, 0]","[['d̪', 'r', 'u'], ['t̪', 'o'], ['t̪', 'ɔ'], ['m', 'o']]",d̪rut̪ot̪ɔmo
হাঁটা,"[21, 2, 16, 2, 0, 0, 0, 0, 0, 0, 0, 0, 0, 0, 0, 0, 0, 0, 0, 0]","[['h', 'a'], ['ʈ', 'a']]",haʈa
শুনবে,"[9, 14, 6, 11, 5, 0, 0, 0, 0, 0, 0, 0, 0, 0, 0, 0, 0, 0, 0, 0]","[['ʃ', 'u', 'n'], ['b', 'e']]",ʃunbe
শাস্তি,"[9, 2, 19, 10, 4, 0, 0, 0, 0, 0, 0, 0, 0, 0, 0, 0, 0, 0, 0, 0]","[['ʃ', 'a', 's'], ['t̪', 'i']]",ʃast̪i
এনামুল,"[5, 6, 2, 13, 14, 12, 0, 0, 0, 0, 0, 0, 0, 0, 0, 0, 0, 0, 0, 0]","[['e'], ['n', 'a'], ['m', 'u', 'l']]",enamul
কুমিল্লায়,"[8, 14, 13, 4, 12, 12, 42, 0, 0, 0, 0, 0, 0, 0, 0, 0, 0, 0, 0, 0]","[['k', 'u'], ['m', 'i', 'l'], ['l', 'ae̯']]",kumillae̯
উন্মোচিত,"[14, 6, 13, 3, 22, 4, 10, 3, 0, 0, 0, 0, 0, 0, 0, 0, 0, 0, 0, 0]","[['u', 'n'], ['m', 'o'], ['tʃ', 'i'], ['t̪', 'o']]",unmotʃit̪o
আপনারা,"[2, 15, 6, 2, 1, 2, 0, 0, 0, 0, 0, 0, 0, 0, 0, 0, 0, 0, 0, 0]","[['a', 'p'], ['n', 'a'], ['r', 'a']]",apnara
বিশ্ব-সামাজিক,"[11, 4, 9, 9, 3, 9, 2, 13, 2, 18, 4, 8, 0, 0, 0, 0, 0, 0, 0, 0]","[['b', 'i', 'ʃ'], ['ʃ', 'o'], ['ʃ', 'a'], ['m', 'a'], ['dʒ', 'i', 'k']]",biʃʃoʃamadʒik
মোকাবেলা,"[13, 3, 8, 2, 11, 5, 12, 2, 0, 0, 0, 0, 0, 0, 0, 0, 0, 0, 0, 0]","[['m', 'o'], ['k', 'a'], ['b', 'e'], ['l', 'a']]",mokabela
সংস্করণটি,"[9, 7, 29, 19, 8, 7, 1, 3, 6, 16, 4, 0, 0, 0, 0, 0, 0, 0, 0, 0]","[['ʃ', 'ɔ', 'ŋ', 's'], ['k', 'ɔ'], ['r', 'o', 'n'], ['ʈ', 'i']]",ʃɔŋskɔronʈi
অবৈধভাবে,"[7, 11, 36, 25, 3, 23, 2, 11, 5, 0, 0, 0, 0, 0, 0, 0, 0, 0, 0, 0]","[['ɔ'], ['b', 'oi̯'], ['d̪ʱ', 'o'], ['bʱ', 'a'], ['b', 'e']]",ɔboi̯d̪ʱobʱabe
দুর্ভাগ্যজনক,"[17, 14, 1, 23, 2, 20, 20, 3, 18, 7, 6, 3, 8, 0, 0, 0, 0, 0, 0, 0]","[['d̪', 'u', 'r'], ['bʱ', 'a', 'g'], ['g', 'o'], ['dʒ', 'ɔ'], ['n', 'o', 'k']]",d̪urbʱaggodʒɔnok
ভাগাভাগি,"[23, 2, 20, 2, 23, 2, 20, 4, 0, 0, 0, 0, 0, 0, 0, 0, 0, 0, 0, 0]","[['bʱ', 'a'], ['g', 'a'], ['bʱ', 'a'], ['g', 'i']]",bʱagabʱagi
ব্যাস,"[11, 28, 19, 0, 0, 0, 0, 0, 0, 0, 0, 0, 0, 0, 0, 0, 0, 0, 0, 0]","[['b', 'æ', 's']]",bæs
ব্রাজিলিয়ান,"[11, 1, 2, 18, 4, 12, 4, 2, 6, 0, 0, 0, 0, 0, 0, 0, 0, 0, 0, 0]","[['b', 'r', 'a'], ['dʒ', 'i'], ['l', 'i'], ['a', 'n']]",bradʒilian
আরোগ্য,"[2, 1, 3, 20, 20, 3, 0, 0, 0, 0, 0, 0, 0, 0, 0, 0, 0, 0, 0, 0]","[['a'], ['r', 'o', 'g'], ['g', 'o']]",aroggo
পুলিশিং,"[15, 14, 12, 4, 9, 4, 29, 0, 0, 0, 0, 0, 0, 0, 0, 0, 0, 0, 0, 0]","[['p', 'u'], ['l', 'i'], ['ʃ', 'i', 'ŋ']]",puliʃiŋ
দক্ষিণাঞ্চলের,"[17, 3, 8, 24, 4, 6, 2, 6, 22, 7, 12, 5, 1, 0, 0, 0, 0, 0, 0, 0]","[['d̪', 'o', 'k'], ['kʰ', 'i'], ['n', 'a', 'n'], ['tʃ', 'ɔ'], ['l', 'e', 'r']]",d̪okkʰinantʃɔler
নববর্ষের,"[6, 7, 11, 3, 11, 7, 1, 9, 5, 1, 0, 0, 0, 0, 0, 0, 0, 0, 0, 0]","[['n', 'ɔ'], ['b', 'o'], ['b', 'ɔ', 'r'], ['ʃ', 'e', 'r']]",nɔbobɔrʃer
এথেন্স,"[28, 32, 5, 6, 19, 0, 0, 0, 0, 0, 0, 0, 0, 0, 0, 0, 0, 0, 0, 0]","[['æ'], ['t̪ʰ', 'e', 'n', 's']]",æt̪ʰens
খেলো,"[24, 5, 12, 3, 0, 0, 0, 0, 0, 0, 0, 0, 0, 0, 0, 0, 0, 0, 0, 0]","[['kʰ', 'e'], ['l', 'o']]",kʰelo
রেফারেন্স,"[1, 5, 27, 2, 1, 5, 6, 19, 0, 0, 0, 0, 0, 0, 0, 0, 0, 0, 0, 0]","[['r', 'e'], ['f', 'a'], ['r', 'e', 'n', 's']]",refarens
ধূসর,"[25, 14, 9, 7, 1, 0, 0, 0, 0, 0, 0, 0, 0, 0, 0, 0, 0, 0, 0, 0]","[['d̪ʱ', 'u'], ['ʃ', 'ɔ', 'r']]",d̪ʱuʃɔr
সাতটা,"[9, 2, 10, 16, 2, 0, 0, 0, 0, 0, 0, 0, 0, 0, 0, 0, 0, 0, 0, 0]","[['ʃ', 'a', 't̪'], ['ʈ', 'a']]",ʃat̪ʈa
প্রি-মার্কেট,"[15, 1, 4, 13, 2, 1, 8, 5, 16, 0, 0, 0, 0, 0, 0, 0, 0, 0, 0, 0]","[['p', 'r', 'i'], ['m', 'a', 'r'], ['k', 'e', 'ʈ']]",primarkeʈ
টেলিযোগাযোগ,"[16, 5, 12, 4, 18, 3, 20, 2, 18, 3, 20, 0, 0, 0, 0, 0, 0, 0, 0, 0]","[['ʈ', 'e'], ['l', 'i'], ['dʒ', 'o'], ['g', 'a'], ['dʒ', 'o', 'g']]",ʈelidʒogadʒog
নিউজিল্যান্ডের,"[6, 40, 18, 4, 12, 28, 6, 26, 5, 1, 0, 0, 0, 0, 0, 0, 0, 0, 0, 0]","[['n', 'iu̯'], ['dʒ', 'i'], ['l', 'æ', 'n'], ['ɖ', 'e', 'r']]",niu̯dʒilænɖer
প্লান,"[15, 12, 2, 6, 0, 0, 0, 0, 0, 0, 0, 0, 0, 0, 0, 0, 0, 0, 0, 0]","[['p', 'l', 'a', 'n']]",plan
বোল,"[11, 3, 12, 0, 0, 0, 0, 0, 0, 0, 0, 0, 0, 0, 0, 0, 0, 0, 0, 0]","[['b', 'o', 'l']]",bol
সমাজে,"[9, 7, 13, 2, 18, 5, 0, 0, 0, 0, 0, 0, 0, 0, 0, 0, 0, 0, 0, 0]","[['ʃ', 'ɔ'], ['m', 'a'], ['dʒ', 'e']]",ʃɔmadʒe
আবেদীন,"[2, 11, 5, 17, 4, 6, 0, 0, 0, 0, 0, 0, 0, 0, 0, 0, 0, 0, 0, 0]","[['a'], ['b', 'e'], ['d̪', 'i', 'n']]",abed̪in
চিকিৎসক,"[22, 4, 8, 4, 10, 9, 7, 8, 0, 0, 0, 0, 0, 0, 0, 0, 0, 0, 0, 0]","[['tʃ', 'i'], ['k', 'i', 't̪'], ['ʃ', 'ɔ', 'k']]",tʃikit̪ʃɔk
কমানো,"[8, 7, 13, 2, 6, 3, 0, 0, 0, 0, 0, 0, 0, 0, 0, 0, 0, 0, 0, 0]","[['k', 'ɔ'], ['m', 'a'], ['n', 'o']]",kɔmano
বিক্রি,"[11, 4, 8, 1, 4, 0, 0, 0, 0, 0, 0, 0, 0, 0, 0, 0, 0, 0, 0, 0]","[['b', 'i', 'k'], ['r', 'i']]",bikri
টেলিফোন,"[16, 5, 12, 4, 27, 3, 6, 0, 0, 0, 0, 0, 0, 0, 0, 0, 0, 0, 0, 0]","[['ʈ', 'e'], ['l', 'i'], ['f', 'o', 'n']]",ʈelifon
খ্রিস্টাব্দে,"[24, 1, 4, 9, 16, 2, 11, 17, 5, 0, 0, 0, 0, 0, 0, 0, 0, 0, 0, 0]","[['kʰ', 'r', 'i', 'ʃ'], ['ʈ', 'a', 'b'], ['d̪', 'e']]",kʰriʃʈabd̪e
পাবেন,"[15, 2, 11, 5, 6, 0, 0, 0, 0, 0, 0, 0, 0, 0, 0, 0, 0, 0, 0, 0]","[['p', 'a'], ['b', 'e', 'n']]",paben
বৈষম্যমূলক,"[11, 36, 9, 7, 13, 13, 3, 13, 14, 12, 7, 8, 0, 0, 0, 0, 0, 0, 0, 0]","[['b', 'oi̯'], ['ʃ', 'ɔ', 'm'], ['m', 'o'], ['m', 'u'], ['l', 'ɔ', 'k']]",boi̯ʃɔmmomulɔk
টাঙ্গাইলের,"[16, 2, 29, 20, 30, 12, 5, 1, 0, 0, 0, 0, 0, 0, 0, 0, 0, 0, 0, 0]","[['ʈ', 'a', 'ŋ'], ['g', 'ai̯'], ['l', 'e', 'r']]",ʈaŋgai̯ler
হাজারের,"[21, 2, 18, 2, 1, 5, 1, 0, 0, 0, 0, 0, 0, 0, 0, 0, 0, 0, 0, 0]","[['h', 'a'], ['dʒ', 'a'], ['r', 'e', 'r']]",hadʒarer
ইরানি,"[4, 1, 2, 6, 4, 0, 0, 0, 0, 0, 0, 0, 0, 0, 0, 0, 0, 0, 0, 0]","[['i'], ['r', 'a'], ['n', 'i']]",irani
নামের,"[6, 2, 13, 5, 1, 0, 0, 0, 0, 0, 0, 0, 0, 0, 0, 0, 0, 0, 0, 0]","[['n', 'a'], ['m', 'e', 'r']]",namer
ঢুকলে,"[46, 14, 8, 12, 5, 0, 0, 0, 0, 0, 0, 0, 0, 0, 0, 0, 0, 0, 0, 0]","[['ɖʱ', 'u', 'k'], ['l', 'e']]",ɖʱukle
কোনোরকম,"[8, 3, 6, 3, 1, 7, 8, 3, 13, 0, 0, 0, 0, 0, 0, 0, 0, 0, 0, 0]","[['k', 'o'], ['n', 'o'], ['r', 'ɔ'], ['k', 'o', 'm']]",konorɔkom
আতশবাজি,"[2, 10, 3, 9, 11, 2, 18, 4, 0, 0, 0, 0, 0, 0, 0, 0, 0, 0, 0, 0]","[['a'], ['t̪', 'o', 'ʃ'], ['b', 'a'], ['dʒ', 'i']]",at̪oʃbadʒi
আন্দ্রে,"[2, 6, 17, 1, 5, 0, 0, 0, 0, 0, 0, 0, 0, 0, 0, 0, 0, 0, 0, 0]","[['a', 'n'], ['d̪', 'r', 'e']]",and̪re
গ্রেফতারের,"[20, 1, 5, 27, 10, 2, 1, 5, 1, 0, 0, 0, 0, 0, 0, 0, 0, 0, 0, 0]","[['g', 'r', 'e', 'f'], ['t̪', 'a'], ['r', 'e', 'r']]",greft̪arer
পাস,"[15, 2, 9, 0, 0, 0, 0, 0, 0, 0, 0, 0, 0, 0, 0, 0, 0, 0, 0, 0]","[['p', 'a', 'ʃ']]",paʃ
কুমির,"[8, 14, 13, 4, 1, 0, 0, 0, 0, 0, 0, 0, 0, 0, 0, 0, 0, 0, 0, 0]","[['k', 'u'], ['m', 'i', 'r']]",kumir
যোদ্ধা,"[18, 3, 17, 25, 2, 0, 0, 0, 0, 0, 0, 0, 0, 0, 0, 0, 0, 0, 0, 0]","[['dʒ', 'o', 'd̪'], ['d̪ʱ', 'a']]",dʒod̪d̪ʱa
স্বয়ংক্রিয়,"[9, 51, 3, 29, 8, 1, 4, 3, 0, 0, 0, 0, 0, 0, 0, 0, 0, 0, 0, 0]","[['ʃ', 'ɔe̯'], ['o', 'ŋ'], ['k', 'r', 'i'], ['o']]",ʃɔe̯oŋkrio
ফাজিল,"[27, 2, 18, 4, 12, 0, 0, 0, 0, 0, 0, 0, 0, 0, 0, 0, 0, 0, 0, 0]","[['f', 'a'], ['dʒ', 'i', 'l']]",fadʒil
স্পিন,"[19, 15, 4, 6, 0, 0, 0, 0, 0, 0, 0, 0, 0, 0, 0, 0, 0, 0, 0, 0]","[['s', 'p', 'i', 'n']]",spin
স্যাম,"[19, 28, 13, 0, 0, 0, 0, 0, 0, 0, 0, 0, 0, 0, 0, 0, 0, 0, 0, 0]","[['s', 'æ', 'm']]",sæm
উৎসাহী,"[14, 10, 9, 2, 21, 4, 0, 0, 0, 0, 0, 0, 0, 0, 0, 0, 0, 0, 0, 0]","[['u', 't̪'], ['ʃ', 'a'], ['h', 'i']]",ut̪ʃahi
আনুন,"[2, 6, 14, 6, 0, 0, 0, 0, 0, 0, 0, 0, 0, 0, 0, 0, 0, 0, 0, 0]","[['a'], ['n', 'u', 'n']]",anun
মাসিক,"[13, 2, 9, 4, 8, 0, 0, 0, 0, 0, 0, 0, 0, 0, 0, 0, 0, 0, 0, 0]","[['m', 'a'], ['ʃ', 'i', 'k']]",maʃik
আদিবাসীদের,"[2, 17, 4, 11, 2, 9, 4, 17, 5, 1, 0, 0, 0, 0, 0, 0, 0, 0, 0, 0]","[['a'], ['d̪', 'i'], ['b', 'a'], ['ʃ', 'i'], ['d̪', 'e', 'r']]",ad̪ibaʃid̪er
বাকিরা,"[11, 2, 8, 4, 1, 2, 0, 0, 0, 0, 0, 0, 0, 0, 0, 0, 0, 0, 0, 0]","[['b', 'a'], ['k', 'i'], ['r', 'a']]",bakira
সিদ্ধান্তের,"[9, 4, 17, 25, 2, 6, 10, 5, 1, 0, 0, 0, 0, 0, 0, 0, 0, 0, 0, 0]","[['ʃ', 'i', 'd̪'], ['d̪ʱ', 'a', 'n'], ['t̪', 'e', 'r']]",ʃid̪d̪ʱant̪er
ইস্যু,"[4, 9, 14, 0, 0, 0, 0, 0, 0, 0, 0, 0, 0, 0, 0, 0, 0, 0, 0, 0]","[['i'], ['ʃ', 'u']]",iʃu
শতাংশে,"[9, 7, 10, 2, 29, 9, 5, 0, 0, 0, 0, 0, 0, 0, 0, 0, 0, 0, 0, 0]","[['ʃ', 'ɔ'], ['t̪', 'a', 'ŋ'], ['ʃ', 'e']]",ʃɔt̪aŋʃe
সাহায্যকারী,"[9, 2, 21, 2, 18, 18, 3, 8, 2, 1, 4, 0, 0, 0, 0, 0, 0, 0, 0, 0]","[['ʃ', 'a'], ['h', 'a', 'dʒ'], ['dʒ', 'o'], ['k', 'a'], ['r', 'i']]",ʃahadʒdʒokari
পাক,"[15, 2, 8, 0, 0, 0, 0, 0, 0, 0, 0, 0, 0, 0, 0, 0, 0, 0, 0, 0]","[['p', 'a', 'k']]",pak
ডলারে,"[26, 7, 12, 2, 1, 5, 0, 0, 0, 0, 0, 0, 0, 0, 0, 0, 0, 0, 0, 0]","[['ɖ', 'ɔ'], ['l', 'a'], ['r', 'e']]",ɖɔlare
টুইটারে,"[16, 44, 16, 2, 1, 5, 0, 0, 0, 0, 0, 0, 0, 0, 0, 0, 0, 0, 0, 0]","[['ʈ', 'ui̯'], ['ʈ', 'a'], ['r', 'e']]",ʈui̯ʈare
চাকা,"[22, 2, 8, 2, 0, 0, 0, 0, 0, 0, 0, 0, 0, 0, 0, 0, 0, 0, 0, 0]","[['tʃ', 'a'], ['k', 'a']]",tʃaka
জিন্নাহ,"[18, 4, 6, 6, 2, 21, 0, 0, 0, 0, 0, 0, 0, 0, 0, 0, 0, 0, 0, 0]","[['dʒ', 'i', 'n'], ['n', 'a', 'h']]",dʒinnah
শিক্ষাপ্রতিষ্ঠান,"[9, 4, 8, 24, 2, 15, 1, 3, 10, 4, 9, 34, 2, 6, 0, 0, 0, 0, 0, 0]","[['ʃ', 'i', 'k'], ['kʰ', 'a'], ['p', 'r', 'o'], ['t̪', 'i', 'ʃ'], ['ʈʰ', 'a', 'n']]",ʃikkʰaprot̪iʃʈʰan
বুলবুল,"[11, 14, 12, 11, 14, 12, 0, 0, 0, 0, 0, 0, 0, 0, 0, 0, 0, 0, 0, 0]","[['b', 'u', 'l'], ['b', 'u', 'l']]",bulbul
সন্ধানে,"[9, 7, 6, 25, 2, 6, 5, 0, 0, 0, 0, 0, 0, 0, 0, 0, 0, 0, 0, 0]","[['ʃ', 'ɔ', 'n'], ['d̪ʱ', 'a'], ['n', 'e']]",ʃɔnd̪ʱane
শিক্ষার্থীকে,"[9, 4, 8, 24, 2, 1, 32, 4, 8, 5, 0, 0, 0, 0, 0, 0, 0, 0, 0, 0]","[['ʃ', 'i', 'k'], ['kʰ', 'a', 'r'], ['t̪ʰ', 'i'], ['k', 'e']]",ʃikkʰart̪ʰike
গবেষণায়,"[20, 7, 11, 5, 9, 3, 6, 42, 0, 0, 0, 0, 0, 0, 0, 0, 0, 0, 0, 0]","[['g', 'ɔ'], ['b', 'e'], ['ʃ', 'o'], ['n', 'ae̯']]",gɔbeʃonae̯
ইদানিং,"[4, 17, 2, 6, 4, 29, 0, 0, 0, 0, 0, 0, 0, 0, 0, 0, 0, 0, 0, 0]","[['i'], ['d̪', 'a'], ['n', 'i', 'ŋ']]",id̪aniŋ
চুপ,"[22, 14, 15, 0, 0, 0, 0, 0, 0, 0, 0, 0, 0, 0, 0, 0, 0, 0, 0, 0]","[['tʃ', 'u', 'p']]",tʃup
করবেনা,"[8, 3, 1, 11, 5, 6, 2, 0, 0, 0, 0, 0, 0, 0, 0, 0, 0, 0, 0, 0]","[['k', 'o', 'r'], ['b', 'e'], ['n', 'a']]",korbena
মিনারে,"[13, 4, 6, 2, 1, 5, 0, 0, 0, 0, 0, 0, 0, 0, 0, 0, 0, 0, 0, 0]","[['m', 'i'], ['n', 'a'], ['r', 'e']]",minare
উদযাপিত,"[14, 17, 18, 2, 15, 4, 10, 3, 0, 0, 0, 0, 0, 0, 0, 0, 0, 0, 0, 0]","[['u', 'd̪'], ['dʒ', 'a'], ['p', 'i'], ['t̪', 'o']]",ud̪dʒapit̪o
উদ্যোগী,"[14, 17, 17, 3, 20, 4, 0, 0, 0, 0, 0, 0, 0, 0, 0, 0, 0, 0, 0, 0]","[['u', 'd̪'], ['d̪', 'o'], ['g', 'i']]",ud̪d̪ogi
ফেরি,"[27, 5, 1, 4, 0, 0, 0, 0, 0, 0, 0, 0, 0, 0, 0, 0, 0, 0, 0, 0]","[['f', 'e'], ['r', 'i']]",feri
পুতিন,"[15, 14, 10, 4, 6, 0, 0, 0, 0, 0, 0, 0, 0, 0, 0, 0, 0, 0, 0, 0]","[['p', 'u'], ['t̪', 'i', 'n']]",put̪in
উন্মুক্ত,"[14, 6, 13, 14, 8, 10, 3, 0, 0, 0, 0, 0, 0, 0, 0, 0, 0, 0, 0, 0]","[['u', 'n'], ['m', 'u', 'k'], ['t̪', 'o']]",unmukt̪o
আঙুলের,"[2, 29, 14, 12, 5, 1, 0, 0, 0, 0, 0, 0, 0, 0, 0, 0, 0, 0, 0, 0]","[['a'], ['ŋ', 'u'], ['l', 'e', 'r']]",aŋuler
ল্যাবে,"[12, 28, 11, 5, 0, 0, 0, 0, 0, 0, 0, 0, 0, 0, 0, 0, 0, 0, 0, 0]","[['l', 'æ'], ['b', 'e']]",læbe
পরিসমাপ্তি,"[15, 3, 1, 4, 9, 7, 13, 2, 15, 10, 4, 0, 0, 0, 0, 0, 0, 0, 0, 0]","[['p', 'o'], ['r', 'i'], ['ʃ', 'ɔ'], ['m', 'a', 'p'], ['t̪', 'i']]",poriʃɔmapt̪i
ওয়াজেদ,"[3, 2, 18, 5, 17, 0, 0, 0, 0, 0, 0, 0, 0, 0, 0, 0, 0, 0, 0, 0]","[['o'], ['a'], ['dʒ', 'e', 'd̪']]",oadʒed̪
শহিদ,"[9, 3, 21, 4, 17, 0, 0, 0, 0, 0, 0, 0, 0, 0, 0, 0, 0, 0, 0, 0]","[['ʃ', 'o'], ['h', 'i', 'd̪']]",ʃohid̪
প্রার্থিতা,"[15, 1, 2, 1, 32, 4, 10, 2, 0, 0, 0, 0, 0, 0, 0, 0, 0, 0, 0, 0]","[['p', 'r', 'a', 'r'], ['t̪ʰ', 'i'], ['t̪', 'a']]",prart̪ʰit̪a
প্রাসাদের,"[15, 1, 2, 9, 2, 17, 5, 1, 0, 0, 0, 0, 0, 0, 0, 0, 0, 0, 0, 0]","[['p', 'r', 'a'], ['ʃ', 'a'], ['d̪', 'e', 'r']]",praʃad̪er
দেরি,"[17, 5, 1, 4, 0, 0, 0, 0, 0, 0, 0, 0, 0, 0, 0, 0, 0, 0, 0, 0]","[['d̪', 'e'], ['r', 'i']]",d̪eri
অক্সিজেন,"[7, 8, 19, 4, 18, 5, 6, 0, 0, 0, 0, 0, 0, 0, 0, 0, 0, 0, 0, 0]","[['ɔ', 'k'], ['s', 'i'], ['dʒ', 'e', 'n']]",ɔksidʒen
ফিলিপ,"[27, 4, 12, 4, 15, 0, 0, 0, 0, 0, 0, 0, 0, 0, 0, 0, 0, 0, 0, 0]","[['f', 'i'], ['l', 'i', 'p']]",filip
ইমরান,"[4, 13, 1, 2, 6, 0, 0, 0, 0, 0, 0, 0, 0, 0, 0, 0, 0, 0, 0, 0]","[['i', 'm'], ['r', 'a', 'n']]",imran
উদ্দেশ্যপ্রণোদিত,"[14, 17, 17, 5, 9, 9, 3, 15, 1, 3, 6, 3, 17, 4, 10, 3, 0, 0, 0, 0]","[['u', 'd̪'], ['d̪', 'e', 'ʃ'], ['ʃ', 'o'], ['p', 'r', 'o'], ['n', 'o'], ['d̪', 'i'], ['t̪', 'o']]",ud̪d̪eʃʃopronod̪it̪o
সৈন্যরা,"[9, 36, 6, 6, 3, 1, 2, 0, 0, 0, 0, 0, 0, 0, 0, 0, 0, 0, 0, 0]","[['ʃ', 'oi̯', 'n'], ['n', 'o'], ['r', 'a']]",ʃoi̯nnora
জব্বার,"[18, 7, 11, 11, 2, 1, 0, 0, 0, 0, 0, 0, 0, 0, 0, 0, 0, 0, 0, 0]","[['dʒ', 'ɔ', 'b'], ['b', 'a', 'r']]",dʒɔbbar
পরের,"[15, 7, 1, 5, 1, 0, 0, 0, 0, 0, 0, 0, 0, 0, 0, 0, 0, 0, 0, 0]","[['p', 'ɔ'], ['r', 'e', 'r']]",pɔrer
মুমিনুল,"[13, 14, 13, 4, 6, 14, 12, 0, 0, 0, 0, 0, 0, 0, 0, 0, 0, 0, 0, 0]","[['m', 'u'], ['m', 'i'], ['n', 'u', 'l']]",muminul
বাছাইপর্বের,"[11, 2, 31, 30, 15, 7, 1, 11, 5, 1, 0, 0, 0, 0, 0, 0, 0, 0, 0, 0]","[['b', 'a'], ['tʃʰ', 'ai̯'], ['p', 'ɔ', 'r'], ['b', 'e', 'r']]",batʃʰai̯pɔrber
চাইল,"[22, 30, 12, 3, 0, 0, 0, 0, 0, 0, 0, 0, 0, 0, 0, 0, 0, 0, 0, 0]","[['tʃ', 'ai̯'], ['l', 'o']]",tʃai̯lo
দিতেই,"[17, 4, 10, 33, 0, 0, 0, 0, 0, 0, 0, 0, 0, 0, 0, 0, 0, 0, 0, 0]","[['d̪', 'i'], ['t̪', 'ei̯']]",d̪it̪ei̯
করারও,"[8, 7, 1, 2, 1, 3, 0, 0, 0, 0, 0, 0, 0, 0, 0, 0, 0, 0, 0, 0]","[['k', 'ɔ'], ['r', 'a', 'r'], ['o']]",kɔraro
পাঠাতে,"[15, 2, 34, 2, 10, 5, 0, 0, 0, 0, 0, 0, 0, 0, 0, 0, 0, 0, 0, 0]","[['p', 'a'], ['ʈʰ', 'a'], ['t̪', 'e']]",paʈʰat̪e
অপরাধীরা,"[7, 15, 3, 1, 2, 25, 4, 1, 2, 0, 0, 0, 0, 0, 0, 0, 0, 0, 0, 0]","[['ɔ'], ['p', 'o'], ['r', 'a'], ['d̪ʱ', 'i'], ['r', 'a']]",ɔporad̪ʱira
দুশ্চিন্তা,"[17, 14, 9, 22, 4, 6, 10, 2, 0, 0, 0, 0, 0, 0, 0, 0, 0, 0, 0, 0]","[['d̪', 'u', 'ʃ'], ['tʃ', 'i', 'n'], ['t̪', 'a']]",d̪uʃtʃint̪a
সমীক্ষা,"[9, 3, 13, 4, 8, 24, 2, 0, 0, 0, 0, 0, 0, 0, 0, 0, 0, 0, 0, 0]","[['ʃ', 'o'], ['m', 'i', 'k'], ['kʰ', 'a']]",ʃomikkʰa
দিনাজপুর,"[17, 4, 6, 2, 18, 15, 14, 1, 0, 0, 0, 0, 0, 0, 0, 0, 0, 0, 0, 0]","[['d̪', 'i'], ['n', 'a', 'dʒ'], ['p', 'u', 'r']]",d̪inadʒpur
সভাপতিত্ব,"[9, 7, 23, 2, 15, 3, 10, 4, 10, 10, 3, 0, 0, 0, 0, 0, 0, 0, 0, 0]","[['ʃ', 'ɔ'], ['bʱ', 'a'], ['p', 'o'], ['t̪', 'i', 't̪'], ['t̪', 'o']]",ʃɔbʱapot̪it̪t̪o
হাসপাতালের,"[21, 2, 9, 15, 2, 10, 2, 12, 5, 1, 0, 0, 0, 0, 0, 0, 0, 0, 0, 0]","[['h', 'a', 'ʃ'], ['p', 'a'], ['t̪', 'a'], ['l', 'e', 'r']]",haʃpat̪aler
সন্তোষ,"[19, 7, 6, 10, 3, 9, 0, 0, 0, 0, 0, 0, 0, 0, 0, 0, 0, 0, 0, 0]","[['s', 'ɔ', 'n'], ['t̪', 'o', 'ʃ']]",sɔnt̪oʃ
কার্টার,"[8, 2, 1, 16, 2, 1, 0, 0, 0, 0, 0, 0, 0, 0, 0, 0, 0, 0, 0, 0]","[['k', 'a', 'r'], ['ʈ', 'a', 'r']]",karʈar
মনু,"[13, 3, 6, 14, 0, 0, 0, 0, 0, 0, 0, 0, 0, 0, 0, 0, 0, 0, 0, 0]","[['m', 'o'], ['n', 'u']]",monu
পত্রিকার,"[15, 3, 10, 1, 4, 8, 2, 1, 0, 0, 0, 0, 0, 0, 0, 0, 0, 0, 0, 0]","[['p', 'o', 't̪'], ['r', 'i'], ['k', 'a', 'r']]",pot̪rikar
বুকের,"[11, 14, 8, 5, 1, 0, 0, 0, 0, 0, 0, 0, 0, 0, 0, 0, 0, 0, 0, 0]","[['b', 'u'], ['k', 'e', 'r']]",buker
কর্মকর্তাদের,"[8, 7, 1, 13, 3, 8, 7, 1, 10, 2, 17, 5, 1, 0, 0, 0, 0, 0, 0, 0]","[['k', 'ɔ', 'r'], ['m', 'o'], ['k', 'ɔ', 'r'], ['t̪', 'a'], ['d̪', 'e', 'r']]",kɔrmokɔrt̪ad̪er
স্বার্থপর,"[9, 2, 1, 32, 3, 15, 7, 1, 0, 0, 0, 0, 0, 0, 0, 0, 0, 0, 0, 0]","[['ʃ', 'a', 'r'], ['t̪ʰ', 'o'], ['p', 'ɔ', 'r']]",ʃart̪ʰopɔr
নির্মাতা,"[6, 4, 1, 13, 2, 10, 2, 0, 0, 0, 0, 0, 0, 0, 0, 0, 0, 0, 0, 0]","[['n', 'i', 'r'], ['m', 'a'], ['t̪', 'a']]",nirmat̪a
নিমিত্তে,"[6, 4, 13, 4, 10, 10, 5, 0, 0, 0, 0, 0, 0, 0, 0, 0, 0, 0, 0, 0]","[['n', 'i'], ['m', 'i', 't̪'], ['t̪', 'e']]",nimit̪t̪e
পাঠের,"[15, 2, 34, 5, 1, 0, 0, 0, 0, 0, 0, 0, 0, 0, 0, 0, 0, 0, 0, 0]","[['p', 'a'], ['ʈʰ', 'e', 'r']]",paʈʰer
নিষেধাজ্ঞার,"[6, 4, 9, 5, 25, 2, 20, 20, 2, 1, 0, 0, 0, 0, 0, 0, 0, 0, 0, 0]","[['n', 'i'], ['ʃ', 'e'], ['d̪ʱ', 'a', 'g'], ['g', 'a', 'r']]",niʃed̪ʱaggar
কারারুদ্ধ,"[8, 2, 1, 2, 1, 14, 17, 25, 3, 0, 0, 0, 0, 0, 0, 0, 0, 0, 0, 0]","[['k', 'a'], ['r', 'a'], ['r', 'u', 'd̪'], ['d̪ʱ', 'o']]",kararud̪d̪ʱo
সমালোচনামূলক,"[9, 7, 13, 2, 12, 3, 22, 7, 6, 2, 13, 14, 12, 3, 8, 0, 0, 0, 0, 0]","[['ʃ', 'ɔ'], ['m', 'a'], ['l', 'o'], ['tʃ', 'ɔ'], ['n', 'a'], ['m', 'u'], ['l', 'o', 'k']]",ʃɔmalotʃɔnamulok
সুইমিং,"[19, 44, 13, 4, 29, 0, 0, 0, 0, 0, 0, 0, 0, 0, 0, 0, 0, 0, 0, 0]","[['s', 'ui̯'], ['m', 'i', 'ŋ']]",sui̯miŋ
পিসি,"[15, 4, 19, 4, 0, 0, 0, 0, 0, 0, 0, 0, 0, 0, 0, 0, 0, 0, 0, 0]","[['p', 'i'], ['s', 'i']]",pisi
উদ্যানের,"[14, 17, 17, 2, 6, 5, 1, 0, 0, 0, 0, 0, 0, 0, 0, 0, 0, 0, 0, 0]","[['u', 'd̪'], ['d̪', 'a'], ['n', 'e', 'r']]",ud̪d̪aner
বিদেশি,"[11, 4, 17, 5, 9, 4, 0, 0, 0, 0, 0, 0, 0, 0, 0, 0, 0, 0, 0, 0]","[['b', 'i'], ['d̪', 'e'], ['ʃ', 'i']]",bid̪eʃi
বসাতে,"[11, 7, 9, 2, 10, 5, 0, 0, 0, 0, 0, 0, 0, 0, 0, 0, 0, 0, 0, 0]","[['b', 'ɔ'], ['ʃ', 'a'], ['t̪', 'e']]",bɔʃat̪e
শুরুর,"[9, 14, 1, 14, 1, 0, 0, 0, 0, 0, 0, 0, 0, 0, 0, 0, 0, 0, 0, 0]","[['ʃ', 'u'], ['r', 'u', 'r']]",ʃurur
পৌঁছতে,"[15, 41, 31, 3, 10, 5, 0, 0, 0, 0, 0, 0, 0, 0, 0, 0, 0, 0, 0, 0]","[['p', 'ou̯'], ['tʃʰ', 'o'], ['t̪', 'e']]",pou̯tʃʰot̪e
সিনেমাতে,"[19, 4, 6, 5, 13, 2, 10, 5, 0, 0, 0, 0, 0, 0, 0, 0, 0, 0, 0, 0]","[['s', 'i'], ['n', 'e'], ['m', 'a'], ['t̪', 'e']]",sinemat̪e
হাহাকার,"[21, 2, 21, 2, 8, 2, 1, 0, 0, 0, 0, 0, 0, 0, 0, 0, 0, 0, 0, 0]","[['h', 'a'], ['h', 'a'], ['k', 'a', 'r']]",hahakar
ক্যাথরিন,"[8, 28, 32, 1, 4, 6, 0, 0, 0, 0, 0, 0, 0, 0, 0, 0, 0, 0, 0, 0]","[['k', 'æ', 't̪ʰ'], ['r', 'i', 'n']]",kæt̪ʰrin
অভিনব,"[3, 23, 4, 6, 7, 11, 3, 0, 0, 0, 0, 0, 0, 0, 0, 0, 0, 0, 0, 0]","[['o'], ['bʱ', 'i'], ['n', 'ɔ'], ['b', 'o']]",obʱinɔbo
পারেনি,"[15, 2, 1, 5, 6, 4, 0, 0, 0, 0, 0, 0, 0, 0, 0, 0, 0, 0, 0, 0]","[['p', 'a'], ['r', 'e'], ['n', 'i']]",pareni
জাদু,"[18, 2, 17, 14, 0, 0, 0, 0, 0, 0, 0, 0, 0, 0, 0, 0, 0, 0, 0, 0]","[['dʒ', 'a'], ['d̪', 'u']]",dʒad̪u
পশ্চিমা,"[15, 3, 9, 22, 4, 13, 2, 0, 0, 0, 0, 0, 0, 0, 0, 0, 0, 0, 0, 0]","[['p', 'o', 'ʃ'], ['tʃ', 'i'], ['m', 'a']]",poʃtʃima
আক্তারের,"[2, 8, 10, 2, 1, 5, 1, 0, 0, 0, 0, 0, 0, 0, 0, 0, 0, 0, 0, 0]","[['a', 'k'], ['t̪', 'a'], ['r', 'e', 'r']]",akt̪arer
স্মৃতিচারণ,"[19, 1, 4, 10, 4, 22, 2, 1, 3, 6, 0, 0, 0, 0, 0, 0, 0, 0, 0, 0]","[['s', 'r', 'i'], ['t̪', 'i'], ['tʃ', 'a'], ['r', 'o', 'n']]",srit̪itʃaron
সত্যিই,"[9, 3, 10, 10, 45, 0, 0, 0, 0, 0, 0, 0, 0, 0, 0, 0, 0, 0, 0, 0]","[['ʃ', 'o', 't̪'], ['t̪', 'ii̯']]",ʃot̪t̪ii̯
প্রতিকূল,"[15, 1, 3, 10, 4, 8, 14, 12, 0, 0, 0, 0, 0, 0, 0, 0, 0, 0, 0, 0]","[['p', 'r', 'o'], ['t̪', 'i'], ['k', 'u', 'l']]",prot̪ikul
নিষ্ক্রিয়,"[6, 4, 9, 8, 1, 4, 3, 0, 0, 0, 0, 0, 0, 0, 0, 0, 0, 0, 0, 0]","[['n', 'i', 'ʃ'], ['k', 'r', 'i'], ['o']]",niʃkrio
পিতার,"[15, 4, 10, 2, 1, 0, 0, 0, 0, 0, 0, 0, 0, 0, 0, 0, 0, 0, 0, 0]","[['p', 'i'], ['t̪', 'a', 'r']]",pit̪ar
খোঁজার,"[24, 3, 18, 2, 1, 0, 0, 0, 0, 0, 0, 0, 0, 0, 0, 0, 0, 0, 0, 0]","[['kʰ', 'o'], ['dʒ', 'a', 'r']]",kʰodʒar
পাবার,"[15, 2, 11, 2, 1, 0, 0, 0, 0, 0, 0, 0, 0, 0, 0, 0, 0, 0, 0, 0]","[['p', 'a'], ['b', 'a', 'r']]",pabar
আপা,"[2, 15, 2, 0, 0, 0, 0, 0, 0, 0, 0, 0, 0, 0, 0, 0, 0, 0, 0, 0]","[['a'], ['p', 'a']]",apa
নূরুল,"[6, 14, 1, 14, 12, 0, 0, 0, 0, 0, 0, 0, 0, 0, 0, 0, 0, 0, 0, 0]","[['n', 'u'], ['r', 'u', 'l']]",nurul
রক্ষী,"[1, 3, 8, 24, 4, 0, 0, 0, 0, 0, 0, 0, 0, 0, 0, 0, 0, 0, 0, 0]","[['r', 'o', 'k'], ['kʰ', 'i']]",rokkʰi
সংসার,"[9, 7, 29, 9, 2, 1, 0, 0, 0, 0, 0, 0, 0, 0, 0, 0, 0, 0, 0, 0]","[['ʃ', 'ɔ', 'ŋ'], ['ʃ', 'a', 'r']]",ʃɔŋʃar
ক্রিস,"[8, 1, 4, 19, 0, 0, 0, 0, 0, 0, 0, 0, 0, 0, 0, 0, 0, 0, 0, 0]","[['k', 'r', 'i', 's']]",kris
বোর্ডিং,"[11, 3, 1, 26, 4, 29, 0, 0, 0, 0, 0, 0, 0, 0, 0, 0, 0, 0, 0, 0]","[['b', 'o', 'r'], ['ɖ', 'i', 'ŋ']]",borɖiŋ
খেলবেন,"[24, 5, 12, 11, 5, 6, 0, 0, 0, 0, 0, 0, 0, 0, 0, 0, 0, 0, 0, 0]","[['kʰ', 'e', 'l'], ['b', 'e', 'n']]",kʰelben
অহংকার,"[7, 21, 7, 29, 8, 2, 1, 0, 0, 0, 0, 0, 0, 0, 0, 0, 0, 0, 0, 0]","[['ɔ'], ['h', 'ɔ', 'ŋ'], ['k', 'a', 'r']]",ɔhɔŋkar
লুট,"[12, 14, 16, 0, 0, 0, 0, 0, 0, 0, 0, 0, 0, 0, 0, 0, 0, 0, 0, 0]","[['l', 'u', 'ʈ']]",luʈ
অন্তিম,"[3, 6, 10, 4, 13, 0, 0, 0, 0, 0, 0, 0, 0, 0, 0, 0, 0, 0, 0, 0]","[['o', 'n'], ['t̪', 'i', 'm']]",ont̪im
রোজ,"[1, 3, 18, 0, 0, 0, 0, 0, 0, 0, 0, 0, 0, 0, 0, 0, 0, 0, 0, 0]","[['r', 'o', 'dʒ']]",rodʒ
মাদকদ্রব্য,"[13, 2, 17, 3, 8, 17, 1, 3, 11, 11, 3, 0, 0, 0, 0, 0, 0, 0, 0, 0]","[['m', 'a'], ['d̪', 'o', 'k'], ['d̪', 'r', 'o', 'b'], ['b', 'o']]",mad̪okd̪robbo
হত্যাকাণ্ডের,"[21, 3, 10, 10, 2, 8, 2, 6, 26, 5, 1, 0, 0, 0, 0, 0, 0, 0, 0, 0]","[['h', 'o', 't̪'], ['t̪', 'a'], ['k', 'a', 'n'], ['ɖ', 'e', 'r']]",hot̪t̪akanɖer
বন্ধের,"[11, 7, 6, 25, 5, 1, 0, 0, 0, 0, 0, 0, 0, 0, 0, 0, 0, 0, 0, 0]","[['b', 'ɔ', 'n'], ['d̪ʱ', 'e', 'r']]",bɔnd̪ʱer
ইন্টেল,"[4, 6, 16, 5, 12, 0, 0, 0, 0, 0, 0, 0, 0, 0, 0, 0, 0, 0, 0, 0]","[['i', 'n'], ['ʈ', 'e', 'l']]",inʈel
ফেনী,"[27, 5, 6, 4, 0, 0, 0, 0, 0, 0, 0, 0, 0, 0, 0, 0, 0, 0, 0, 0]","[['f', 'e'], ['n', 'i']]",feni
ফিরে,"[27, 4, 1, 5, 0, 0, 0, 0, 0, 0, 0, 0, 0, 0, 0, 0, 0, 0, 0, 0]","[['f', 'i'], ['r', 'e']]",fire
ভীতি,"[23, 4, 10, 4, 0, 0, 0, 0, 0, 0, 0, 0, 0, 0, 0, 0, 0, 0, 0, 0]","[['bʱ', 'i'], ['t̪', 'i']]",bʱit̪i
অনুরূপ,"[3, 6, 14, 1, 14, 15, 0, 0, 0, 0, 0, 0, 0, 0, 0, 0, 0, 0, 0, 0]","[['o'], ['n', 'u'], ['r', 'u', 'p']]",onurup
আবিষ্কারের,"[2, 11, 4, 9, 8, 2, 1, 5, 1, 0, 0, 0, 0, 0, 0, 0, 0, 0, 0, 0]","[['a'], ['b', 'i', 'ʃ'], ['k', 'a'], ['r', 'e', 'r']]",abiʃkarer
চরিত্র,"[22, 3, 1, 4, 10, 1, 3, 0, 0, 0, 0, 0, 0, 0, 0, 0, 0, 0, 0, 0]","[['tʃ', 'o'], ['r', 'i', 't̪'], ['r', 'o']]",tʃorit̪ro
অভিন্ন,"[7, 23, 4, 6, 6, 3, 0, 0, 0, 0, 0, 0, 0, 0, 0, 0, 0, 0, 0, 0]","[['ɔ'], ['bʱ', 'i', 'n'], ['n', 'o']]",ɔbʱinno
হাসিমুখে,"[21, 2, 9, 4, 13, 14, 24, 5, 0, 0, 0, 0, 0, 0, 0, 0, 0, 0, 0, 0]","[['h', 'a'], ['ʃ', 'i'], ['m', 'u'], ['kʰ', 'e']]",haʃimukʰe
খুলি,"[24, 14, 12, 4, 0, 0, 0, 0, 0, 0, 0, 0, 0, 0, 0, 0, 0, 0, 0, 0]","[['kʰ', 'u'], ['l', 'i']]",kʰuli
প্রত্যেকের,"[15, 1, 3, 10, 10, 5, 8, 5, 1, 0, 0, 0, 0, 0, 0, 0, 0, 0, 0, 0]","[['p', 'r', 'o', 't̪'], ['t̪', 'e'], ['k', 'e', 'r']]",prot̪t̪eker
প্রেসের,"[15, 1, 5, 19, 5, 1, 0, 0, 0, 0, 0, 0, 0, 0, 0, 0, 0, 0, 0, 0]","[['p', 'r', 'e'], ['s', 'e', 'r']]",preser
খুঁজছেন,"[24, 14, 18, 31, 5, 6, 0, 0, 0, 0, 0, 0, 0, 0, 0, 0, 0, 0, 0, 0]","[['kʰ', 'u', 'dʒ'], ['tʃʰ', 'e', 'n']]",kʰudʒtʃʰen
জামাতে,"[18, 2, 13, 2, 10, 5, 0, 0, 0, 0, 0, 0, 0, 0, 0, 0, 0, 0, 0, 0]","[['dʒ', 'a'], ['m', 'a'], ['t̪', 'e']]",dʒamat̪e
বারো,"[11, 2, 1, 3, 0, 0, 0, 0, 0, 0, 0, 0, 0, 0, 0, 0, 0, 0, 0, 0]","[['b', 'a'], ['r', 'o']]",baro
টান,"[16, 2, 6, 0, 0, 0, 0, 0, 0, 0, 0, 0, 0, 0, 0, 0, 0, 0, 0, 0]","[['ʈ', 'a', 'n']]",ʈan
কারুর,"[8, 2, 1, 14, 1, 0, 0, 0, 0, 0, 0, 0, 0, 0, 0, 0, 0, 0, 0, 0]","[['k', 'a'], ['r', 'u', 'r']]",karur
প্রাণী,"[15, 1, 2, 6, 4, 0, 0, 0, 0, 0, 0, 0, 0, 0, 0, 0, 0, 0, 0, 0]","[['p', 'r', 'a'], ['n', 'i']]",prani
ফেললো,"[27, 5, 12, 12, 3, 0, 0, 0, 0, 0, 0, 0, 0, 0, 0, 0, 0, 0, 0, 0]","[['f', 'e', 'l'], ['l', 'o']]",fello
অক্সফোর্ড,"[7, 8, 19, 27, 3, 1, 26, 0, 0, 0, 0, 0, 0, 0, 0, 0, 0, 0, 0, 0]","[['ɔ', 'k', 's'], ['f', 'o', 'r', 'ɖ']]",ɔksforɖ
শিমুল,"[9, 4, 13, 14, 12, 0, 0, 0, 0, 0, 0, 0, 0, 0, 0, 0, 0, 0, 0, 0]","[['ʃ', 'i'], ['m', 'u', 'l']]",ʃimul
আর্জি,"[2, 1, 18, 4, 0, 0, 0, 0, 0, 0, 0, 0, 0, 0, 0, 0, 0, 0, 0, 0]","[['a', 'r'], ['dʒ', 'i']]",ardʒi
সিলভার,"[19, 4, 12, 23, 2, 1, 0, 0, 0, 0, 0, 0, 0, 0, 0, 0, 0, 0, 0, 0]","[['s', 'i', 'l'], ['bʱ', 'a', 'r']]",silbʱar
আমীর,"[2, 13, 4, 1, 0, 0, 0, 0, 0, 0, 0, 0, 0, 0, 0, 0, 0, 0, 0, 0]","[['a'], ['m', 'i', 'r']]",amir
শুনছি,"[9, 14, 6, 31, 4, 0, 0, 0, 0, 0, 0, 0, 0, 0, 0, 0, 0, 0, 0, 0]","[['ʃ', 'u', 'n'], ['tʃʰ', 'i']]",ʃuntʃʰi
মজুমদারের,"[13, 3, 18, 14, 13, 17, 2, 1, 5, 1, 0, 0, 0, 0, 0, 0, 0, 0, 0, 0]","[['m', 'o'], ['dʒ', 'u', 'm'], ['d̪', 'a'], ['r', 'e', 'r']]",modʒumd̪arer
বার্সেলোনার,"[11, 2, 1, 19, 5, 12, 3, 6, 2, 1, 0, 0, 0, 0, 0, 0, 0, 0, 0, 0]","[['b', 'a', 'r'], ['s', 'e'], ['l', 'o'], ['n', 'a', 'r']]",barselonar
লিপ্ত,"[12, 4, 15, 10, 3, 0, 0, 0, 0, 0, 0, 0, 0, 0, 0, 0, 0, 0, 0, 0]","[['l', 'i', 'p'], ['t̪', 'o']]",lipt̪o
কৃতি,"[8, 1, 4, 10, 4, 0, 0, 0, 0, 0, 0, 0, 0, 0, 0, 0, 0, 0, 0, 0]","[['k', 'r', 'i'], ['t̪', 'i']]",krit̪i
বোনাস,"[11, 3, 6, 2, 19, 0, 0, 0, 0, 0, 0, 0, 0, 0, 0, 0, 0, 0, 0, 0]","[['b', 'o'], ['n', 'a', 's']]",bonas
অভিনয়,"[3, 23, 4, 6, 50, 0, 0, 0, 0, 0, 0, 0, 0, 0, 0, 0, 0, 0, 0, 0]","[['o'], ['bʱ', 'i'], ['n', 'oe̯']]",obʱinoe̯
নাকচ,"[6, 2, 8, 3, 22, 0, 0, 0, 0, 0, 0, 0, 0, 0, 0, 0, 0, 0, 0, 0]","[['n', 'a'], ['k', 'o', 'tʃ']]",nakotʃ
মিনিটের,"[13, 4, 6, 4, 16, 5, 1, 0, 0, 0, 0, 0, 0, 0, 0, 0, 0, 0, 0, 0]","[['m', 'i'], ['n', 'i'], ['ʈ', 'e', 'r']]",miniʈer
শীতে,"[9, 4, 10, 5, 0, 0, 0, 0, 0, 0, 0, 0, 0, 0, 0, 0, 0, 0, 0, 0]","[['ʃ', 'i'], ['t̪', 'e']]",ʃit̪e
পোল,"[15, 3, 12, 0, 0, 0, 0, 0, 0, 0, 0, 0, 0, 0, 0, 0, 0, 0, 0, 0]","[['p', 'o', 'l']]",pol
রিপাবলিকান,"[1, 4, 15, 2, 11, 12, 4, 8, 2, 6, 0, 0, 0, 0, 0, 0, 0, 0, 0, 0]","[['r', 'i'], ['p', 'a', 'b'], ['l', 'i'], ['k', 'a', 'n']]",ripablikan
সৈন্যদের,"[9, 36, 6, 6, 3, 17, 5, 1, 0, 0, 0, 0, 0, 0, 0, 0, 0, 0, 0, 0]","[['ʃ', 'oi̯', 'n'], ['n', 'o'], ['d̪', 'e', 'r']]",ʃoi̯nnod̪er
কন্ঠে,"[8, 7, 6, 34, 5, 0, 0, 0, 0, 0, 0, 0, 0, 0, 0, 0, 0, 0, 0, 0]","[['k', 'ɔ', 'n'], ['ʈʰ', 'e']]",kɔnʈʰe
পেন,"[15, 5, 6, 0, 0, 0, 0, 0, 0, 0, 0, 0, 0, 0, 0, 0, 0, 0, 0, 0]","[['p', 'e', 'n']]",pen
মন্তব্যে,"[13, 3, 6, 10, 3, 11, 11, 5, 0, 0, 0, 0, 0, 0, 0, 0, 0, 0, 0, 0]","[['m', 'o', 'n'], ['t̪', 'o', 'b'], ['b', 'e']]",mont̪obbe
মৃত্যুকে,"[13, 1, 4, 10, 10, 14, 8, 5, 0, 0, 0, 0, 0, 0, 0, 0, 0, 0, 0, 0]","[['m', 'r', 'i', 't̪'], ['t̪', 'u'], ['k', 'e']]",mrit̪t̪uke
সাধুবাদ,"[9, 2, 25, 14, 11, 2, 17, 0, 0, 0, 0, 0, 0, 0, 0, 0, 0, 0, 0, 0]","[['ʃ', 'a'], ['d̪ʱ', 'u'], ['b', 'a', 'd̪']]",ʃad̪ʱubad̪
কিবোর্ড,"[8, 4, 11, 3, 1, 26, 0, 0, 0, 0, 0, 0, 0, 0, 0, 0, 0, 0, 0, 0]","[['k', 'i'], ['b', 'o', 'r', 'ɖ']]",kiborɖ
ব্রাজিলকে,"[11, 1, 2, 18, 4, 12, 8, 5, 0, 0, 0, 0, 0, 0, 0, 0, 0, 0, 0, 0]","[['b', 'r', 'a'], ['dʒ', 'i', 'l'], ['k', 'e']]",bradʒilke
পাত্রী,"[15, 2, 10, 1, 4, 0, 0, 0, 0, 0, 0, 0, 0, 0, 0, 0, 0, 0, 0, 0]","[['p', 'a', 't̪'], ['r', 'i']]",pat̪ri
সেন্টারের,"[19, 5, 6, 16, 2, 1, 5, 1, 0, 0, 0, 0, 0, 0, 0, 0, 0, 0, 0, 0]","[['s', 'e', 'n'], ['ʈ', 'a'], ['r', 'e', 'r']]",senʈarer
কার্ডে,"[8, 2, 1, 26, 5, 0, 0, 0, 0, 0, 0, 0, 0, 0, 0, 0, 0, 0, 0, 0]","[['k', 'a', 'r'], ['ɖ', 'e']]",karɖe
নিশ্চিতভাবে,"[6, 4, 9, 22, 4, 10, 3, 23, 2, 11, 5, 0, 0, 0, 0, 0, 0, 0, 0, 0]","[['n', 'i', 'ʃ'], ['tʃ', 'i'], ['t̪', 'o'], ['bʱ', 'a'], ['b', 'e']]",niʃtʃit̪obʱabe
চাদ,"[22, 2, 17, 0, 0, 0, 0, 0, 0, 0, 0, 0, 0, 0, 0, 0, 0, 0, 0, 0]","[['tʃ', 'a', 'd̪']]",tʃad̪
পোল্যান্ড,"[15, 3, 12, 28, 6, 26, 0, 0, 0, 0, 0, 0, 0, 0, 0, 0, 0, 0, 0, 0]","[['p', 'o'], ['l', 'æ', 'n', 'ɖ']]",polænɖ
সারাংশ,"[9, 2, 1, 2, 29, 9, 3, 0, 0, 0, 0, 0, 0, 0, 0, 0, 0, 0, 0, 0]","[['ʃ', 'a'], ['r', 'a', 'ŋ'], ['ʃ', 'o']]",ʃaraŋʃo
সমাহার,"[9, 7, 13, 2, 21, 2, 1, 0, 0, 0, 0, 0, 0, 0, 0, 0, 0, 0, 0, 0]","[['ʃ', 'ɔ'], ['m', 'a'], ['h', 'a', 'r']]",ʃɔmahar
সাক্ষাতের,"[9, 2, 8, 24, 2, 10, 5, 1, 0, 0, 0, 0, 0, 0, 0, 0, 0, 0, 0, 0]","[['ʃ', 'a', 'k'], ['kʰ', 'a'], ['t̪', 'e', 'r']]",ʃakkʰat̪er
ঘাম,"[35, 2, 13, 0, 0, 0, 0, 0, 0, 0, 0, 0, 0, 0, 0, 0, 0, 0, 0, 0]","[['gʱ', 'a', 'm']]",gʱam
শাস্ত্রী,"[9, 2, 19, 10, 1, 4, 0, 0, 0, 0, 0, 0, 0, 0, 0, 0, 0, 0, 0, 0]","[['ʃ', 'a', 's'], ['t̪', 'r', 'i']]",ʃast̪ri
রাজাকে,"[1, 2, 18, 2, 8, 5, 0, 0, 0, 0, 0, 0, 0, 0, 0, 0, 0, 0, 0, 0]","[['r', 'a'], ['dʒ', 'a'], ['k', 'e']]",radʒake
জগন্নাথপুর,"[18, 7, 20, 3, 6, 6, 2, 32, 15, 14, 1, 0, 0, 0, 0, 0, 0, 0, 0, 0]","[['dʒ', 'ɔ'], ['g', 'o', 'n'], ['n', 'a', 't̪ʰ'], ['p', 'u', 'r']]",dʒɔgonnat̪ʰpur
সামাদ,"[19, 2, 13, 2, 17, 0, 0, 0, 0, 0, 0, 0, 0, 0, 0, 0, 0, 0, 0, 0]","[['s', 'a'], ['m', 'a', 'd̪']]",samad̪
প্রতীকী,"[15, 1, 3, 10, 4, 8, 4, 0, 0, 0, 0, 0, 0, 0, 0, 0, 0, 0, 0, 0]","[['p', 'r', 'o'], ['t̪', 'i'], ['k', 'i']]",prot̪iki
জানুন,"[18, 2, 6, 14, 6, 0, 0, 0, 0, 0, 0, 0, 0, 0, 0, 0, 0, 0, 0, 0]","[['dʒ', 'a'], ['n', 'u', 'n']]",dʒanun
মরক্কো,"[13, 7, 1, 3, 8, 8, 3, 0, 0, 0, 0, 0, 0, 0, 0, 0, 0, 0, 0, 0]","[['m', 'ɔ'], ['r', 'o', 'k'], ['k', 'o']]",mɔrokko
অংশগ্রহণকারী,"[7, 29, 9, 3, 20, 1, 3, 21, 3, 6, 8, 2, 1, 4, 0, 0, 0, 0, 0, 0]","[['ɔ', 'ŋ'], ['ʃ', 'o'], ['g', 'r', 'o'], ['h', 'o', 'n'], ['k', 'a'], ['r', 'i']]",ɔŋʃogrohonkari
রক্ষার্থে,"[1, 7, 8, 24, 2, 1, 32, 5, 0, 0, 0, 0, 0, 0, 0, 0, 0, 0, 0, 0]","[['r', 'ɔ', 'k'], ['kʰ', 'a', 'r'], ['t̪ʰ', 'e']]",rɔkkʰart̪ʰe
ভাবা,"[23, 2, 11, 2, 0, 0, 0, 0, 0, 0, 0, 0, 0, 0, 0, 0, 0, 0, 0, 0]","[['bʱ', 'a'], ['b', 'a']]",bʱaba
অন্যের,"[3, 6, 6, 5, 1, 0, 0, 0, 0, 0, 0, 0, 0, 0, 0, 0, 0, 0, 0, 0]","[['o', 'n'], ['n', 'e', 'r']]",onner
নিশ্চিহ্ন,"[6, 4, 9, 22, 4, 6, 21, 3, 0, 0, 0, 0, 0, 0, 0, 0, 0, 0, 0, 0]","[['n', 'i', 'ʃ'], ['tʃ', 'i', 'n'], ['h', 'o']]",niʃtʃinho
স্বরাষ্ট্রমন্ত্রীর,"[9, 7, 1, 2, 9, 16, 1, 3, 13, 3, 6, 10, 1, 4, 1, 0, 0, 0, 0, 0]","[['ʃ', 'ɔ'], ['r', 'a', 'ʃ'], ['ʈ', 'r', 'o'], ['m', 'o', 'n'], ['t̪', 'r', 'i', 'r']]",ʃɔraʃʈromont̪rir
পুনর্গঠন,"[15, 14, 6, 3, 1, 20, 7, 34, 3, 6, 0, 0, 0, 0, 0, 0, 0, 0, 0, 0]","[['p', 'u'], ['n', 'o', 'r'], ['g', 'ɔ'], ['ʈʰ', 'o', 'n']]",punorgɔʈʰon
আলীর,"[2, 12, 4, 1, 0, 0, 0, 0, 0, 0, 0, 0, 0, 0, 0, 0, 0, 0, 0, 0]","[['a'], ['l', 'i', 'r']]",alir
উল্টে,"[14, 12, 16, 5, 0, 0, 0, 0, 0, 0, 0, 0, 0, 0, 0, 0, 0, 0, 0, 0]","[['u', 'l'], ['ʈ', 'e']]",ulʈe
দেশী,"[17, 5, 9, 4, 0, 0, 0, 0, 0, 0, 0, 0, 0, 0, 0, 0, 0, 0, 0, 0]","[['d̪', 'e'], ['ʃ', 'i']]",d̪eʃi
মার্চের,"[13, 2, 1, 22, 5, 1, 0, 0, 0, 0, 0, 0, 0, 0, 0, 0, 0, 0, 0, 0]","[['m', 'a', 'r'], ['tʃ', 'e', 'r']]",martʃer
সাজাতে,"[9, 2, 18, 2, 10, 5, 0, 0, 0, 0, 0, 0, 0, 0, 0, 0, 0, 0, 0, 0]","[['ʃ', 'a'], ['dʒ', 'a'], ['t̪', 'e']]",ʃadʒat̪e
সামান্যতম,"[9, 2, 13, 2, 6, 6, 3, 10, 7, 13, 3, 0, 0, 0, 0, 0, 0, 0, 0, 0]","[['ʃ', 'a'], ['m', 'a', 'n'], ['n', 'o'], ['t̪', 'ɔ'], ['m', 'o']]",ʃamannot̪ɔmo
কিলার,"[8, 4, 12, 2, 1, 0, 0, 0, 0, 0, 0, 0, 0, 0, 0, 0, 0, 0, 0, 0]","[['k', 'i'], ['l', 'a', 'r']]",kilar
সবুজ,"[19, 3, 11, 14, 18, 0, 0, 0, 0, 0, 0, 0, 0, 0, 0, 0, 0, 0, 0, 0]","[['s', 'o'], ['b', 'u', 'dʒ']]",sobudʒ
ব্যাডমিন্টন,"[11, 28, 26, 13, 4, 6, 16, 7, 6, 0, 0, 0, 0, 0, 0, 0, 0, 0, 0, 0]","[['b', 'æ', 'ɖ'], ['m', 'i', 'n'], ['ʈ', 'ɔ', 'n']]",bæɖminʈɔn
প্রফেশনাল,"[15, 1, 3, 27, 5, 9, 3, 6, 2, 12, 0, 0, 0, 0, 0, 0, 0, 0, 0, 0]","[['p', 'r', 'o'], ['f', 'e'], ['ʃ', 'o'], ['n', 'a', 'l']]",profeʃonal
ভগবানের,"[23, 7, 20, 3, 11, 2, 6, 5, 1, 0, 0, 0, 0, 0, 0, 0, 0, 0, 0, 0]","[['bʱ', 'ɔ'], ['g', 'o'], ['b', 'a'], ['n', 'e', 'r']]",bʱɔgobaner
শিকারের,"[9, 4, 8, 2, 1, 5, 1, 0, 0, 0, 0, 0, 0, 0, 0, 0, 0, 0, 0, 0]","[['ʃ', 'i'], ['k', 'a'], ['r', 'e', 'r']]",ʃikarer
অংশগ্রহণের,"[7, 29, 9, 3, 20, 1, 3, 21, 3, 6, 5, 1, 0, 0, 0, 0, 0, 0, 0, 0]","[['ɔ', 'ŋ'], ['ʃ', 'o'], ['g', 'r', 'o'], ['h', 'o'], ['n', 'e', 'r']]",ɔŋʃogrohoner
স্প্যানিশ,"[19, 15, 28, 6, 4, 9, 0, 0, 0, 0, 0, 0, 0, 0, 0, 0, 0, 0, 0, 0]","[['s', 'p', 'æ'], ['n', 'i', 'ʃ']]",spæniʃ
মার্কিন,"[13, 2, 1, 8, 4, 6, 0, 0, 0, 0, 0, 0, 0, 0, 0, 0, 0, 0, 0, 0]","[['m', 'a', 'r'], ['k', 'i', 'n']]",markin
দামি,"[17, 2, 13, 4, 0, 0, 0, 0, 0, 0, 0, 0, 0, 0, 0, 0, 0, 0, 0, 0]","[['d̪', 'a'], ['m', 'i']]",d̪ami
সাকিবের,"[19, 2, 8, 4, 11, 5, 1, 0, 0, 0, 0, 0, 0, 0, 0, 0, 0, 0, 0, 0]","[['s', 'a'], ['k', 'i'], ['b', 'e', 'r']]",sakiber
ইচ্ছাকৃতভাবে,"[4, 22, 31, 2, 8, 1, 4, 10, 3, 23, 2, 11, 5, 0, 0, 0, 0, 0, 0, 0]","[['i', 'tʃ'], ['tʃʰ', 'a'], ['k', 'r', 'i'], ['t̪', 'o'], ['bʱ', 'a'], ['b', 'e']]",itʃtʃʰakrit̪obʱabe
কর্মকাণ্ডের,"[8, 7, 1, 13, 3, 8, 2, 6, 26, 5, 1, 0, 0, 0, 0, 0, 0, 0, 0, 0]","[['k', 'ɔ', 'r'], ['m', 'o'], ['k', 'a', 'n'], ['ɖ', 'e', 'r']]",kɔrmokanɖer
নাসা,"[6, 2, 19, 2, 0, 0, 0, 0, 0, 0, 0, 0, 0, 0, 0, 0, 0, 0, 0, 0]","[['n', 'a'], ['s', 'a']]",nasa
ভালোবাসো,"[23, 2, 12, 3, 11, 2, 9, 3, 0, 0, 0, 0, 0, 0, 0, 0, 0, 0, 0, 0]","[['bʱ', 'a'], ['l', 'o'], ['b', 'a'], ['ʃ', 'o']]",bʱalobaʃo
ঝুঁকিপূর্ণ,"[39, 14, 8, 4, 15, 14, 1, 6, 3, 0, 0, 0, 0, 0, 0, 0, 0, 0, 0, 0]","[['dʒʱ', 'u'], ['k', 'i'], ['p', 'u', 'r'], ['n', 'o']]",dʒʱukipurno
ফোর্ট,"[27, 3, 1, 16, 0, 0, 0, 0, 0, 0, 0, 0, 0, 0, 0, 0, 0, 0, 0, 0]","[['f', 'o', 'r', 'ʈ']]",forʈ
রাখুন,"[1, 2, 24, 14, 6, 0, 0, 0, 0, 0, 0, 0, 0, 0, 0, 0, 0, 0, 0, 0]","[['r', 'a'], ['kʰ', 'u', 'n']]",rakʰun
পরিবর্তে,"[15, 3, 1, 4, 11, 7, 1, 10, 5, 0, 0, 0, 0, 0, 0, 0, 0, 0, 0, 0]","[['p', 'o'], ['r', 'i'], ['b', 'ɔ', 'r'], ['t̪', 'e']]",poribɔrt̪e
ফ্রান্সিসকো,"[27, 1, 2, 6, 19, 4, 19, 8, 3, 0, 0, 0, 0, 0, 0, 0, 0, 0, 0, 0]","[['f', 'r', 'a', 'n'], ['s', 'i', 's'], ['k', 'o']]",fransisko
বিতর্কিত,"[11, 4, 10, 3, 1, 8, 4, 10, 3, 0, 0, 0, 0, 0, 0, 0, 0, 0, 0, 0]","[['b', 'i'], ['t̪', 'o', 'r'], ['k', 'i'], ['t̪', 'o']]",bit̪orkit̪o
নানাবিধ,"[6, 2, 6, 2, 11, 4, 25, 0, 0, 0, 0, 0, 0, 0, 0, 0, 0, 0, 0, 0]","[['n', 'a'], ['n', 'a'], ['b', 'i', 'd̪ʱ']]",nanabid̪ʱ
ট্রিপল,"[16, 1, 4, 15, 3, 12, 0, 0, 0, 0, 0, 0, 0, 0, 0, 0, 0, 0, 0, 0]","[['ʈ', 'r', 'i'], ['p', 'o', 'l']]",ʈripol
স্নাতক,"[19, 6, 2, 10, 3, 8, 0, 0, 0, 0, 0, 0, 0, 0, 0, 0, 0, 0, 0, 0]","[['s', 'n', 'a'], ['t̪', 'o', 'k']]",snat̪ok
ডাকাতির,"[26, 2, 8, 2, 10, 4, 1, 0, 0, 0, 0, 0, 0, 0, 0, 0, 0, 0, 0, 0]","[['ɖ', 'a'], ['k', 'a'], ['t̪', 'i', 'r']]",ɖakat̪ir
পোলিশ,"[15, 3, 12, 4, 9, 0, 0, 0, 0, 0, 0, 0, 0, 0, 0, 0, 0, 0, 0, 0]","[['p', 'o'], ['l', 'i', 'ʃ']]",poliʃ
সিনেমাটি,"[19, 4, 6, 5, 13, 2, 16, 4, 0, 0, 0, 0, 0, 0, 0, 0, 0, 0, 0, 0]","[['s', 'i'], ['n', 'e'], ['m', 'a'], ['ʈ', 'i']]",sinemaʈi
স্টাইলে,"[19, 16, 30, 12, 5, 0, 0, 0, 0, 0, 0, 0, 0, 0, 0, 0, 0, 0, 0, 0]","[['s', 'ʈ', 'ai̯'], ['l', 'e']]",sʈai̯le
বাচ্চু,"[11, 2, 22, 22, 14, 0, 0, 0, 0, 0, 0, 0, 0, 0, 0, 0, 0, 0, 0, 0]","[['b', 'a', 'tʃ'], ['tʃ', 'u']]",batʃtʃu
প্রস্তাব,"[15, 1, 3, 19, 10, 2, 11, 0, 0, 0, 0, 0, 0, 0, 0, 0, 0, 0, 0, 0]","[['p', 'r', 'o', 's'], ['t̪', 'a', 'b']]",prost̪ab
মাদকের,"[13, 2, 17, 3, 8, 5, 1, 0, 0, 0, 0, 0, 0, 0, 0, 0, 0, 0, 0, 0]","[['m', 'a'], ['d̪', 'o'], ['k', 'e', 'r']]",mad̪oker
ডাকাতি,"[26, 2, 8, 2, 10, 4, 0, 0, 0, 0, 0, 0, 0, 0, 0, 0, 0, 0, 0, 0]","[['ɖ', 'a'], ['k', 'a'], ['t̪', 'i']]",ɖakat̪i
গণেশ,"[20, 7, 6, 5, 9, 0, 0, 0, 0, 0, 0, 0, 0, 0, 0, 0, 0, 0, 0, 0]","[['g', 'ɔ'], ['n', 'e', 'ʃ']]",gɔneʃ
এজেন্সির,"[5, 18, 5, 6, 19, 4, 1, 0, 0, 0, 0, 0, 0, 0, 0, 0, 0, 0, 0, 0]","[['e'], ['dʒ', 'e', 'n'], ['s', 'i', 'r']]",edʒensir
রাসেলের,"[1, 2, 19, 5, 12, 5, 1, 0, 0, 0, 0, 0, 0, 0, 0, 0, 0, 0, 0, 0]","[['r', 'a'], ['s', 'e'], ['l', 'e', 'r']]",raseler
তারুণ্যের,"[10, 2, 1, 14, 6, 6, 5, 1, 0, 0, 0, 0, 0, 0, 0, 0, 0, 0, 0, 0]","[['t̪', 'a'], ['r', 'u', 'n'], ['n', 'e', 'r']]",t̪arunner
ট্রাইব্যুনালে,"[16, 1, 30, 11, 14, 6, 2, 12, 5, 0, 0, 0, 0, 0, 0, 0, 0, 0, 0, 0]","[['ʈ', 'r', 'ai̯'], ['b', 'u'], ['n', 'a'], ['l', 'e']]",ʈrai̯bunale
প্রশংসার,"[15, 1, 3, 9, 3, 29, 9, 2, 1, 0, 0, 0, 0, 0, 0, 0, 0, 0, 0, 0]","[['p', 'r', 'o'], ['ʃ', 'o', 'ŋ'], ['ʃ', 'a', 'r']]",proʃoŋʃar
আঁকা,"[2, 8, 2, 0, 0, 0, 0, 0, 0, 0, 0, 0, 0, 0, 0, 0, 0, 0, 0, 0]","[['a'], ['k', 'a']]",aka
ঝাল,"[39, 2, 12, 0, 0, 0, 0, 0, 0, 0, 0, 0, 0, 0, 0, 0, 0, 0, 0, 0]","[['dʒʱ', 'a', 'l']]",dʒʱal
সন্ত্রাসীরা,"[9, 7, 6, 10, 1, 2, 9, 4, 1, 2, 0, 0, 0, 0, 0, 0, 0, 0, 0, 0]","[['ʃ', 'ɔ', 'n'], ['t̪', 'r', 'a'], ['ʃ', 'i'], ['r', 'a']]",ʃɔnt̪raʃira
সন্ধি,"[9, 3, 6, 25, 4, 0, 0, 0, 0, 0, 0, 0, 0, 0, 0, 0, 0, 0, 0, 0]","[['ʃ', 'o', 'n'], ['d̪ʱ', 'i']]",ʃond̪ʱi
পাত্রের,"[15, 2, 10, 1, 5, 1, 0, 0, 0, 0, 0, 0, 0, 0, 0, 0, 0, 0, 0, 0]","[['p', 'a', 't̪'], ['r', 'e', 'r']]",pat̪rer
অংশবিশেষ,"[7, 29, 9, 3, 11, 4, 9, 5, 9, 0, 0, 0, 0, 0, 0, 0, 0, 0, 0, 0]","[['ɔ', 'ŋ'], ['ʃ', 'o'], ['b', 'i'], ['ʃ', 'e', 'ʃ']]",ɔŋʃobiʃeʃ
রেফারি,"[1, 5, 27, 2, 1, 4, 0, 0, 0, 0, 0, 0, 0, 0, 0, 0, 0, 0, 0, 0]","[['r', 'e'], ['f', 'a'], ['r', 'i']]",refari
কর্তৃপক্ষকে,"[8, 3, 1, 10, 1, 4, 15, 7, 8, 24, 3, 8, 5, 0, 0, 0, 0, 0, 0, 0]","[['k', 'o', 'r'], ['t̪', 'r', 'i'], ['p', 'ɔ', 'k'], ['kʰ', 'o'], ['k', 'e']]",kort̪ripɔkkʰoke
কামান,"[8, 2, 13, 2, 6, 0, 0, 0, 0, 0, 0, 0, 0, 0, 0, 0, 0, 0, 0, 0]","[['k', 'a'], ['m', 'a', 'n']]",kaman
সমালোচকদের,"[9, 7, 13, 2, 12, 3, 22, 3, 8, 17, 5, 1, 0, 0, 0, 0, 0, 0, 0, 0]","[['ʃ', 'ɔ'], ['m', 'a'], ['l', 'o'], ['tʃ', 'o', 'k'], ['d̪', 'e', 'r']]",ʃɔmalotʃokd̪er
দেশবাসীকে,"[17, 5, 9, 11, 2, 9, 4, 8, 5, 0, 0, 0, 0, 0, 0, 0, 0, 0, 0, 0]","[['d̪', 'e', 'ʃ'], ['b', 'a'], ['ʃ', 'i'], ['k', 'e']]",d̪eʃbaʃike
রানী,"[1, 2, 6, 4, 0, 0, 0, 0, 0, 0, 0, 0, 0, 0, 0, 0, 0, 0, 0, 0]","[['r', 'a'], ['n', 'i']]",rani
নাটোরের,"[6, 2, 16, 3, 1, 5, 1, 0, 0, 0, 0, 0, 0, 0, 0, 0, 0, 0, 0, 0]","[['n', 'a'], ['ʈ', 'o'], ['r', 'e', 'r']]",naʈorer
বহুমাত্রিক,"[11, 3, 21, 14, 13, 2, 10, 1, 4, 8, 0, 0, 0, 0, 0, 0, 0, 0, 0, 0]","[['b', 'o'], ['h', 'u'], ['m', 'a', 't̪'], ['r', 'i', 'k']]",bohumat̪rik
খোদ,"[24, 3, 17, 0, 0, 0, 0, 0, 0, 0, 0, 0, 0, 0, 0, 0, 0, 0, 0, 0]","[['kʰ', 'o', 'd̪']]",kʰod̪
তখনো,"[10, 7, 24, 3, 6, 3, 0, 0, 0, 0, 0, 0, 0, 0, 0, 0, 0, 0, 0, 0]","[['t̪', 'ɔ'], ['kʰ', 'o'], ['n', 'o']]",t̪ɔkʰono
সুস্থ্য,"[9, 14, 9, 32, 3, 0, 0, 0, 0, 0, 0, 0, 0, 0, 0, 0, 0, 0, 0, 0]","[['ʃ', 'u', 'ʃ'], ['t̪ʰ', 'o']]",ʃuʃt̪ʰo
আপত্তিকর,"[2, 15, 3, 10, 10, 4, 8, 7, 1, 0, 0, 0, 0, 0, 0, 0, 0, 0, 0, 0]","[['a'], ['p', 'o', 't̪'], ['t̪', 'i'], ['k', 'ɔ', 'r']]",apot̪t̪ikɔr
চাবুক,"[22, 2, 11, 14, 8, 0, 0, 0, 0, 0, 0, 0, 0, 0, 0, 0, 0, 0, 0, 0]","[['tʃ', 'a'], ['b', 'u', 'k']]",tʃabuk
গুনাহ,"[20, 14, 6, 2, 21, 0, 0, 0, 0, 0, 0, 0, 0, 0, 0, 0, 0, 0, 0, 0]","[['g', 'u'], ['n', 'a', 'h']]",gunah
জিনের,"[18, 4, 6, 5, 1, 0, 0, 0, 0, 0, 0, 0, 0, 0, 0, 0, 0, 0, 0, 0]","[['dʒ', 'i'], ['n', 'e', 'r']]",dʒiner
দুর্ভাগ্যবশত,"[17, 14, 1, 23, 2, 20, 20, 3, 11, 7, 9, 3, 10, 3, 0, 0, 0, 0, 0, 0]","[['d̪', 'u', 'r'], ['bʱ', 'a', 'g'], ['g', 'o'], ['b', 'ɔ'], ['ʃ', 'o'], ['t̪', 'o']]",d̪urbʱaggobɔʃot̪o
নিলেন,"[6, 4, 12, 5, 6, 0, 0, 0, 0, 0, 0, 0, 0, 0, 0, 0, 0, 0, 0, 0]","[['n', 'i'], ['l', 'e', 'n']]",nilen
বাগদাদ,"[11, 2, 20, 17, 2, 17, 0, 0, 0, 0, 0, 0, 0, 0, 0, 0, 0, 0, 0, 0]","[['b', 'a', 'g'], ['d̪', 'a', 'd̪']]",bagd̪ad̪
জেমস,"[18, 5, 13, 19, 0, 0, 0, 0, 0, 0, 0, 0, 0, 0, 0, 0, 0, 0, 0, 0]","[['dʒ', 'e', 'm', 's']]",dʒems
অনুপস্থিত,"[7, 6, 14, 15, 3, 19, 32, 4, 10, 0, 0, 0, 0, 0, 0, 0, 0, 0, 0, 0]","[['ɔ'], ['n', 'u'], ['p', 'o', 's'], ['t̪ʰ', 'i', 't̪']]",ɔnupost̪ʰit̪
অনুসন্ধানী,"[3, 6, 14, 9, 7, 6, 25, 2, 6, 4, 0, 0, 0, 0, 0, 0, 0, 0, 0, 0]","[['o'], ['n', 'u'], ['ʃ', 'ɔ', 'n'], ['d̪ʱ', 'a'], ['n', 'i']]",onuʃɔnd̪ʱani
সম্মুখে,"[9, 3, 13, 13, 14, 24, 5, 0, 0, 0, 0, 0, 0, 0, 0, 0, 0, 0, 0, 0]","[['ʃ', 'o', 'm'], ['m', 'u'], ['kʰ', 'e']]",ʃommukʰe
চ্যালেঞ্জ,"[22, 28, 12, 5, 6, 18, 0, 0, 0, 0, 0, 0, 0, 0, 0, 0, 0, 0, 0, 0]","[['tʃ', 'æ'], ['l', 'e', 'n', 'dʒ']]",tʃælendʒ
বিস্তৃত,"[11, 4, 19, 10, 1, 4, 10, 3, 0, 0, 0, 0, 0, 0, 0, 0, 0, 0, 0, 0]","[['b', 'i', 's'], ['t̪', 'r', 'i'], ['t̪', 'o']]",bist̪rit̪o
চলুন,"[22, 3, 12, 14, 6, 0, 0, 0, 0, 0, 0, 0, 0, 0, 0, 0, 0, 0, 0, 0]","[['tʃ', 'o'], ['l', 'u', 'n']]",tʃolun
ককটেল,"[8, 7, 8, 16, 5, 12, 0, 0, 0, 0, 0, 0, 0, 0, 0, 0, 0, 0, 0, 0]","[['k', 'ɔ', 'k'], ['ʈ', 'e', 'l']]",kɔkʈel
সেমিনার,"[19, 5, 13, 4, 6, 2, 1, 0, 0, 0, 0, 0, 0, 0, 0, 0, 0, 0, 0, 0]","[['s', 'e'], ['m', 'i'], ['n', 'a', 'r']]",seminar
সুধী,"[9, 14, 25, 4, 0, 0, 0, 0, 0, 0, 0, 0, 0, 0, 0, 0, 0, 0, 0, 0]","[['ʃ', 'u'], ['d̪ʱ', 'i']]",ʃud̪ʱi
সৃষ্টি,"[19, 1, 4, 9, 16, 4, 0, 0, 0, 0, 0, 0, 0, 0, 0, 0, 0, 0, 0, 0]","[['s', 'r', 'i', 'ʃ'], ['ʈ', 'i']]",sriʃʈi
আমিরের,"[2, 13, 4, 1, 5, 1, 0, 0, 0, 0, 0, 0, 0, 0, 0, 0, 0, 0, 0, 0]","[['a'], ['m', 'i'], ['r', 'e', 'r']]",amirer
স্বনির্ভর,"[9, 7, 6, 4, 1, 23, 7, 1, 0, 0, 0, 0, 0, 0, 0, 0, 0, 0, 0, 0]","[['ʃ', 'ɔ'], ['n', 'i', 'r'], ['bʱ', 'ɔ', 'r']]",ʃɔnirbʱɔr
যমুনার,"[18, 3, 13, 14, 6, 2, 1, 0, 0, 0, 0, 0, 0, 0, 0, 0, 0, 0, 0, 0]","[['dʒ', 'o'], ['m', 'u'], ['n', 'a', 'r']]",dʒomunar
পারেনা,"[15, 2, 1, 5, 6, 2, 0, 0, 0, 0, 0, 0, 0, 0, 0, 0, 0, 0, 0, 0]","[['p', 'a'], ['r', 'e'], ['n', 'a']]",parena
প্লেন,"[15, 12, 5, 6, 0, 0, 0, 0, 0, 0, 0, 0, 0, 0, 0, 0, 0, 0, 0, 0]","[['p', 'l', 'e', 'n']]",plen
সূক্ষ্ম,"[9, 14, 8, 24, 3, 0, 0, 0, 0, 0, 0, 0, 0, 0, 0, 0, 0, 0, 0, 0]","[['ʃ', 'u', 'k'], ['kʰ', 'o']]",ʃukkʰo
হস্তান্তর,"[21, 7, 19, 10, 2, 6, 10, 7, 1, 0, 0, 0, 0, 0, 0, 0, 0, 0, 0, 0]","[['h', 'ɔ', 's'], ['t̪', 'a', 'n'], ['t̪', 'ɔ', 'r']]",hɔst̪ant̪ɔr
ইসহাক,"[4, 19, 21, 2, 8, 0, 0, 0, 0, 0, 0, 0, 0, 0, 0, 0, 0, 0, 0, 0]","[['i', 's'], ['h', 'a', 'k']]",ishak
দাসের,"[17, 2, 9, 5, 1, 0, 0, 0, 0, 0, 0, 0, 0, 0, 0, 0, 0, 0, 0, 0]","[['d̪', 'a'], ['ʃ', 'e', 'r']]",d̪aʃer
নির্লজ্জ,"[6, 4, 1, 12, 7, 18, 18, 3, 0, 0, 0, 0, 0, 0, 0, 0, 0, 0, 0, 0]","[['n', 'i', 'r'], ['l', 'ɔ', 'dʒ'], ['dʒ', 'o']]",nirlɔdʒdʒo
চার্লি,"[22, 2, 1, 12, 4, 0, 0, 0, 0, 0, 0, 0, 0, 0, 0, 0, 0, 0, 0, 0]","[['tʃ', 'a', 'r'], ['l', 'i']]",tʃarli
ক্যাম্পাসের,"[8, 28, 13, 15, 2, 19, 5, 1, 0, 0, 0, 0, 0, 0, 0, 0, 0, 0, 0, 0]","[['k', 'æ', 'm'], ['p', 'a'], ['s', 'e', 'r']]",kæmpaser
ভোরের,"[23, 3, 1, 5, 1, 0, 0, 0, 0, 0, 0, 0, 0, 0, 0, 0, 0, 0, 0, 0]","[['bʱ', 'o'], ['r', 'e', 'r']]",bʱorer
বহিষ্কৃত,"[11, 7, 21, 4, 9, 8, 1, 4, 10, 3, 0, 0, 0, 0, 0, 0, 0, 0, 0, 0]","[['b', 'ɔ'], ['h', 'i', 'ʃ'], ['k', 'r', 'i'], ['t̪', 'o']]",bɔhiʃkrit̪o
আয়োজক,"[30, 3, 18, 3, 8, 0, 0, 0, 0, 0, 0, 0, 0, 0, 0, 0, 0, 0, 0, 0]","[['ai̯'], ['o'], ['dʒ', 'o', 'k']]",ai̯odʒok
তুরস্কে,"[10, 14, 1, 3, 9, 8, 5, 0, 0, 0, 0, 0, 0, 0, 0, 0, 0, 0, 0, 0]","[['t̪', 'u'], ['r', 'o', 'ʃ'], ['k', 'e']]",t̪uroʃke
পর্তুগাল,"[15, 3, 1, 10, 14, 20, 2, 12, 0, 0, 0, 0, 0, 0, 0, 0, 0, 0, 0, 0]","[['p', 'o', 'r'], ['t̪', 'u'], ['g', 'a', 'l']]",port̪ugal
নারীর,"[6, 2, 1, 4, 1, 0, 0, 0, 0, 0, 0, 0, 0, 0, 0, 0, 0, 0, 0, 0]","[['n', 'a'], ['r', 'i', 'r']]",narir
নির্যাতনের,"[6, 4, 1, 18, 2, 10, 3, 6, 5, 1, 0, 0, 0, 0, 0, 0, 0, 0, 0, 0]","[['n', 'i', 'r'], ['dʒ', 'a'], ['t̪', 'o'], ['n', 'e', 'r']]",nirdʒat̪oner
পরবর্তি,"[15, 7, 1, 3, 11, 3, 1, 10, 4, 0, 0, 0, 0, 0, 0, 0, 0, 0, 0, 0]","[['p', 'ɔ'], ['r', 'o'], ['b', 'o', 'r'], ['t̪', 'i']]",pɔrobort̪i
বর্ষার,"[11, 7, 1, 9, 2, 1, 0, 0, 0, 0, 0, 0, 0, 0, 0, 0, 0, 0, 0, 0]","[['b', 'ɔ', 'r'], ['ʃ', 'a', 'r']]",bɔrʃar
কুমিল্লার,"[8, 14, 13, 4, 12, 12, 2, 1, 0, 0, 0, 0, 0, 0, 0, 0, 0, 0, 0, 0]","[['k', 'u'], ['m', 'i', 'l'], ['l', 'a', 'r']]",kumillar
ছিনতাই,"[31, 4, 6, 10, 30, 0, 0, 0, 0, 0, 0, 0, 0, 0, 0, 0, 0, 0, 0, 0]","[['tʃʰ', 'i', 'n'], ['t̪', 'ai̯']]",tʃʰint̪ai̯
লাইসেন্সের,"[12, 30, 19, 5, 6, 19, 5, 1, 0, 0, 0, 0, 0, 0, 0, 0, 0, 0, 0, 0]","[['l', 'ai̯'], ['s', 'e', 'n'], ['s', 'e', 'r']]",lai̯senser
ধূমপানের,"[25, 14, 13, 15, 2, 6, 5, 1, 0, 0, 0, 0, 0, 0, 0, 0, 0, 0, 0, 0]","[['d̪ʱ', 'u', 'm'], ['p', 'a'], ['n', 'e', 'r']]",d̪ʱumpaner
প্রেমের,"[15, 1, 5, 13, 5, 1, 0, 0, 0, 0, 0, 0, 0, 0, 0, 0, 0, 0, 0, 0]","[['p', 'r', 'e'], ['m', 'e', 'r']]",premer
আর্জেন্টিনা,"[2, 1, 18, 5, 6, 16, 4, 6, 2, 0, 0, 0, 0, 0, 0, 0, 0, 0, 0, 0]","[['a', 'r'], ['dʒ', 'e', 'n'], ['ʈ', 'i'], ['n', 'a']]",ardʒenʈina
কমপ্লেক্সের,"[8, 7, 13, 15, 12, 5, 8, 19, 5, 1, 0, 0, 0, 0, 0, 0, 0, 0, 0, 0]","[['k', 'ɔ', 'm'], ['p', 'l', 'e', 'k'], ['s', 'e', 'r']]",kɔmplekser
দুগ্ধ,"[17, 14, 20, 25, 7, 0, 0, 0, 0, 0, 0, 0, 0, 0, 0, 0, 0, 0, 0, 0]","[['d̪', 'u', 'g'], ['d̪ʱ', 'ɔ']]",d̪ugd̪ʱɔ
মামা,"[13, 2, 13, 2, 0, 0, 0, 0, 0, 0, 0, 0, 0, 0, 0, 0, 0, 0, 0, 0]","[['m', 'a'], ['m', 'a']]",mama
অনুমোদন,"[3, 6, 14, 13, 3, 17, 3, 6, 0, 0, 0, 0, 0, 0, 0, 0, 0, 0, 0, 0]","[['o'], ['n', 'u'], ['m', 'o'], ['d̪', 'o', 'n']]",onumod̪on
ত্রাণের,"[10, 1, 2, 6, 5, 1, 0, 0, 0, 0, 0, 0, 0, 0, 0, 0, 0, 0, 0, 0]","[['t̪', 'r', 'a'], ['n', 'e', 'r']]",t̪raner
পরার,"[15, 7, 1, 2, 1, 0, 0, 0, 0, 0, 0, 0, 0, 0, 0, 0, 0, 0, 0, 0]","[['p', 'ɔ'], ['r', 'a', 'r']]",pɔrar
বাঁধের,"[11, 2, 25, 5, 1, 0, 0, 0, 0, 0, 0, 0, 0, 0, 0, 0, 0, 0, 0, 0]","[['b', 'a'], ['d̪ʱ', 'e', 'r']]",bad̪ʱer
নারায়ণগঞ্জে,"[6, 2, 1, 42, 7, 6, 20, 7, 6, 18, 5, 0, 0, 0, 0, 0, 0, 0, 0, 0]","[['n', 'a'], ['r', 'ae̯'], ['ɔ', 'n'], ['g', 'ɔ', 'n'], ['dʒ', 'e']]",narae̯ɔngɔndʒe
কলিন্স,"[8, 7, 12, 4, 6, 19, 0, 0, 0, 0, 0, 0, 0, 0, 0, 0, 0, 0, 0, 0]","[['k', 'ɔ'], ['l', 'i', 'n', 's']]",kɔlins
যিশুর,"[18, 4, 9, 14, 1, 0, 0, 0, 0, 0, 0, 0, 0, 0, 0, 0, 0, 0, 0, 0]","[['dʒ', 'i'], ['ʃ', 'u', 'r']]",dʒiʃur
গর্ভপাত,"[20, 7, 1, 23, 3, 15, 2, 10, 0, 0, 0, 0, 0, 0, 0, 0, 0, 0, 0, 0]","[['g', 'ɔ', 'r'], ['bʱ', 'o'], ['p', 'a', 't̪']]",gɔrbʱopat̪
সেমিফাইনাল,"[19, 5, 13, 4, 27, 30, 6, 2, 12, 0, 0, 0, 0, 0, 0, 0, 0, 0, 0, 0]","[['s', 'e'], ['m', 'i'], ['f', 'ai̯'], ['n', 'a', 'l']]",semifai̯nal
মুন্সীগঞ্জের,"[13, 14, 6, 9, 4, 20, 7, 6, 18, 5, 1, 0, 0, 0, 0, 0, 0, 0, 0, 0]","[['m', 'u', 'n'], ['ʃ', 'i'], ['g', 'ɔ', 'n'], ['dʒ', 'e', 'r']]",munʃigɔndʒer
মহিমা,"[13, 3, 21, 4, 13, 2, 0, 0, 0, 0, 0, 0, 0, 0, 0, 0, 0, 0, 0, 0]","[['m', 'o'], ['h', 'i'], ['m', 'a']]",mohima
নির্ধারণ,"[6, 4, 1, 25, 2, 1, 3, 6, 0, 0, 0, 0, 0, 0, 0, 0, 0, 0, 0, 0]","[['n', 'i', 'r'], ['d̪ʱ', 'a'], ['r', 'o', 'n']]",nird̪ʱaron
পতিতা,"[15, 3, 10, 4, 10, 2, 0, 0, 0, 0, 0, 0, 0, 0, 0, 0, 0, 0, 0, 0]","[['p', 'o'], ['t̪', 'i'], ['t̪', 'a']]",pot̪it̪a
বাচ্চা,"[11, 2, 22, 22, 2, 0, 0, 0, 0, 0, 0, 0, 0, 0, 0, 0, 0, 0, 0, 0]","[['b', 'a', 'tʃ'], ['tʃ', 'a']]",batʃtʃa
নৃশংসভাবে,"[6, 1, 4, 9, 7, 29, 9, 3, 23, 2, 11, 5, 0, 0, 0, 0, 0, 0, 0, 0]","[['n', 'r', 'i'], ['ʃ', 'ɔ', 'ŋ'], ['ʃ', 'o'], ['bʱ', 'a'], ['b', 'e']]",nriʃɔŋʃobʱabe
জর্ডানে,"[18, 7, 1, 26, 2, 6, 5, 0, 0, 0, 0, 0, 0, 0, 0, 0, 0, 0, 0, 0]","[['dʒ', 'ɔ', 'r'], ['ɖ', 'a'], ['n', 'e']]",dʒɔrɖane
পেরেছে,"[15, 5, 1, 5, 31, 5, 0, 0, 0, 0, 0, 0, 0, 0, 0, 0, 0, 0, 0, 0]","[['p', 'e'], ['r', 'e'], ['tʃʰ', 'e']]",peretʃʰe
লিখা,"[12, 4, 24, 2, 0, 0, 0, 0, 0, 0, 0, 0, 0, 0, 0, 0, 0, 0, 0, 0]","[['l', 'i'], ['kʰ', 'a']]",likʰa
পিছিয়ে,"[15, 4, 31, 4, 5, 0, 0, 0, 0, 0, 0, 0, 0, 0, 0, 0, 0, 0, 0, 0]","[['p', 'i'], ['tʃʰ', 'i'], ['e']]",pitʃʰie
সামিল,"[9, 2, 13, 4, 12, 0, 0, 0, 0, 0, 0, 0, 0, 0, 0, 0, 0, 0, 0, 0]","[['ʃ', 'a'], ['m', 'i', 'l']]",ʃamil
কেনো,"[8, 5, 6, 3, 0, 0, 0, 0, 0, 0, 0, 0, 0, 0, 0, 0, 0, 0, 0, 0]","[['k', 'e'], ['n', 'o']]",keno
ধিক্কার,"[25, 4, 8, 8, 2, 1, 0, 0, 0, 0, 0, 0, 0, 0, 0, 0, 0, 0, 0, 0]","[['d̪ʱ', 'i', 'k'], ['k', 'a', 'r']]",d̪ʱikkar
সেনাবাহিনীতে,"[9, 5, 6, 2, 11, 2, 21, 4, 6, 4, 10, 5, 0, 0, 0, 0, 0, 0, 0, 0]","[['ʃ', 'e'], ['n', 'a'], ['b', 'a'], ['h', 'i'], ['n', 'i'], ['t̪', 'e']]",ʃenabahinit̪e
হোল,"[21, 3, 12, 0, 0, 0, 0, 0, 0, 0, 0, 0, 0, 0, 0, 0, 0, 0, 0, 0]","[['h', 'o', 'l']]",hol
তত্ত্বের,"[10, 7, 10, 10, 5, 1, 0, 0, 0, 0, 0, 0, 0, 0, 0, 0, 0, 0, 0, 0]","[['t̪', 'ɔ', 't̪'], ['t̪', 'e', 'r']]",t̪ɔt̪t̪er
সম্ভাষণ,"[9, 7, 13, 23, 2, 9, 3, 6, 0, 0, 0, 0, 0, 0, 0, 0, 0, 0, 0, 0]","[['ʃ', 'ɔ', 'm'], ['bʱ', 'a'], ['ʃ', 'o', 'n']]",ʃɔmbʱaʃon
ভীষণ,"[23, 4, 9, 3, 6, 0, 0, 0, 0, 0, 0, 0, 0, 0, 0, 0, 0, 0, 0, 0]","[['bʱ', 'i'], ['ʃ', 'o', 'n']]",bʱiʃon
প্রার্থীর,"[15, 1, 2, 1, 32, 4, 1, 0, 0, 0, 0, 0, 0, 0, 0, 0, 0, 0, 0, 0]","[['p', 'r', 'a', 'r'], ['t̪ʰ', 'i', 'r']]",prart̪ʰir
ব্র্যাক,"[11, 1, 28, 8, 0, 0, 0, 0, 0, 0, 0, 0, 0, 0, 0, 0, 0, 0, 0, 0]","[['b', 'r', 'æ', 'k']]",bræk
নবীনগর,"[6, 3, 11, 4, 6, 7, 20, 3, 1, 0, 0, 0, 0, 0, 0, 0, 0, 0, 0, 0]","[['n', 'o'], ['b', 'i'], ['n', 'ɔ'], ['g', 'o', 'r']]",nobinɔgor
পর্যাপ্ত,"[15, 7, 1, 18, 2, 15, 10, 3, 0, 0, 0, 0, 0, 0, 0, 0, 0, 0, 0, 0]","[['p', 'ɔ', 'r'], ['dʒ', 'a', 'p'], ['t̪', 'o']]",pɔrdʒapt̪o
দিস,"[17, 4, 9, 0, 0, 0, 0, 0, 0, 0, 0, 0, 0, 0, 0, 0, 0, 0, 0, 0]","[['d̪', 'i', 'ʃ']]",d̪iʃ
পরিচর্যা,"[15, 3, 1, 4, 22, 7, 1, 18, 2, 0, 0, 0, 0, 0, 0, 0, 0, 0, 0, 0]","[['p', 'o'], ['r', 'i'], ['tʃ', 'ɔ', 'r'], ['dʒ', 'a']]",poritʃɔrdʒa
অপরিহার্য,"[7, 15, 3, 1, 4, 21, 2, 1, 18, 3, 0, 0, 0, 0, 0, 0, 0, 0, 0, 0]","[['ɔ'], ['p', 'o'], ['r', 'i'], ['h', 'a', 'r'], ['dʒ', 'o']]",ɔporihardʒo
ছাতা,"[31, 2, 10, 2, 0, 0, 0, 0, 0, 0, 0, 0, 0, 0, 0, 0, 0, 0, 0, 0]","[['tʃʰ', 'a'], ['t̪', 'a']]",tʃʰat̪a
হদিস,"[21, 3, 17, 4, 19, 0, 0, 0, 0, 0, 0, 0, 0, 0, 0, 0, 0, 0, 0, 0]","[['h', 'o'], ['d̪', 'i', 's']]",hod̪is
অন্তর্বর্তী,"[7, 6, 10, 3, 1, 11, 3, 1, 10, 4, 0, 0, 0, 0, 0, 0, 0, 0, 0, 0]","[['ɔ', 'n'], ['t̪', 'o', 'r'], ['b', 'o', 'r'], ['t̪', 'i']]",ɔnt̪orbort̪i
সৈকতের,"[9, 36, 8, 7, 10, 5, 1, 0, 0, 0, 0, 0, 0, 0, 0, 0, 0, 0, 0, 0]","[['ʃ', 'oi̯'], ['k', 'ɔ'], ['t̪', 'e', 'r']]",ʃoi̯kɔt̪er
খুললে,"[24, 14, 12, 12, 5, 0, 0, 0, 0, 0, 0, 0, 0, 0, 0, 0, 0, 0, 0, 0]","[['kʰ', 'u', 'l'], ['l', 'e']]",kʰulle
প্যাড,"[15, 28, 26, 0, 0, 0, 0, 0, 0, 0, 0, 0, 0, 0, 0, 0, 0, 0, 0, 0]","[['p', 'æ', 'ɖ']]",pæɖ
সশ্রম,"[9, 7, 19, 1, 7, 13, 0, 0, 0, 0, 0, 0, 0, 0, 0, 0, 0, 0, 0, 0]","[['ʃ', 'ɔ', 's'], ['r', 'ɔ', 'm']]",ʃɔsrɔm
সন্তানদের,"[9, 7, 6, 10, 2, 6, 17, 5, 1, 0, 0, 0, 0, 0, 0, 0, 0, 0, 0, 0]","[['ʃ', 'ɔ', 'n'], ['t̪', 'a', 'n'], ['d̪', 'e', 'r']]",ʃɔnt̪and̪er
কোষের,"[8, 3, 9, 5, 1, 0, 0, 0, 0, 0, 0, 0, 0, 0, 0, 0, 0, 0, 0, 0]","[['k', 'o'], ['ʃ', 'e', 'r']]",koʃer
বিবেকানন্দ,"[11, 4, 11, 5, 8, 2, 6, 7, 6, 17, 3, 0, 0, 0, 0, 0, 0, 0, 0, 0]","[['b', 'i'], ['b', 'e'], ['k', 'a'], ['n', 'ɔ', 'n'], ['d̪', 'o']]",bibekanɔnd̪o
ইউক্রেনে,"[40, 8, 1, 5, 6, 5, 0, 0, 0, 0, 0, 0, 0, 0, 0, 0, 0, 0, 0, 0]","[['iu̯'], ['k', 'r', 'e'], ['n', 'e']]",iu̯krene
এক্সপার্ট,"[5, 8, 19, 15, 2, 1, 16, 0, 0, 0, 0, 0, 0, 0, 0, 0, 0, 0, 0, 0]","[['e', 'k', 's'], ['p', 'a', 'r', 'ʈ']]",eksparʈ
সারাদেশের,"[9, 2, 1, 2, 17, 5, 9, 5, 1, 0, 0, 0, 0, 0, 0, 0, 0, 0, 0, 0]","[['ʃ', 'a'], ['r', 'a'], ['d̪', 'e'], ['ʃ', 'e', 'r']]",ʃarad̪eʃer
আনুষ্ঠানিক,"[2, 6, 14, 9, 34, 2, 6, 4, 8, 0, 0, 0, 0, 0, 0, 0, 0, 0, 0, 0]","[['a'], ['n', 'u', 'ʃ'], ['ʈʰ', 'a'], ['n', 'i', 'k']]",anuʃʈʰanik
পূর্বের,"[15, 14, 1, 11, 5, 1, 0, 0, 0, 0, 0, 0, 0, 0, 0, 0, 0, 0, 0, 0]","[['p', 'u', 'r'], ['b', 'e', 'r']]",purber
মুক্তার,"[13, 14, 8, 10, 2, 1, 0, 0, 0, 0, 0, 0, 0, 0, 0, 0, 0, 0, 0, 0]","[['m', 'u', 'k'], ['t̪', 'a', 'r']]",mukt̪ar
ব্যাপারটি,"[11, 28, 15, 2, 1, 16, 4, 0, 0, 0, 0, 0, 0, 0, 0, 0, 0, 0, 0, 0]","[['b', 'æ'], ['p', 'a', 'r'], ['ʈ', 'i']]",bæparʈi
ডেলিভারি,"[26, 5, 12, 4, 23, 2, 1, 4, 0, 0, 0, 0, 0, 0, 0, 0, 0, 0, 0, 0]","[['ɖ', 'e'], ['l', 'i'], ['bʱ', 'a'], ['r', 'i']]",ɖelibʱari
চূর্ণ,"[22, 14, 1, 6, 3, 0, 0, 0, 0, 0, 0, 0, 0, 0, 0, 0, 0, 0, 0, 0]","[['tʃ', 'u', 'r'], ['n', 'o']]",tʃurno
খেলনা,"[24, 28, 12, 6, 2, 0, 0, 0, 0, 0, 0, 0, 0, 0, 0, 0, 0, 0, 0, 0]","[['kʰ', 'æ', 'l'], ['n', 'a']]",kʰælna
প্রেরণের,"[15, 1, 5, 1, 3, 6, 5, 1, 0, 0, 0, 0, 0, 0, 0, 0, 0, 0, 0, 0]","[['p', 'r', 'e'], ['r', 'o'], ['n', 'e', 'r']]",preroner
হ্যাটট্রিক,"[21, 28, 16, 16, 1, 4, 8, 0, 0, 0, 0, 0, 0, 0, 0, 0, 0, 0, 0, 0]","[['h', 'æ', 'ʈ'], ['ʈ', 'r', 'i', 'k']]",hæʈʈrik
মেশিন,"[13, 5, 9, 4, 6, 0, 0, 0, 0, 0, 0, 0, 0, 0, 0, 0, 0, 0, 0, 0]","[['m', 'e'], ['ʃ', 'i', 'n']]",meʃin
পুনর্বিবেচনা,"[15, 14, 6, 3, 1, 11, 4, 11, 5, 22, 3, 6, 2, 0, 0, 0, 0, 0, 0, 0]","[['p', 'u'], ['n', 'o', 'r'], ['b', 'i'], ['b', 'e'], ['tʃ', 'o'], ['n', 'a']]",punorbibetʃona
কার্টুন,"[8, 2, 1, 16, 14, 6, 0, 0, 0, 0, 0, 0, 0, 0, 0, 0, 0, 0, 0, 0]","[['k', 'a', 'r'], ['ʈ', 'u', 'n']]",karʈun
মরার,"[13, 7, 1, 2, 1, 0, 0, 0, 0, 0, 0, 0, 0, 0, 0, 0, 0, 0, 0, 0]","[['m', 'ɔ'], ['r', 'a', 'r']]",mɔrar
ছাতক,"[31, 2, 10, 3, 8, 0, 0, 0, 0, 0, 0, 0, 0, 0, 0, 0, 0, 0, 0, 0]","[['tʃʰ', 'a'], ['t̪', 'o', 'k']]",tʃʰat̪ok
প্রবাসীদের,"[15, 1, 3, 11, 2, 9, 4, 17, 5, 1, 0, 0, 0, 0, 0, 0, 0, 0, 0, 0]","[['p', 'r', 'o'], ['b', 'a'], ['ʃ', 'i'], ['d̪', 'e', 'r']]",probaʃid̪er
বাল্য,"[11, 2, 12, 12, 3, 0, 0, 0, 0, 0, 0, 0, 0, 0, 0, 0, 0, 0, 0, 0]","[['b', 'a', 'l'], ['l', 'o']]",ballo
সাংস্কৃতিক,"[9, 2, 29, 19, 8, 1, 4, 10, 4, 8, 0, 0, 0, 0, 0, 0, 0, 0, 0, 0]","[['ʃ', 'a', 'ŋ'], ['s', 'k', 'r', 'i'], ['t̪', 'i', 'k']]",ʃaŋskrit̪ik
করো,"[8, 7, 1, 3, 0, 0, 0, 0, 0, 0, 0, 0, 0, 0, 0, 0, 0, 0, 0, 0]","[['k', 'ɔ'], ['r', 'o']]",kɔro
বুঝার,"[11, 14, 39, 2, 1, 0, 0, 0, 0, 0, 0, 0, 0, 0, 0, 0, 0, 0, 0, 0]","[['b', 'u'], ['dʒʱ', 'a', 'r']]",budʒʱar
ইতালির,"[4, 10, 2, 12, 4, 1, 0, 0, 0, 0, 0, 0, 0, 0, 0, 0, 0, 0, 0, 0]","[['i'], ['t̪', 'a'], ['l', 'i', 'r']]",it̪alir
ফিলিপাইনের,"[27, 4, 12, 4, 15, 30, 6, 5, 1, 0, 0, 0, 0, 0, 0, 0, 0, 0, 0, 0]","[['f', 'i'], ['l', 'i'], ['p', 'ai̯'], ['n', 'e', 'r']]",filipai̯ner
বিদ্রোহের,"[11, 4, 17, 1, 3, 21, 5, 1, 0, 0, 0, 0, 0, 0, 0, 0, 0, 0, 0, 0]","[['b', 'i', 'd̪'], ['r', 'o'], ['h', 'e', 'r']]",bid̪roher
দামের,"[17, 2, 13, 5, 1, 0, 0, 0, 0, 0, 0, 0, 0, 0, 0, 0, 0, 0, 0, 0]","[['d̪', 'a'], ['m', 'e', 'r']]",d̪amer
পাগলামি,"[15, 2, 20, 12, 2, 13, 4, 0, 0, 0, 0, 0, 0, 0, 0, 0, 0, 0, 0, 0]","[['p', 'a', 'g'], ['l', 'a'], ['m', 'i']]",paglami
সৃষ্ট,"[19, 1, 4, 9, 16, 3, 0, 0, 0, 0, 0, 0, 0, 0, 0, 0, 0, 0, 0, 0]","[['s', 'r', 'i', 'ʃ'], ['ʈ', 'o']]",sriʃʈo
নারে,"[6, 2, 1, 5, 0, 0, 0, 0, 0, 0, 0, 0, 0, 0, 0, 0, 0, 0, 0, 0]","[['n', 'a'], ['r', 'e']]",nare
ব্যাংক,"[11, 28, 29, 8, 0, 0, 0, 0, 0, 0, 0, 0, 0, 0, 0, 0, 0, 0, 0, 0]","[['b', 'æ', 'ŋ', 'k']]",bæŋk
আত্মা,"[2, 10, 10, 2, 0, 0, 0, 0, 0, 0, 0, 0, 0, 0, 0, 0, 0, 0, 0, 0]","[['a', 't̪'], ['t̪', 'a']]",at̪t̪a
ব্যবহারিক,"[11, 28, 11, 3, 21, 2, 1, 4, 8, 0, 0, 0, 0, 0, 0, 0, 0, 0, 0, 0]","[['b', 'æ'], ['b', 'o'], ['h', 'a'], ['r', 'i', 'k']]",bæboharik
অনস্বীকার্য,"[7, 6, 7, 9, 4, 8, 2, 1, 18, 3, 0, 0, 0, 0, 0, 0, 0, 0, 0, 0]","[['ɔ'], ['n', 'ɔ'], ['ʃ', 'i'], ['k', 'a', 'r'], ['dʒ', 'o']]",ɔnɔʃikardʒo
শব্দটি,"[9, 7, 11, 17, 3, 16, 4, 0, 0, 0, 0, 0, 0, 0, 0, 0, 0, 0, 0, 0]","[['ʃ', 'ɔ', 'b'], ['d̪', 'o'], ['ʈ', 'i']]",ʃɔbd̪oʈi
স্রোতে,"[19, 1, 3, 10, 5, 0, 0, 0, 0, 0, 0, 0, 0, 0, 0, 0, 0, 0, 0, 0]","[['s', 'r', 'o'], ['t̪', 'e']]",srot̪e
জার্মানদের,"[18, 2, 1, 13, 2, 6, 17, 5, 1, 0, 0, 0, 0, 0, 0, 0, 0, 0, 0, 0]","[['dʒ', 'a', 'r'], ['m', 'a', 'n'], ['d̪', 'e', 'r']]",dʒarmand̪er
ডাউন,"[26, 43, 6, 0, 0, 0, 0, 0, 0, 0, 0, 0, 0, 0, 0, 0, 0, 0, 0, 0]","[['ɖ', 'au̯', 'n']]",ɖau̯n
আসামী,"[2, 9, 2, 13, 4, 0, 0, 0, 0, 0, 0, 0, 0, 0, 0, 0, 0, 0, 0, 0]","[['a'], ['ʃ', 'a'], ['m', 'i']]",aʃami
মারুফ,"[13, 2, 1, 14, 27, 0, 0, 0, 0, 0, 0, 0, 0, 0, 0, 0, 0, 0, 0, 0]","[['m', 'a'], ['r', 'u', 'f']]",maruf
পশ্চিমে,"[15, 3, 9, 22, 4, 13, 5, 0, 0, 0, 0, 0, 0, 0, 0, 0, 0, 0, 0, 0]","[['p', 'o', 'ʃ'], ['tʃ', 'i'], ['m', 'e']]",poʃtʃime
ডাইনি,"[26, 30, 6, 4, 0, 0, 0, 0, 0, 0, 0, 0, 0, 0, 0, 0, 0, 0, 0, 0]","[['ɖ', 'ai̯'], ['n', 'i']]",ɖai̯ni
সংস্কৃতির,"[9, 7, 29, 19, 8, 1, 4, 10, 4, 1, 0, 0, 0, 0, 0, 0, 0, 0, 0, 0]","[['ʃ', 'ɔ', 'ŋ', 's'], ['k', 'r', 'i'], ['t̪', 'i', 'r']]",ʃɔŋskrit̪ir
রাখাইন,"[1, 2, 24, 30, 6, 0, 0, 0, 0, 0, 0, 0, 0, 0, 0, 0, 0, 0, 0, 0]","[['r', 'a'], ['kʰ', 'ai̯', 'n']]",rakʰai̯n
রুহানি,"[1, 14, 21, 2, 6, 4, 0, 0, 0, 0, 0, 0, 0, 0, 0, 0, 0, 0, 0, 0]","[['r', 'u'], ['h', 'a'], ['n', 'i']]",ruhani
বুদ্ধিমান,"[11, 14, 17, 25, 4, 13, 2, 6, 0, 0, 0, 0, 0, 0, 0, 0, 0, 0, 0, 0]","[['b', 'u', 'd̪'], ['d̪ʱ', 'i'], ['m', 'a', 'n']]",bud̪d̪ʱiman
পিতামাতার,"[15, 4, 10, 2, 13, 2, 10, 2, 1, 0, 0, 0, 0, 0, 0, 0, 0, 0, 0, 0]","[['p', 'i'], ['t̪', 'a'], ['m', 'a'], ['t̪', 'a', 'r']]",pit̪amat̪ar
প্রতিবেশীরা,"[15, 1, 3, 10, 4, 11, 5, 9, 4, 1, 2, 0, 0, 0, 0, 0, 0, 0, 0, 0]","[['p', 'r', 'o'], ['t̪', 'i'], ['b', 'e'], ['ʃ', 'i'], ['r', 'a']]",prot̪ibeʃira
ফারুক,"[27, 2, 1, 14, 8, 0, 0, 0, 0, 0, 0, 0, 0, 0, 0, 0, 0, 0, 0, 0]","[['f', 'a'], ['r', 'u', 'k']]",faruk
কেরি,"[8, 5, 1, 4, 0, 0, 0, 0, 0, 0, 0, 0, 0, 0, 0, 0, 0, 0, 0, 0]","[['k', 'e'], ['r', 'i']]",keri
বরিশালে,"[11, 3, 1, 4, 9, 2, 12, 5, 0, 0, 0, 0, 0, 0, 0, 0, 0, 0, 0, 0]","[['b', 'o'], ['r', 'i'], ['ʃ', 'a'], ['l', 'e']]",boriʃale
টানাটানি,"[16, 2, 6, 2, 16, 2, 6, 4, 0, 0, 0, 0, 0, 0, 0, 0, 0, 0, 0, 0]","[['ʈ', 'a'], ['n', 'a'], ['ʈ', 'a'], ['n', 'i']]",ʈanaʈani
স্বার্থে,"[9, 2, 1, 32, 5, 0, 0, 0, 0, 0, 0, 0, 0, 0, 0, 0, 0, 0, 0, 0]","[['ʃ', 'a', 'r'], ['t̪ʰ', 'e']]",ʃart̪ʰe
ভাবুন,"[23, 2, 11, 14, 6, 0, 0, 0, 0, 0, 0, 0, 0, 0, 0, 0, 0, 0, 0, 0]","[['bʱ', 'a'], ['b', 'u', 'n']]",bʱabun
পৃথিবী,"[15, 1, 4, 32, 4, 11, 4, 0, 0, 0, 0, 0, 0, 0, 0, 0, 0, 0, 0, 0]","[['p', 'r', 'i'], ['t̪ʰ', 'i'], ['b', 'i']]",prit̪ʰibi
পুলিশে,"[15, 14, 12, 4, 9, 5, 0, 0, 0, 0, 0, 0, 0, 0, 0, 0, 0, 0, 0, 0]","[['p', 'u'], ['l', 'i'], ['ʃ', 'e']]",puliʃe
উত্তেজনা,"[14, 10, 10, 5, 18, 3, 6, 2, 0, 0, 0, 0, 0, 0, 0, 0, 0, 0, 0, 0]","[['u', 't̪'], ['t̪', 'e'], ['dʒ', 'o'], ['n', 'a']]",ut̪t̪edʒona
টিন,"[16, 4, 6, 0, 0, 0, 0, 0, 0, 0, 0, 0, 0, 0, 0, 0, 0, 0, 0, 0]","[['ʈ', 'i', 'n']]",ʈin
নায়িকা,"[6, 2, 4, 8, 2, 0, 0, 0, 0, 0, 0, 0, 0, 0, 0, 0, 0, 0, 0, 0]","[['n', 'a'], ['i'], ['k', 'a']]",naika
অস্তিত্ব,"[3, 19, 10, 4, 10, 10, 3, 0, 0, 0, 0, 0, 0, 0, 0, 0, 0, 0, 0, 0]","[['o', 's'], ['t̪', 'i', 't̪'], ['t̪', 'o']]",ost̪it̪t̪o
ফাঁসির,"[27, 2, 9, 4, 1, 0, 0, 0, 0, 0, 0, 0, 0, 0, 0, 0, 0, 0, 0, 0]","[['f', 'a'], ['ʃ', 'i', 'r']]",faʃir
জানানো,"[18, 2, 6, 2, 6, 3, 0, 0, 0, 0, 0, 0, 0, 0, 0, 0, 0, 0, 0, 0]","[['dʒ', 'a'], ['n', 'a'], ['n', 'o']]",dʒanano
হাসানুল,"[21, 2, 19, 2, 6, 14, 12, 0, 0, 0, 0, 0, 0, 0, 0, 0, 0, 0, 0, 0]","[['h', 'a'], ['s', 'a'], ['n', 'u', 'l']]",hasanul
বিলুপ্ত,"[11, 4, 12, 14, 15, 10, 3, 0, 0, 0, 0, 0, 0, 0, 0, 0, 0, 0, 0, 0]","[['b', 'i'], ['l', 'u', 'p'], ['t̪', 'o']]",bilupt̪o
বার্ন,"[11, 2, 1, 6, 0, 0, 0, 0, 0, 0, 0, 0, 0, 0, 0, 0, 0, 0, 0, 0]","[['b', 'a', 'r', 'n']]",barn
অভিনেত্রী,"[3, 23, 4, 6, 5, 10, 1, 4, 0, 0, 0, 0, 0, 0, 0, 0, 0, 0, 0, 0]","[['o'], ['bʱ', 'i'], ['n', 'e', 't̪'], ['r', 'i']]",obʱinet̪ri
আকাশের,"[2, 8, 2, 9, 5, 1, 0, 0, 0, 0, 0, 0, 0, 0, 0, 0, 0, 0, 0, 0]","[['a'], ['k', 'a'], ['ʃ', 'e', 'r']]",akaʃer
জরুরি,"[18, 3, 1, 14, 1, 4, 0, 0, 0, 0, 0, 0, 0, 0, 0, 0, 0, 0, 0, 0]","[['dʒ', 'o'], ['r', 'u'], ['r', 'i']]",dʒoruri
কাতারে,"[8, 2, 10, 2, 1, 5, 0, 0, 0, 0, 0, 0, 0, 0, 0, 0, 0, 0, 0, 0]","[['k', 'a'], ['t̪', 'a'], ['r', 'e']]",kat̪are
জামে,"[18, 2, 13, 5, 0, 0, 0, 0, 0, 0, 0, 0, 0, 0, 0, 0, 0, 0, 0, 0]","[['dʒ', 'a'], ['m', 'e']]",dʒame
তাজা,"[10, 2, 18, 2, 0, 0, 0, 0, 0, 0, 0, 0, 0, 0, 0, 0, 0, 0, 0, 0]","[['t̪', 'a'], ['dʒ', 'a']]",t̪adʒa
মুহাম্মাদ,"[13, 14, 21, 2, 13, 13, 2, 17, 0, 0, 0, 0, 0, 0, 0, 0, 0, 0, 0, 0]","[['m', 'u'], ['h', 'a', 'm'], ['m', 'a', 'd̪']]",muhammad̪
মৃত্যুকালে,"[13, 1, 4, 10, 10, 14, 8, 2, 12, 5, 0, 0, 0, 0, 0, 0, 0, 0, 0, 0]","[['m', 'r', 'i', 't̪'], ['t̪', 'u'], ['k', 'a'], ['l', 'e']]",mrit̪t̪ukale
মায়ের,"[13, 2, 5, 1, 0, 0, 0, 0, 0, 0, 0, 0, 0, 0, 0, 0, 0, 0, 0, 0]","[['m', 'a'], ['e', 'r']]",maer
নাট্য,"[6, 2, 16, 16, 3, 0, 0, 0, 0, 0, 0, 0, 0, 0, 0, 0, 0, 0, 0, 0]","[['n', 'a', 'ʈ'], ['ʈ', 'o']]",naʈʈo
দুর্বল,"[17, 14, 1, 11, 7, 12, 0, 0, 0, 0, 0, 0, 0, 0, 0, 0, 0, 0, 0, 0]","[['d̪', 'u', 'r'], ['b', 'ɔ', 'l']]",d̪urbɔl
গ্যারান্টি,"[20, 28, 1, 2, 6, 16, 4, 0, 0, 0, 0, 0, 0, 0, 0, 0, 0, 0, 0, 0]","[['g', 'æ'], ['r', 'a', 'n'], ['ʈ', 'i']]",gæranʈi
বোঝাই,"[11, 3, 39, 30, 0, 0, 0, 0, 0, 0, 0, 0, 0, 0, 0, 0, 0, 0, 0, 0]","[['b', 'o'], ['dʒʱ', 'ai̯']]",bodʒʱai̯
তীব্রতা,"[10, 4, 11, 1, 3, 10, 2, 0, 0, 0, 0, 0, 0, 0, 0, 0, 0, 0, 0, 0]","[['t̪', 'i', 'b'], ['r', 'o'], ['t̪', 'a']]",t̪ibrot̪a
আসীন,"[2, 9, 4, 6, 0, 0, 0, 0, 0, 0, 0, 0, 0, 0, 0, 0, 0, 0, 0, 0]","[['a'], ['ʃ', 'i', 'n']]",aʃin
কিলোগ্রাম,"[8, 4, 12, 3, 20, 1, 2, 13, 0, 0, 0, 0, 0, 0, 0, 0, 0, 0, 0, 0]","[['k', 'i'], ['l', 'o'], ['g', 'r', 'a', 'm']]",kilogram
আইনজীবীদের,"[30, 6, 18, 4, 11, 4, 17, 5, 1, 0, 0, 0, 0, 0, 0, 0, 0, 0, 0, 0]","[['ai̯', 'n'], ['dʒ', 'i'], ['b', 'i'], ['d̪', 'e', 'r']]",ai̯ndʒibid̪er
বিক্ষোভ,"[11, 4, 8, 24, 3, 23, 0, 0, 0, 0, 0, 0, 0, 0, 0, 0, 0, 0, 0, 0]","[['b', 'i', 'k'], ['kʰ', 'o', 'bʱ']]",bikkʰobʱ
খুনিদের,"[24, 14, 6, 4, 17, 5, 1, 0, 0, 0, 0, 0, 0, 0, 0, 0, 0, 0, 0, 0]","[['kʰ', 'u'], ['n', 'i'], ['d̪', 'e', 'r']]",kʰunid̪er
মার্কেটে,"[13, 2, 1, 8, 5, 16, 5, 0, 0, 0, 0, 0, 0, 0, 0, 0, 0, 0, 0, 0]","[['m', 'a', 'r'], ['k', 'e'], ['ʈ', 'e']]",markeʈe
প্রবন্ধের,"[15, 1, 3, 11, 7, 6, 25, 5, 1, 0, 0, 0, 0, 0, 0, 0, 0, 0, 0, 0]","[['p', 'r', 'o'], ['b', 'ɔ', 'n'], ['d̪ʱ', 'e', 'r']]",probɔnd̪ʱer
চুলের,"[22, 14, 12, 5, 1, 0, 0, 0, 0, 0, 0, 0, 0, 0, 0, 0, 0, 0, 0, 0]","[['tʃ', 'u'], ['l', 'e', 'r']]",tʃuler
আগ্নেয়াস্ত্র,"[2, 20, 6, 5, 2, 19, 10, 1, 3, 0, 0, 0, 0, 0, 0, 0, 0, 0, 0, 0]","[['a', 'g'], ['n', 'e'], ['a', 's'], ['t̪', 'r', 'o']]",agneast̪ro
ইথান,"[4, 32, 2, 6, 0, 0, 0, 0, 0, 0, 0, 0, 0, 0, 0, 0, 0, 0, 0, 0]","[['i'], ['t̪ʰ', 'a', 'n']]",it̪ʰan
আপার,"[2, 15, 2, 1, 0, 0, 0, 0, 0, 0, 0, 0, 0, 0, 0, 0, 0, 0, 0, 0]","[['a'], ['p', 'a', 'r']]",apar
মাসের,"[13, 2, 9, 5, 1, 0, 0, 0, 0, 0, 0, 0, 0, 0, 0, 0, 0, 0, 0, 0]","[['m', 'a', 'ʃ'], ['e', 'r']]",maʃer
হারুনুর,"[21, 2, 1, 14, 6, 14, 1, 0, 0, 0, 0, 0, 0, 0, 0, 0, 0, 0, 0, 0]","[['h', 'a'], ['r', 'u'], ['n', 'u', 'r']]",harunur
আশংকা,"[2, 9, 3, 29, 8, 2, 0, 0, 0, 0, 0, 0, 0, 0, 0, 0, 0, 0, 0, 0]","[['a'], ['ʃ', 'o', 'ŋ'], ['k', 'a']]",aʃoŋka
প্রস্তাবনা,"[15, 1, 3, 19, 10, 2, 11, 3, 6, 2, 0, 0, 0, 0, 0, 0, 0, 0, 0, 0]","[['p', 'r', 'o', 's'], ['t̪', 'a'], ['b', 'o'], ['n', 'a']]",prost̪abona
প্রশিক্ষিত,"[15, 1, 3, 9, 4, 8, 24, 4, 10, 3, 0, 0, 0, 0, 0, 0, 0, 0, 0, 0]","[['p', 'r', 'o'], ['ʃ', 'i', 'k'], ['kʰ', 'i'], ['t̪', 'o']]",proʃikkʰit̪o
ম্যাচের,"[13, 28, 22, 5, 1, 0, 0, 0, 0, 0, 0, 0, 0, 0, 0, 0, 0, 0, 0, 0]","[['m', 'æ'], ['tʃ', 'e', 'r']]",mætʃer
দারুন,"[17, 2, 1, 14, 6, 0, 0, 0, 0, 0, 0, 0, 0, 0, 0, 0, 0, 0, 0, 0]","[['d̪', 'a'], ['r', 'u', 'n']]",d̪arun
চিকিৎসকের,"[22, 4, 8, 4, 10, 9, 7, 8, 5, 1, 0, 0, 0, 0, 0, 0, 0, 0, 0, 0]","[['tʃ', 'i'], ['k', 'i', 't̪'], ['ʃ', 'ɔ'], ['k', 'e', 'r']]",tʃikit̪ʃɔker
প্রসারে,"[15, 1, 3, 9, 2, 1, 5, 0, 0, 0, 0, 0, 0, 0, 0, 0, 0, 0, 0, 0]","[['p', 'r', 'o'], ['ʃ', 'a'], ['r', 'e']]",proʃare
ভেবেছি,"[23, 5, 11, 5, 31, 4, 0, 0, 0, 0, 0, 0, 0, 0, 0, 0, 0, 0, 0, 0]","[['bʱ', 'e'], ['b', 'e'], ['tʃʰ', 'i']]",bʱebetʃʰi
অবিবাহিত,"[7, 11, 4, 11, 2, 21, 4, 10, 3, 0, 0, 0, 0, 0, 0, 0, 0, 0, 0, 0]","[['ɔ'], ['b', 'i'], ['b', 'a'], ['h', 'i'], ['t̪', 'o']]",ɔbibahit̪o
ভূমিকম্পের,"[23, 14, 13, 4, 8, 7, 13, 15, 5, 1, 0, 0, 0, 0, 0, 0, 0, 0, 0, 0]","[['bʱ', 'u'], ['m', 'i'], ['k', 'ɔ', 'm'], ['p', 'e', 'r']]",bʱumikɔmper
তুলনামূলক,"[10, 14, 12, 3, 6, 2, 13, 14, 12, 3, 8, 0, 0, 0, 0, 0, 0, 0, 0, 0]","[['t̪', 'u'], ['l', 'o'], ['n', 'a'], ['m', 'u'], ['l', 'o', 'k']]",t̪ulonamulok
বাকিদের,"[11, 2, 8, 4, 17, 5, 1, 0, 0, 0, 0, 0, 0, 0, 0, 0, 0, 0, 0, 0]","[['b', 'a'], ['k', 'i'], ['d̪', 'e', 'r']]",bakid̪er
জ্যাকব,"[18, 28, 8, 3, 11, 0, 0, 0, 0, 0, 0, 0, 0, 0, 0, 0, 0, 0, 0, 0]","[['dʒ', 'æ'], ['k', 'o', 'b']]",dʒækob
স্টাফ,"[19, 16, 2, 27, 0, 0, 0, 0, 0, 0, 0, 0, 0, 0, 0, 0, 0, 0, 0, 0]","[['s', 'ʈ', 'a', 'f']]",sʈaf
জ্বলে,"[18, 7, 12, 5, 0, 0, 0, 0, 0, 0, 0, 0, 0, 0, 0, 0, 0, 0, 0, 0]","[['dʒ', 'ɔ'], ['l', 'e']]",dʒɔle
চীনারা,"[22, 4, 6, 2, 1, 2, 0, 0, 0, 0, 0, 0, 0, 0, 0, 0, 0, 0, 0, 0]","[['tʃ', 'i'], ['n', 'a'], ['r', 'a']]",tʃinara
পরিবেশের,"[15, 3, 1, 4, 11, 5, 9, 5, 1, 0, 0, 0, 0, 0, 0, 0, 0, 0, 0, 0]","[['p', 'o'], ['r', 'i'], ['b', 'e', 'ʃ'], ['e', 'r']]",poribeʃer
বিঘ্ন,"[11, 4, 35, 6, 3, 0, 0, 0, 0, 0, 0, 0, 0, 0, 0, 0, 0, 0, 0, 0]","[['b', 'i', 'gʱ'], ['n', 'o']]",bigʱno
কারো,"[8, 2, 1, 3, 0, 0, 0, 0, 0, 0, 0, 0, 0, 0, 0, 0, 0, 0, 0, 0]","[['k', 'a'], ['r', 'o']]",karo
সারিতে,"[9, 2, 1, 4, 10, 5, 0, 0, 0, 0, 0, 0, 0, 0, 0, 0, 0, 0, 0, 0]","[['ʃ', 'a'], ['r', 'i'], ['t̪', 'e']]",ʃarit̪e
কারিগরি,"[8, 2, 1, 4, 20, 3, 1, 4, 0, 0, 0, 0, 0, 0, 0, 0, 0, 0, 0, 0]","[['k', 'a'], ['r', 'i'], ['g', 'o'], ['r', 'i']]",karigori
প্রবক্তা,"[15, 1, 3, 11, 3, 8, 10, 2, 0, 0, 0, 0, 0, 0, 0, 0, 0, 0, 0, 0]","[['p', 'r', 'o'], ['b', 'o', 'k'], ['t̪', 'a']]",probokt̪a
বাংলাদেশীদের,"[11, 2, 29, 12, 2, 17, 5, 9, 4, 17, 5, 1, 0, 0, 0, 0, 0, 0, 0, 0]","[['b', 'a', 'ŋ'], ['l', 'a'], ['d̪', 'e'], ['ʃ', 'i'], ['d̪', 'e', 'r']]",baŋlad̪eʃid̪er
পাউবো,"[15, 43, 11, 3, 0, 0, 0, 0, 0, 0, 0, 0, 0, 0, 0, 0, 0, 0, 0, 0]","[['p', 'au̯'], ['b', 'o']]",pau̯bo
মাদকবিরোধী,"[13, 2, 17, 3, 8, 11, 4, 1, 3, 25, 4, 0, 0, 0, 0, 0, 0, 0, 0, 0]","[['m', 'a'], ['d̪', 'o', 'k'], ['b', 'i'], ['r', 'o'], ['d̪ʱ', 'i']]",mad̪okbirod̪ʱi
আগ্রাসী,"[2, 20, 1, 2, 9, 4, 0, 0, 0, 0, 0, 0, 0, 0, 0, 0, 0, 0, 0, 0]","[['a', 'g'], ['r', 'a'], ['ʃ', 'i']]",agraʃi
মোহাম্মদপুর,"[13, 3, 21, 2, 13, 13, 3, 17, 15, 14, 1, 0, 0, 0, 0, 0, 0, 0, 0, 0]","[['m', 'o'], ['h', 'a', 'm'], ['m', 'o', 'd̪'], ['p', 'u', 'r']]",mohammod̪pur
উদ্ভাবনী,"[14, 17, 23, 2, 11, 3, 6, 4, 0, 0, 0, 0, 0, 0, 0, 0, 0, 0, 0, 0]","[['u', 'd̪'], ['bʱ', 'a'], ['b', 'o'], ['n', 'i']]",ud̪bʱaboni
বৈষম্য,"[11, 36, 9, 7, 13, 13, 3, 0, 0, 0, 0, 0, 0, 0, 0, 0, 0, 0, 0, 0]","[['b', 'oi̯'], ['ʃ', 'ɔ', 'm'], ['m', 'o']]",boi̯ʃɔmmo
ভুগছে,"[23, 14, 20, 31, 5, 0, 0, 0, 0, 0, 0, 0, 0, 0, 0, 0, 0, 0, 0, 0]","[['bʱ', 'u', 'g'], ['tʃʰ', 'e']]",bʱugtʃʰe
শাকিল,"[9, 2, 8, 4, 12, 0, 0, 0, 0, 0, 0, 0, 0, 0, 0, 0, 0, 0, 0, 0]","[['ʃ', 'a'], ['k', 'i', 'l']]",ʃakil
পেশায়,"[15, 5, 9, 42, 0, 0, 0, 0, 0, 0, 0, 0, 0, 0, 0, 0, 0, 0, 0, 0]","[['p', 'e'], ['ʃ', 'ae̯']]",peʃae̯
অধ্যাদেশ,"[3, 17, 25, 2, 17, 5, 9, 0, 0, 0, 0, 0, 0, 0, 0, 0, 0, 0, 0, 0]","[['o', 'd̪'], ['d̪ʱ', 'a'], ['d̪', 'e', 'ʃ']]",od̪d̪ʱad̪eʃ
পরিমাপ,"[15, 3, 1, 4, 13, 2, 15, 0, 0, 0, 0, 0, 0, 0, 0, 0, 0, 0, 0, 0]","[['p', 'o'], ['r', 'i'], ['m', 'a', 'p']]",porimap
বন্দীদের,"[11, 3, 6, 17, 4, 17, 5, 1, 0, 0, 0, 0, 0, 0, 0, 0, 0, 0, 0, 0]","[['b', 'o', 'n'], ['d̪', 'i'], ['d̪', 'e', 'r']]",bond̪id̪er
নিখোঁজের,"[6, 4, 24, 3, 18, 5, 1, 0, 0, 0, 0, 0, 0, 0, 0, 0, 0, 0, 0, 0]","[['n', 'i'], ['kʰ', 'o'], ['dʒ', 'e', 'r']]",nikʰodʒer
হিটলারের,"[21, 4, 16, 12, 2, 1, 5, 1, 0, 0, 0, 0, 0, 0, 0, 0, 0, 0, 0, 0]","[['h', 'i', 'ʈ'], ['l', 'a'], ['r', 'e', 'r']]",hiʈlarer
বহুদিন,"[11, 3, 21, 14, 17, 4, 6, 0, 0, 0, 0, 0, 0, 0, 0, 0, 0, 0, 0, 0]","[['b', 'o'], ['h', 'u'], ['d̪', 'i', 'n']]",bohud̪in
অস্ত্রে,"[7, 19, 10, 1, 5, 0, 0, 0, 0, 0, 0, 0, 0, 0, 0, 0, 0, 0, 0, 0]","[['ɔ', 's'], ['t̪', 'r', 'e']]",ɔst̪re
হজ্ব,"[21, 7, 18, 0, 0, 0, 0, 0, 0, 0, 0, 0, 0, 0, 0, 0, 0, 0, 0, 0]","[['h', 'ɔ', 'dʒ']]",hɔdʒ
শাখায়,"[9, 2, 24, 42, 0, 0, 0, 0, 0, 0, 0, 0, 0, 0, 0, 0, 0, 0, 0, 0]","[['ʃ', 'a'], ['kʰ', 'ae̯']]",ʃakʰae̯
গোষ্ঠী,"[20, 3, 9, 34, 4, 0, 0, 0, 0, 0, 0, 0, 0, 0, 0, 0, 0, 0, 0, 0]","[['g', 'o', 'ʃ'], ['ʈʰ', 'i']]",goʃʈʰi
তাহের,"[10, 2, 21, 5, 1, 0, 0, 0, 0, 0, 0, 0, 0, 0, 0, 0, 0, 0, 0, 0]","[['t̪', 'a'], ['h', 'e', 'r']]",t̪aher
উৎপাদনকারী,"[14, 10, 15, 2, 17, 3, 6, 8, 2, 1, 4, 0, 0, 0, 0, 0, 0, 0, 0, 0]","[['u', 't̪'], ['p', 'a'], ['d̪', 'o', 'n'], ['k', 'a'], ['r', 'i']]",ut̪pad̪onkari
একটানা,"[28, 8, 16, 2, 6, 2, 0, 0, 0, 0, 0, 0, 0, 0, 0, 0, 0, 0, 0, 0]","[['æ', 'k'], ['ʈ', 'a'], ['n', 'a']]",ækʈana
স্টেশনের,"[19, 16, 5, 9, 3, 6, 5, 1, 0, 0, 0, 0, 0, 0, 0, 0, 0, 0, 0, 0]","[['s', 'ʈ', 'e'], ['ʃ', 'o'], ['n', 'e', 'r']]",sʈeʃoner
স্মৃতিতে,"[19, 1, 4, 10, 4, 10, 5, 0, 0, 0, 0, 0, 0, 0, 0, 0, 0, 0, 0, 0]","[['s', 'r', 'i'], ['t̪', 'i'], ['t̪', 'e']]",srit̪it̪e
রানার,"[1, 2, 6, 2, 1, 0, 0, 0, 0, 0, 0, 0, 0, 0, 0, 0, 0, 0, 0, 0]","[['r', 'a'], ['n', 'a', 'r']]",ranar
পাঠানো,"[15, 2, 34, 2, 6, 3, 0, 0, 0, 0, 0, 0, 0, 0, 0, 0, 0, 0, 0, 0]","[['p', 'a'], ['ʈʰ', 'a'], ['n', 'o']]",paʈʰano
গরুর,"[20, 3, 1, 14, 1, 0, 0, 0, 0, 0, 0, 0, 0, 0, 0, 0, 0, 0, 0, 0]","[['g', 'o'], ['r', 'u', 'r']]",gorur
বানানোর,"[11, 2, 6, 2, 6, 3, 1, 0, 0, 0, 0, 0, 0, 0, 0, 0, 0, 0, 0, 0]","[['b', 'a'], ['n', 'a'], ['n', 'o', 'r']]",bananor
আঙুল,"[2, 29, 14, 12, 0, 0, 0, 0, 0, 0, 0, 0, 0, 0, 0, 0, 0, 0, 0, 0]","[['a', 'ŋ'], ['u', 'l']]",aŋul
পথের,"[15, 7, 32, 5, 1, 0, 0, 0, 0, 0, 0, 0, 0, 0, 0, 0, 0, 0, 0, 0]","[['p', 'ɔ'], ['t̪ʰ', 'e', 'r']]",pɔt̪ʰer
শিকাগো,"[9, 4, 8, 2, 20, 3, 0, 0, 0, 0, 0, 0, 0, 0, 0, 0, 0, 0, 0, 0]","[['ʃ', 'i'], ['k', 'a'], ['g', 'o']]",ʃikago
শৈশবে,"[9, 36, 9, 7, 11, 5, 0, 0, 0, 0, 0, 0, 0, 0, 0, 0, 0, 0, 0, 0]","[['ʃ', 'oi̯'], ['ʃ', 'ɔ'], ['b', 'e']]",ʃoi̯ʃɔbe
পুরস্কৃত,"[15, 14, 1, 3, 9, 8, 1, 4, 10, 3, 0, 0, 0, 0, 0, 0, 0, 0, 0, 0]","[['p', 'u'], ['r', 'o', 'ʃ'], ['k', 'r', 'i'], ['t̪', 'o']]",puroʃkrit̪o
জাস্টিন,"[18, 2, 19, 16, 4, 6, 0, 0, 0, 0, 0, 0, 0, 0, 0, 0, 0, 0, 0, 0]","[['dʒ', 'a', 's'], ['ʈ', 'i', 'n']]",dʒasʈin
রপ্তানির,"[1, 7, 15, 10, 2, 6, 4, 1, 0, 0, 0, 0, 0, 0, 0, 0, 0, 0, 0, 0]","[['r', 'ɔ', 'p'], ['t̪', 'a'], ['n', 'i', 'r']]",rɔpt̪anir
বালিশ,"[11, 2, 12, 4, 9, 0, 0, 0, 0, 0, 0, 0, 0, 0, 0, 0, 0, 0, 0, 0]","[['b', 'a'], ['l', 'i', 'ʃ']]",baliʃ
খেলছে,"[24, 5, 12, 31, 5, 0, 0, 0, 0, 0, 0, 0, 0, 0, 0, 0, 0, 0, 0, 0]","[['kʰ', 'e', 'l'], ['tʃʰ', 'e']]",kʰeltʃʰe
রাজকুমারী,"[1, 2, 18, 8, 14, 13, 2, 1, 4, 0, 0, 0, 0, 0, 0, 0, 0, 0, 0, 0]","[['r', 'a', 'dʒ'], ['k', 'u'], ['m', 'a'], ['r', 'i']]",radʒkumari
ফিশার,"[27, 4, 9, 2, 1, 0, 0, 0, 0, 0, 0, 0, 0, 0, 0, 0, 0, 0, 0, 0]","[['f', 'i'], ['ʃ', 'a', 'r']]",fiʃar
পনেরো,"[15, 3, 6, 5, 1, 3, 0, 0, 0, 0, 0, 0, 0, 0, 0, 0, 0, 0, 0, 0]","[['p', 'o'], ['n', 'e'], ['r', 'o']]",ponero
মেডিক্যাল,"[13, 5, 26, 4, 8, 2, 12, 0, 0, 0, 0, 0, 0, 0, 0, 0, 0, 0, 0, 0]","[['m', 'e'], ['ɖ', 'i'], ['k', 'a', 'l']]",meɖikal
রুবানা,"[1, 14, 11, 2, 6, 2, 0, 0, 0, 0, 0, 0, 0, 0, 0, 0, 0, 0, 0, 0]","[['r', 'u'], ['b', 'a'], ['n', 'a']]",rubana
রুটগুলো,"[1, 14, 16, 20, 14, 12, 3, 0, 0, 0, 0, 0, 0, 0, 0, 0, 0, 0, 0, 0]","[['r', 'u', 'ʈ'], ['g', 'u'], ['l', 'o']]",ruʈgulo
দক্ষিণারঞ্জনের,"[17, 3, 8, 24, 4, 6, 2, 1, 7, 6, 18, 3, 6, 5, 1, 0, 0, 0, 0, 0]","[['d̪', 'o', 'k'], ['kʰ', 'i'], ['n', 'a'], ['r', 'ɔ', 'n'], ['dʒ', 'o'], ['n', 'e', 'r']]",d̪okkʰinarɔndʒoner
রসুলের,"[1, 3, 19, 14, 12, 5, 1, 0, 0, 0, 0, 0, 0, 0, 0, 0, 0, 0, 0, 0]","[['r', 'o'], ['s', 'u'], ['l', 'e', 'r']]",rosuler
প্রস্তুতিপর্ব,"[15, 1, 3, 19, 10, 14, 10, 4, 15, 7, 1, 11, 3, 0, 0, 0, 0, 0, 0, 0]","[['p', 'r', 'o', 's'], ['t̪', 'u'], ['t̪', 'i'], ['p', 'ɔ', 'r'], ['b', 'o']]",prost̪ut̪ipɔrbo
কর্মঘণ্টার,"[8, 7, 1, 13, 3, 35, 7, 6, 16, 2, 1, 0, 0, 0, 0, 0, 0, 0, 0, 0]","[['k', 'ɔ', 'r'], ['m', 'o'], ['gʱ', 'ɔ', 'n'], ['ʈ', 'a', 'r']]",kɔrmogʱɔnʈar
দিলকুশা,"[17, 4, 12, 8, 14, 9, 2, 0, 0, 0, 0, 0, 0, 0, 0, 0, 0, 0, 0, 0]","[['d̪', 'i', 'l'], ['k', 'u'], ['ʃ', 'a']]",d̪ilkuʃa
শব্দেই,"[9, 7, 11, 17, 33, 0, 0, 0, 0, 0, 0, 0, 0, 0, 0, 0, 0, 0, 0, 0]","[['ʃ', 'ɔ', 'b'], ['d̪', 'ei̯']]",ʃɔbd̪ei̯
চেনাতে,"[22, 5, 6, 2, 10, 5, 0, 0, 0, 0, 0, 0, 0, 0, 0, 0, 0, 0, 0, 0]","[['tʃ', 'e'], ['n', 'a'], ['t̪', 'e']]",tʃenat̪e
জোসেফাইন,"[18, 3, 19, 5, 27, 30, 6, 0, 0, 0, 0, 0, 0, 0, 0, 0, 0, 0, 0, 0]","[['dʒ', 'o'], ['s', 'e'], ['f', 'ai̯', 'n']]",dʒosefai̯n
সাতপাঁচ,"[9, 2, 10, 15, 2, 22, 0, 0, 0, 0, 0, 0, 0, 0, 0, 0, 0, 0, 0, 0]","[['ʃ', 'a', 't̪'], ['p', 'a', 'tʃ']]",ʃat̪patʃ
খামারিদের,"[24, 2, 13, 2, 1, 4, 17, 5, 1, 0, 0, 0, 0, 0, 0, 0, 0, 0, 0, 0]","[['kʰ', 'a'], ['m', 'a'], ['r', 'i'], ['d̪', 'e', 'r']]",kʰamarid̪er
দেহরক্ষীরা,"[17, 5, 21, 3, 1, 3, 8, 24, 4, 1, 2, 0, 0, 0, 0, 0, 0, 0, 0, 0]","[['d̪', 'e'], ['h', 'o'], ['r', 'o', 'k'], ['kʰ', 'i'], ['r', 'a']]",d̪ehorokkʰira
বৃশ্চিকের,"[11, 1, 4, 9, 22, 4, 8, 5, 1, 0, 0, 0, 0, 0, 0, 0, 0, 0, 0, 0]","[['b', 'r', 'i', 'ʃ'], ['tʃ', 'i'], ['k', 'e', 'r']]",briʃtʃiker
দেশমাতৃকার,"[17, 5, 9, 13, 2, 10, 1, 4, 8, 2, 1, 0, 0, 0, 0, 0, 0, 0, 0, 0]","[['d̪', 'e', 'ʃ'], ['m', 'a', 't̪'], ['r', 'i'], ['k', 'a', 'r']]",d̪eʃmat̪rikar
ফুটলে,"[27, 14, 16, 12, 5, 0, 0, 0, 0, 0, 0, 0, 0, 0, 0, 0, 0, 0, 0, 0]","[['f', 'u', 'ʈ'], ['l', 'e']]",fuʈle
ফার্মগেইট,"[27, 2, 1, 13, 20, 33, 16, 0, 0, 0, 0, 0, 0, 0, 0, 0, 0, 0, 0, 0]","[['f', 'a', 'r', 'm'], ['g', 'ei̯', 'ʈ']]",farmgei̯ʈ
শিকারিকে,"[9, 4, 8, 2, 1, 4, 8, 5, 0, 0, 0, 0, 0, 0, 0, 0, 0, 0, 0, 0]","[['ʃ', 'i'], ['k', 'a'], ['r', 'i'], ['k', 'e']]",ʃikarike
আন্দোলনেরও,"[2, 6, 17, 3, 12, 7, 6, 5, 1, 3, 0, 0, 0, 0, 0, 0, 0, 0, 0, 0]","[['a', 'n'], ['d̪', 'o'], ['l', 'ɔ'], ['n', 'e', 'r'], ['o']]",and̪olɔnero
কন্ডিশনে,"[8, 7, 6, 26, 4, 9, 7, 6, 5, 0, 0, 0, 0, 0, 0, 0, 0, 0, 0, 0]","[['k', 'ɔ', 'n'], ['ɖ', 'i'], ['ʃ', 'ɔ'], ['n', 'e']]",kɔnɖiʃɔne
বিলিরুবিন,"[11, 4, 12, 4, 1, 14, 11, 4, 6, 0, 0, 0, 0, 0, 0, 0, 0, 0, 0, 0]","[['b', 'i'], ['l', 'i'], ['r', 'u'], ['b', 'i', 'n']]",bilirubin
ব্ল্যাটারের,"[11, 12, 28, 16, 2, 1, 5, 1, 0, 0, 0, 0, 0, 0, 0, 0, 0, 0, 0, 0]","[['b', 'l', 'æ'], ['ʈ', 'a'], ['r', 'e', 'r']]",blæʈarer
শাখাই,"[9, 2, 24, 30, 0, 0, 0, 0, 0, 0, 0, 0, 0, 0, 0, 0, 0, 0, 0, 0]","[['ʃ', 'a'], ['kʰ', 'ai̯']]",ʃakʰai̯
বাতাবরণে,"[11, 2, 10, 2, 11, 7, 1, 3, 6, 5, 0, 0, 0, 0, 0, 0, 0, 0, 0, 0]","[['b', 'a'], ['t̪', 'a'], ['b', 'ɔ'], ['r', 'o'], ['n', 'e']]",bat̪abɔrone
এক্সপার্টের,"[5, 8, 19, 15, 2, 1, 16, 5, 1, 0, 0, 0, 0, 0, 0, 0, 0, 0, 0, 0]","[['e', 'k', 's'], ['p', 'a', 'r'], ['ʈ', 'e', 'r']]",eksparʈer
আনোয়ারার,"[2, 6, 3, 2, 1, 2, 1, 0, 0, 0, 0, 0, 0, 0, 0, 0, 0, 0, 0, 0]","[['a'], ['n', 'o'], ['a'], ['r', 'a', 'r']]",anoarar
ম্যাচসেরার,"[13, 28, 22, 9, 5, 1, 2, 1, 0, 0, 0, 0, 0, 0, 0, 0, 0, 0, 0, 0]","[['m', 'æ', 'tʃ'], ['ʃ', 'e'], ['r', 'a', 'r']]",mætʃʃerar
বোর্ডসহ,"[11, 3, 1, 26, 9, 7, 21, 3, 0, 0, 0, 0, 0, 0, 0, 0, 0, 0, 0, 0]","[['b', 'o', 'r', 'ɖ'], ['ʃ', 'ɔ'], ['h', 'o']]",borɖʃɔho
টেইলারিং,"[16, 33, 12, 2, 1, 4, 29, 0, 0, 0, 0, 0, 0, 0, 0, 0, 0, 0, 0, 0]","[['ʈ', 'ei̯'], ['l', 'a'], ['r', 'i', 'ŋ']]",ʈei̯lariŋ
কবুতরটি,"[8, 3, 11, 14, 10, 7, 1, 16, 4, 0, 0, 0, 0, 0, 0, 0, 0, 0, 0, 0]","[['k', 'o'], ['b', 'u'], ['t̪', 'ɔ', 'r'], ['ʈ', 'i']]",kobut̪ɔrʈi
ভাটকে,"[23, 2, 16, 8, 5, 0, 0, 0, 0, 0, 0, 0, 0, 0, 0, 0, 0, 0, 0, 0]","[['bʱ', 'a', 'ʈ'], ['k', 'e']]",bʱaʈke
চাঁদাও,"[22, 2, 17, 38, 0, 0, 0, 0, 0, 0, 0, 0, 0, 0, 0, 0, 0, 0, 0, 0]","[['tʃ', 'a'], ['d̪', 'ao̯']]",tʃad̪ao̯
দেশান্তরি,"[17, 5, 9, 2, 6, 10, 3, 1, 4, 0, 0, 0, 0, 0, 0, 0, 0, 0, 0, 0]","[['d̪', 'e'], ['ʃ', 'a', 'n'], ['t̪', 'o'], ['r', 'i']]",d̪eʃant̪ori
মোল্ড,"[13, 3, 12, 26, 0, 0, 0, 0, 0, 0, 0, 0, 0, 0, 0, 0, 0, 0, 0, 0]","[['m', 'o', 'l', 'ɖ']]",molɖ
আদিত্যর,"[2, 17, 4, 10, 10, 3, 1, 0, 0, 0, 0, 0, 0, 0, 0, 0, 0, 0, 0, 0]","[['a'], ['d̪', 'i', 't̪'], ['t̪', 'o', 'r']]",ad̪it̪t̪or
ব্যাটসম্যানও,"[11, 28, 16, 19, 13, 28, 6, 3, 0, 0, 0, 0, 0, 0, 0, 0, 0, 0, 0, 0]","[['b', 'æ', 'ʈ', 's'], ['m', 'æ'], ['n', 'o']]",bæʈsmæno
তাহমিনার,"[10, 2, 21, 13, 4, 6, 2, 1, 0, 0, 0, 0, 0, 0, 0, 0, 0, 0, 0, 0]","[['t̪', 'a', 'h'], ['m', 'i'], ['n', 'a', 'r']]",t̪ahminar
শর্মিলার,"[9, 3, 1, 13, 4, 12, 2, 1, 0, 0, 0, 0, 0, 0, 0, 0, 0, 0, 0, 0]","[['ʃ', 'o', 'r'], ['m', 'i'], ['l', 'a', 'r']]",ʃormilar
কমলাকান্তের,"[8, 7, 13, 12, 2, 8, 2, 6, 10, 5, 1, 0, 0, 0, 0, 0, 0, 0, 0, 0]","[['k', 'ɔ', 'm'], ['l', 'a'], ['k', 'a', 'n'], ['t̪', 'e', 'r']]",kɔmlakant̪er
টাইকুন,"[16, 30, 8, 14, 6, 0, 0, 0, 0, 0, 0, 0, 0, 0, 0, 0, 0, 0, 0, 0]","[['ʈ', 'ai̯'], ['k', 'u', 'n']]",ʈai̯kun
খুলনাতে,"[24, 14, 12, 6, 2, 10, 5, 0, 0, 0, 0, 0, 0, 0, 0, 0, 0, 0, 0, 0]","[['kʰ', 'u', 'l'], ['n', 'a'], ['t̪', 'e']]",kʰulnat̪e
করির,"[8, 3, 1, 4, 1, 0, 0, 0, 0, 0, 0, 0, 0, 0, 0, 0, 0, 0, 0, 0]","[['k', 'o'], ['r', 'i', 'r']]",korir
ভার্গাসের,"[23, 2, 1, 20, 2, 9, 5, 1, 0, 0, 0, 0, 0, 0, 0, 0, 0, 0, 0, 0]","[['bʱ', 'a', 'r'], ['g', 'a'], ['ʃ', 'e', 'r']]",bʱargaʃer
হাঁট,"[21, 2, 16, 0, 0, 0, 0, 0, 0, 0, 0, 0, 0, 0, 0, 0, 0, 0, 0, 0]","[['h', 'a', 'ʈ']]",haʈ
পরিশোধযোগ্য,"[15, 3, 1, 4, 9, 3, 25, 18, 3, 20, 20, 3, 0, 0, 0, 0, 0, 0, 0, 0]","[['p', 'o'], ['r', 'i'], ['ʃ', 'o', 'd̪ʱ'], ['dʒ', 'o', 'g'], ['g', 'o']]",poriʃod̪ʱdʒoggo
খামারটি,"[24, 2, 13, 2, 1, 16, 4, 0, 0, 0, 0, 0, 0, 0, 0, 0, 0, 0, 0, 0]","[['kʰ', 'a'], ['m', 'a', 'r'], ['ʈ', 'i']]",kʰamarʈi
সত্যার্থী,"[9, 3, 10, 10, 2, 1, 32, 4, 0, 0, 0, 0, 0, 0, 0, 0, 0, 0, 0, 0]","[['ʃ', 'o', 't̪'], ['t̪', 'a', 'r'], ['t̪ʰ', 'i']]",ʃot̪t̪art̪ʰi
ল্যাকটোজ,"[12, 28, 8, 16, 3, 18, 0, 0, 0, 0, 0, 0, 0, 0, 0, 0, 0, 0, 0, 0]","[['l', 'æ', 'k'], ['ʈ', 'o', 'dʒ']]",lækʈodʒ
খিলানের,"[24, 4, 12, 2, 6, 5, 1, 0, 0, 0, 0, 0, 0, 0, 0, 0, 0, 0, 0, 0]","[['kʰ', 'i'], ['l', 'a'], ['n', 'e', 'r']]",kʰilaner
জিগাতলা,"[18, 4, 20, 2, 10, 7, 12, 2, 0, 0, 0, 0, 0, 0, 0, 0, 0, 0, 0, 0]","[['dʒ', 'i'], ['g', 'a'], ['t̪', 'ɔ'], ['l', 'a']]",dʒigat̪ɔla
মহিবুর,"[13, 3, 21, 4, 11, 14, 1, 0, 0, 0, 0, 0, 0, 0, 0, 0, 0, 0, 0, 0]","[['m', 'o'], ['h', 'i'], ['b', 'u', 'r']]",mohibur
ভিডিওচিত্রের,"[23, 4, 26, 4, 3, 22, 4, 10, 1, 5, 1, 0, 0, 0, 0, 0, 0, 0, 0, 0]","[['bʱ', 'i'], ['ɖ', 'i'], ['o'], ['tʃ', 'i', 't̪'], ['r', 'e', 'r']]",bʱiɖiotʃit̪rer
জেনেইরোর,"[18, 5, 6, 5, 4, 1, 3, 1, 0, 0, 0, 0, 0, 0, 0, 0, 0, 0, 0, 0]","[['dʒ', 'e'], ['n', 'e'], ['i'], ['r', 'o', 'r']]",dʒeneiror
প্রবৃত্তিকে,"[15, 1, 3, 11, 1, 4, 10, 10, 4, 8, 5, 0, 0, 0, 0, 0, 0, 0, 0, 0]","[['p', 'r', 'o'], ['b', 'r', 'i', 't̪'], ['t̪', 'i'], ['k', 'e']]",probrit̪t̪ike
মেকআপে,"[13, 5, 8, 2, 15, 5, 0, 0, 0, 0, 0, 0, 0, 0, 0, 0, 0, 0, 0, 0]","[['m', 'e'], ['k', 'a'], ['p', 'e']]",mekape
ওজনাধিক্য,"[3, 18, 3, 6, 2, 25, 4, 8, 8, 3, 0, 0, 0, 0, 0, 0, 0, 0, 0, 0]","[['o'], ['dʒ', 'o'], ['n', 'a'], ['d̪ʱ', 'i', 'k'], ['k', 'o']]",odʒonad̪ʱikko
আশকোনা,"[2, 9, 8, 3, 6, 2, 0, 0, 0, 0, 0, 0, 0, 0, 0, 0, 0, 0, 0, 0]","[['a', 'ʃ'], ['k', 'o'], ['n', 'a']]",aʃkona
জন্মেছিলাম,"[18, 3, 6, 13, 5, 31, 4, 12, 2, 13, 0, 0, 0, 0, 0, 0, 0, 0, 0, 0]","[['dʒ', 'o', 'n'], ['m', 'e'], ['tʃʰ', 'i'], ['l', 'a', 'm']]",dʒonmetʃʰilam
দিপিকার,"[17, 4, 15, 4, 8, 2, 1, 0, 0, 0, 0, 0, 0, 0, 0, 0, 0, 0, 0, 0]","[['d̪', 'i'], ['p', 'i'], ['k', 'a', 'r']]",d̪ipikar
জাফরানের,"[18, 2, 27, 1, 2, 6, 5, 1, 0, 0, 0, 0, 0, 0, 0, 0, 0, 0, 0, 0]","[['dʒ', 'a', 'f'], ['r', 'a'], ['n', 'e', 'r']]",dʒafraner
আঁটছে,"[2, 16, 31, 5, 0, 0, 0, 0, 0, 0, 0, 0, 0, 0, 0, 0, 0, 0, 0, 0]","[['a', 'ʈ'], ['tʃʰ', 'e']]",aʈtʃʰe
রোষে,"[1, 3, 9, 5, 0, 0, 0, 0, 0, 0, 0, 0, 0, 0, 0, 0, 0, 0, 0, 0]","[['r', 'o'], ['ʃ', 'e']]",roʃe
মরহুমের,"[13, 3, 1, 21, 14, 13, 5, 1, 0, 0, 0, 0, 0, 0, 0, 0, 0, 0, 0, 0]","[['m', 'o', 'r'], ['h', 'u'], ['m', 'e', 'r']]",morhumer
ঘোপ,"[35, 3, 15, 0, 0, 0, 0, 0, 0, 0, 0, 0, 0, 0, 0, 0, 0, 0, 0, 0]","[['gʱ', 'o', 'p']]",gʱop
আঁচলের,"[2, 22, 3, 12, 5, 1, 0, 0, 0, 0, 0, 0, 0, 0, 0, 0, 0, 0, 0, 0]","[['a'], ['tʃ', 'o'], ['l', 'e', 'r']]",atʃoler
বিষবাষ্প,"[11, 4, 9, 11, 2, 9, 15, 3, 0, 0, 0, 0, 0, 0, 0, 0, 0, 0, 0, 0]","[['b', 'i', 'ʃ'], ['b', 'a', 'ʃ'], ['p', 'o']]",biʃbaʃpo
স্বাস্থ্যহানির,"[9, 2, 19, 32, 3, 21, 2, 6, 4, 1, 0, 0, 0, 0, 0, 0, 0, 0, 0, 0]","[['ʃ', 'a', 's'], ['t̪ʰ', 'o'], ['h', 'a'], ['n', 'i', 'r']]",ʃast̪ʰohanir
বুহারির,"[11, 14, 21, 2, 1, 4, 1, 0, 0, 0, 0, 0, 0, 0, 0, 0, 0, 0, 0, 0]","[['b', 'u'], ['h', 'a'], ['r', 'i', 'r']]",buharir
স্ট্রেঞ্জার,"[19, 16, 1, 5, 6, 18, 2, 1, 0, 0, 0, 0, 0, 0, 0, 0, 0, 0, 0, 0]","[['s', 'ʈ', 'r', 'e', 'n'], ['dʒ', 'a', 'r']]",sʈrendʒar
ঠোঁটকে,"[34, 3, 16, 8, 5, 0, 0, 0, 0, 0, 0, 0, 0, 0, 0, 0, 0, 0, 0, 0]","[['ʈʰ', 'o', 'ʈ'], ['k', 'e']]",ʈʰoʈke
আমাদিগকে,"[2, 13, 2, 17, 4, 20, 3, 8, 5, 0, 0, 0, 0, 0, 0, 0, 0, 0, 0, 0]","[['a'], ['m', 'a'], ['d̪', 'i'], ['g', 'o'], ['k', 'e']]",amad̪igoke
কথারই,"[8, 7, 32, 2, 1, 4, 0, 0, 0, 0, 0, 0, 0, 0, 0, 0, 0, 0, 0, 0]","[['k', 'ɔ'], ['t̪ʰ', 'a', 'r'], ['i']]",kɔt̪ʰari
জান্নাতুন,"[18, 2, 6, 6, 2, 10, 14, 6, 0, 0, 0, 0, 0, 0, 0, 0, 0, 0, 0, 0]","[['dʒ', 'a', 'n'], ['n', 'a'], ['t̪', 'u', 'n']]",dʒannat̪un
খলিফাদের,"[24, 3, 12, 4, 27, 2, 17, 5, 1, 0, 0, 0, 0, 0, 0, 0, 0, 0, 0, 0]","[['kʰ', 'o'], ['l', 'i'], ['f', 'a'], ['d̪', 'e', 'r']]",kʰolifad̪er
হাদিকে,"[21, 2, 17, 4, 8, 5, 0, 0, 0, 0, 0, 0, 0, 0, 0, 0, 0, 0, 0, 0]","[['h', 'a'], ['d̪', 'i'], ['k', 'e']]",had̪ike
প্রথমাংশে,"[15, 1, 3, 32, 3, 13, 2, 29, 9, 5, 0, 0, 0, 0, 0, 0, 0, 0, 0, 0]","[['p', 'r', 'o'], ['t̪ʰ', 'o'], ['m', 'a', 'ŋ'], ['ʃ', 'e']]",prot̪ʰomaŋʃe
কার্পাস,"[8, 2, 1, 15, 2, 19, 0, 0, 0, 0, 0, 0, 0, 0, 0, 0, 0, 0, 0, 0]","[['k', 'a', 'r'], ['p', 'a', 's']]",karpas
দুম,"[17, 14, 13, 0, 0, 0, 0, 0, 0, 0, 0, 0, 0, 0, 0, 0, 0, 0, 0, 0]","[['d̪', 'u', 'm']]",d̪um
ঊরুতে,"[14, 1, 14, 10, 5, 0, 0, 0, 0, 0, 0, 0, 0, 0, 0, 0, 0, 0, 0, 0]","[['u'], ['r', 'u'], ['t̪', 'e']]",urut̪e
শ্রমশক্তিতে,"[19, 1, 3, 13, 3, 9, 3, 8, 10, 4, 10, 5, 0, 0, 0, 0, 0, 0, 0, 0]","[['s', 'r', 'o'], ['m', 'o'], ['ʃ', 'o', 'k'], ['t̪', 'i'], ['t̪', 'e']]",sromoʃokt̪it̪e
রহিমআফরোজ,"[1, 3, 21, 4, 13, 2, 27, 1, 3, 18, 0, 0, 0, 0, 0, 0, 0, 0, 0, 0]","[['r', 'o'], ['h', 'i', 'm'], ['a', 'f'], ['r', 'o', 'dʒ']]",rohimafrodʒ
নৌযানটির,"[6, 41, 18, 2, 6, 16, 4, 1, 0, 0, 0, 0, 0, 0, 0, 0, 0, 0, 0, 0]","[['n', 'ou̯'], ['dʒ', 'a', 'n'], ['ʈ', 'i', 'r']]",nou̯dʒanʈir
দৃষ্টান্তও,"[17, 1, 4, 9, 16, 2, 6, 10, 3, 3, 0, 0, 0, 0, 0, 0, 0, 0, 0, 0]","[['d̪', 'r', 'i', 'ʃ'], ['ʈ', 'a', 'n'], ['t̪', 'o'], ['o']]",d̪riʃʈant̪oo
মনসুন,"[13, 3, 6, 19, 14, 6, 0, 0, 0, 0, 0, 0, 0, 0, 0, 0, 0, 0, 0, 0]","[['m', 'o', 'n'], ['s', 'u', 'n']]",monsun
চাকরিজীবনের,"[22, 2, 8, 1, 4, 18, 4, 11, 3, 6, 5, 1, 0, 0, 0, 0, 0, 0, 0, 0]","[['tʃ', 'a', 'k'], ['r', 'i'], ['dʒ', 'i'], ['b', 'o'], ['n', 'e', 'r']]",tʃakridʒiboner
পাবেল,"[15, 2, 11, 5, 12, 0, 0, 0, 0, 0, 0, 0, 0, 0, 0, 0, 0, 0, 0, 0]","[['p', 'a'], ['b', 'e', 'l']]",pabel
কোনোরকমে,"[8, 3, 6, 3, 1, 7, 8, 3, 13, 5, 0, 0, 0, 0, 0, 0, 0, 0, 0, 0]","[['k', 'o'], ['n', 'o'], ['r', 'ɔ'], ['k', 'o'], ['m', 'e']]",konorɔkome
ব্যবহিত,"[11, 28, 11, 3, 21, 4, 10, 3, 0, 0, 0, 0, 0, 0, 0, 0, 0, 0, 0, 0]","[['b', 'æ'], ['b', 'o'], ['h', 'i'], ['t̪', 'o']]",bæbohit̪o
আবেদীনকে,"[2, 11, 5, 17, 4, 6, 8, 5, 0, 0, 0, 0, 0, 0, 0, 0, 0, 0, 0, 0]","[['a'], ['b', 'e'], ['d̪', 'i', 'n'], ['k', 'e']]",abed̪inke
ধারাবাহিকটিতে,"[25, 2, 1, 2, 11, 2, 21, 4, 8, 16, 4, 10, 5, 0, 0, 0, 0, 0, 0, 0]","[['d̪ʱ', 'a'], ['r', 'a'], ['b', 'a'], ['h', 'i', 'k'], ['ʈ', 'i'], ['t̪', 'e']]",d̪ʱarabahikʈit̪e
শাঁখারীবাজারের,"[9, 2, 24, 2, 1, 4, 11, 2, 18, 2, 1, 5, 1, 0, 0, 0, 0, 0, 0, 0]","[['ʃ', 'a'], ['kʰ', 'a'], ['r', 'i'], ['b', 'a'], ['dʒ', 'a'], ['r', 'e', 'r']]",ʃakʰaribadʒarer
কলাপসিবল,"[8, 7, 12, 2, 15, 19, 4, 11, 7, 12, 0, 0, 0, 0, 0, 0, 0, 0, 0, 0]","[['k', 'ɔ'], ['l', 'a', 'p'], ['s', 'i'], ['b', 'ɔ', 'l']]",kɔlapsibɔl
রাজকান্দি,"[1, 2, 18, 8, 2, 6, 17, 4, 0, 0, 0, 0, 0, 0, 0, 0, 0, 0, 0, 0]","[['r', 'a', 'dʒ'], ['k', 'a', 'n'], ['d̪', 'i']]",radʒkand̪i
ইস্কাটনে,"[4, 19, 8, 2, 16, 7, 6, 5, 0, 0, 0, 0, 0, 0, 0, 0, 0, 0, 0, 0]","[['i', 's'], ['k', 'a'], ['ʈ', 'ɔ'], ['n', 'e']]",iskaʈɔne
জিকিরে,"[18, 4, 8, 4, 1, 5, 0, 0, 0, 0, 0, 0, 0, 0, 0, 0, 0, 0, 0, 0]","[['dʒ', 'i'], ['k', 'i'], ['r', 'e']]",dʒikire
ঘৃতকুমারীর,"[35, 1, 4, 10, 3, 8, 14, 13, 2, 1, 4, 1, 0, 0, 0, 0, 0, 0, 0, 0]","[['gʱ', 'r', 'i'], ['t̪', 'o'], ['k', 'u'], ['m', 'a'], ['r', 'i', 'r']]",gʱrit̪okumarir
নাহারের,"[6, 2, 21, 2, 1, 5, 1, 0, 0, 0, 0, 0, 0, 0, 0, 0, 0, 0, 0, 0]","[['n', 'a'], ['h', 'a'], ['r', 'e', 'r']]",naharer
লঞ্চডুবির,"[12, 7, 6, 22, 26, 14, 11, 4, 1, 0, 0, 0, 0, 0, 0, 0, 0, 0, 0, 0]","[['l', 'ɔ', 'n', 'tʃ'], ['ɖ', 'u'], ['b', 'i', 'r']]",lɔntʃɖubir
বরফশীতল,"[11, 7, 1, 3, 27, 9, 4, 10, 7, 12, 0, 0, 0, 0, 0, 0, 0, 0, 0, 0]","[['b', 'ɔ'], ['r', 'o', 'f'], ['ʃ', 'i'], ['t̪', 'ɔ', 'l']]",bɔrofʃit̪ɔl
ফোল্ডারে,"[27, 3, 12, 26, 2, 1, 5, 0, 0, 0, 0, 0, 0, 0, 0, 0, 0, 0, 0, 0]","[['f', 'o', 'l'], ['ɖ', 'a'], ['r', 'e']]",folɖare
তাঁতির,"[10, 2, 10, 4, 1, 0, 0, 0, 0, 0, 0, 0, 0, 0, 0, 0, 0, 0, 0, 0]","[['t̪', 'a'], ['t̪', 'i', 'r']]",t̪at̪ir
দেখিল,"[17, 5, 24, 4, 12, 3, 0, 0, 0, 0, 0, 0, 0, 0, 0, 0, 0, 0, 0, 0]","[['d̪', 'e'], ['kʰ', 'i'], ['l', 'o']]",d̪ekʰilo
বাপ্পার,"[11, 2, 15, 15, 2, 1, 0, 0, 0, 0, 0, 0, 0, 0, 0, 0, 0, 0, 0, 0]","[['b', 'a', 'p'], ['p', 'a', 'r']]",bappar
স্প্লিন্টারের,"[19, 15, 12, 4, 6, 16, 2, 1, 5, 1, 0, 0, 0, 0, 0, 0, 0, 0, 0, 0]","[['s', 'p', 'l', 'i', 'n'], ['ʈ', 'a'], ['r', 'e', 'r']]",splinʈarer
করিতেছে,"[8, 3, 1, 4, 10, 5, 31, 5, 0, 0, 0, 0, 0, 0, 0, 0, 0, 0, 0, 0]","[['k', 'o'], ['r', 'i'], ['t̪', 'e'], ['tʃʰ', 'e']]",korit̪etʃʰe
রুদ্ধশ্বাসে,"[1, 14, 17, 25, 3, 9, 2, 9, 5, 0, 0, 0, 0, 0, 0, 0, 0, 0, 0, 0]","[['r', 'u', 'd̪'], ['d̪ʱ', 'o'], ['ʃ', 'a'], ['ʃ', 'e']]",rud̪d̪ʱoʃaʃe
যৌনশক্তি,"[18, 41, 6, 3, 9, 3, 8, 10, 4, 0, 0, 0, 0, 0, 0, 0, 0, 0, 0, 0]","[['dʒ', 'ou̯'], ['n', 'o'], ['ʃ', 'o', 'k'], ['t̪', 'i']]",dʒou̯noʃokt̪i
বেপারি,"[11, 28, 15, 2, 1, 4, 0, 0, 0, 0, 0, 0, 0, 0, 0, 0, 0, 0, 0, 0]","[['b', 'æ'], ['p', 'a'], ['r', 'i']]",bæpari
এসিসির,"[5, 19, 4, 19, 4, 1, 0, 0, 0, 0, 0, 0, 0, 0, 0, 0, 0, 0, 0, 0]","[['e'], ['s', 'i'], ['s', 'i', 'r']]",esisir
প্রিপারেশন,"[15, 1, 4, 15, 2, 1, 5, 9, 7, 6, 0, 0, 0, 0, 0, 0, 0, 0, 0, 0]","[['p', 'r', 'i'], ['p', 'a'], ['r', 'e'], ['ʃ', 'ɔ', 'n']]",pripareʃɔn
যোগাযোগসহ,"[18, 3, 20, 2, 18, 3, 20, 9, 7, 21, 3, 0, 0, 0, 0, 0, 0, 0, 0, 0]","[['dʒ', 'o'], ['g', 'a'], ['dʒ', 'o', 'g'], ['ʃ', 'ɔ'], ['h', 'o']]",dʒogadʒogʃɔho
কংগ্রেসও,"[8, 7, 29, 20, 1, 5, 19, 3, 0, 0, 0, 0, 0, 0, 0, 0, 0, 0, 0, 0]","[['k', 'ɔ', 'ŋ'], ['g', 'r', 'e'], ['s', 'o']]",kɔŋgreso
নরনারীর,"[6, 7, 1, 3, 6, 2, 1, 4, 1, 0, 0, 0, 0, 0, 0, 0, 0, 0, 0, 0]","[['n', 'ɔ'], ['r', 'o'], ['n', 'a'], ['r', 'i', 'r']]",nɔronarir
বেনাপোলের,"[11, 5, 6, 2, 15, 3, 12, 5, 1, 0, 0, 0, 0, 0, 0, 0, 0, 0, 0, 0]","[['b', 'e'], ['n', 'a'], ['p', 'o'], ['l', 'e', 'r']]",benapoler
ফিলের,"[27, 4, 12, 5, 1, 0, 0, 0, 0, 0, 0, 0, 0, 0, 0, 0, 0, 0, 0, 0]","[['f', 'i'], ['l', 'e', 'r']]",filer
মরিসনের,"[13, 3, 1, 4, 9, 7, 6, 5, 1, 0, 0, 0, 0, 0, 0, 0, 0, 0, 0, 0]","[['m', 'o'], ['r', 'i'], ['ʃ', 'ɔ'], ['n', 'e', 'r']]",moriʃɔner
রিনিঝিনি,"[1, 4, 6, 4, 39, 4, 6, 4, 0, 0, 0, 0, 0, 0, 0, 0, 0, 0, 0, 0]","[['r', 'i'], ['n', 'i'], ['dʒʱ', 'i'], ['n', 'i']]",rinidʒʱini
ফার্টিলিটি,"[27, 2, 1, 16, 4, 12, 4, 16, 4, 0, 0, 0, 0, 0, 0, 0, 0, 0, 0, 0]","[['f', 'a', 'r'], ['ʈ', 'i'], ['l', 'i'], ['ʈ', 'i']]",farʈiliʈi
শিক্ষাসফরে,"[9, 4, 8, 24, 2, 19, 7, 27, 3, 1, 5, 0, 0, 0, 0, 0, 0, 0, 0, 0]","[['ʃ', 'i', 'k'], ['kʰ', 'a'], ['s', 'ɔ'], ['f', 'o'], ['r', 'e']]",ʃikkʰasɔfore
ঢুকছিল,"[46, 14, 8, 31, 4, 12, 3, 0, 0, 0, 0, 0, 0, 0, 0, 0, 0, 0, 0, 0]","[['ɖʱ', 'u', 'k'], ['tʃʰ', 'i'], ['l', 'o']]",ɖʱuktʃʰilo
ট্যুইট,"[16, 44, 16, 0, 0, 0, 0, 0, 0, 0, 0, 0, 0, 0, 0, 0, 0, 0, 0, 0]","[['ʈ', 'ui̯', 'ʈ']]",ʈui̯ʈ
বিএনপিসহ,"[11, 4, 5, 6, 15, 4, 9, 7, 21, 3, 0, 0, 0, 0, 0, 0, 0, 0, 0, 0]","[['b', 'i'], ['e', 'n'], ['p', 'i'], ['ʃ', 'ɔ'], ['h', 'o']]",bienpiʃɔho
সন্ধানও,"[9, 7, 6, 25, 2, 6, 3, 0, 0, 0, 0, 0, 0, 0, 0, 0, 0, 0, 0, 0]","[['ʃ', 'ɔ', 'n'], ['d̪ʱ', 'a'], ['n', 'o']]",ʃɔnd̪ʱano
আনারকলির,"[2, 6, 2, 1, 8, 3, 12, 4, 1, 0, 0, 0, 0, 0, 0, 0, 0, 0, 0, 0]","[['a'], ['n', 'a', 'r'], ['k', 'o'], ['l', 'i', 'r']]",anarkolir
ট্রেনটিকে,"[16, 1, 5, 6, 16, 4, 8, 5, 0, 0, 0, 0, 0, 0, 0, 0, 0, 0, 0, 0]","[['ʈ', 'r', 'e', 'n'], ['ʈ', 'i'], ['k', 'e']]",ʈrenʈike
তৌহিদের,"[10, 41, 21, 4, 17, 5, 1, 0, 0, 0, 0, 0, 0, 0, 0, 0, 0, 0, 0, 0]","[['t̪', 'ou̯'], ['h', 'i'], ['d̪', 'e', 'r']]",t̪ou̯hid̪er
মেলাটোনিন,"[13, 5, 12, 2, 16, 3, 6, 4, 6, 0, 0, 0, 0, 0, 0, 0, 0, 0, 0, 0]","[['m', 'e'], ['l', 'a'], ['ʈ', 'o'], ['n', 'i', 'n']]",melaʈonin
ধাক্কাতেই,"[25, 2, 8, 8, 2, 10, 33, 0, 0, 0, 0, 0, 0, 0, 0, 0, 0, 0, 0, 0]","[['d̪ʱ', 'a', 'k'], ['k', 'a'], ['t̪', 'ei̯']]",d̪ʱakkat̪ei̯
মাটিডালি,"[13, 2, 16, 4, 26, 2, 12, 4, 0, 0, 0, 0, 0, 0, 0, 0, 0, 0, 0, 0]","[['m', 'a'], ['ʈ', 'i'], ['ɖ', 'a'], ['l', 'i']]",maʈiɖali
চুনকাম,"[22, 14, 6, 8, 2, 13, 0, 0, 0, 0, 0, 0, 0, 0, 0, 0, 0, 0, 0, 0]","[['tʃ', 'u', 'n'], ['k', 'a', 'm']]",tʃunkam
সৌন্দর্যও,"[9, 41, 6, 17, 7, 1, 18, 3, 3, 0, 0, 0, 0, 0, 0, 0, 0, 0, 0, 0]","[['ʃ', 'ou̯', 'n'], ['d̪', 'ɔ', 'r'], ['dʒ', 'o'], ['o']]",ʃou̯nd̪ɔrdʒoo
স্কুলশিক্ষকের,"[19, 8, 14, 12, 9, 4, 8, 24, 3, 8, 5, 1, 0, 0, 0, 0, 0, 0, 0, 0]","[['s', 'k', 'u', 'l'], ['ʃ', 'i', 'k'], ['kʰ', 'o'], ['k', 'e', 'r']]",skulʃikkʰoker
অভিনেতাও,"[3, 23, 4, 6, 5, 10, 2, 3, 0, 0, 0, 0, 0, 0, 0, 0, 0, 0, 0, 0]","[['o'], ['bʱ', 'i'], ['n', 'e'], ['t̪', 'a'], ['o']]",obʱinet̪ao
নভেম্বরেই,"[6, 7, 23, 5, 13, 11, 7, 1, 33, 0, 0, 0, 0, 0, 0, 0, 0, 0, 0, 0]","[['n', 'ɔ'], ['bʱ', 'e', 'm'], ['b', 'ɔ'], ['r', 'ei̯']]",nɔbʱembɔrei̯
শালিস,"[9, 2, 12, 4, 9, 0, 0, 0, 0, 0, 0, 0, 0, 0, 0, 0, 0, 0, 0, 0]","[['ʃ', 'a'], ['l', 'i', 'ʃ']]",ʃaliʃ
বারীর,"[11, 2, 1, 4, 1, 0, 0, 0, 0, 0, 0, 0, 0, 0, 0, 0, 0, 0, 0, 0]","[['b', 'a'], ['r', 'i', 'r']]",barir
ব্যাংকটিকে,"[11, 28, 29, 8, 16, 4, 8, 5, 0, 0, 0, 0, 0, 0, 0, 0, 0, 0, 0, 0]","[['b', 'æ', 'ŋ', 'k'], ['ʈ', 'i'], ['k', 'e']]",bæŋkʈike
সেন্টারগুলোতে,"[9, 5, 6, 16, 2, 1, 20, 14, 12, 3, 10, 5, 0, 0, 0, 0, 0, 0, 0, 0]","[['ʃ', 'e', 'n'], ['ʈ', 'a', 'r'], ['g', 'u'], ['l', 'o'], ['t̪', 'e']]",ʃenʈargulot̪e
ঘুইরা,"[35, 44, 1, 2, 0, 0, 0, 0, 0, 0, 0, 0, 0, 0, 0, 0, 0, 0, 0, 0]","[['gʱ', 'ui̯'], ['r', 'a']]",gʱui̯ra
উদ্যোগেও,"[14, 17, 17, 3, 20, 37, 0, 0, 0, 0, 0, 0, 0, 0, 0, 0, 0, 0, 0, 0]","[['u', 'd̪'], ['d̪', 'o'], ['g', 'eo̯']]",ud̪d̪ogeo̯
ব্যঞ্জনবর্ণের,"[11, 28, 6, 18, 3, 6, 11, 7, 1, 6, 5, 1, 0, 0, 0, 0, 0, 0, 0, 0]","[['b', 'æ', 'n'], ['dʒ', 'o', 'n'], ['b', 'ɔ', 'r'], ['n', 'e', 'r']]",bændʒonbɔrner
বসাও,"[11, 7, 9, 38, 0, 0, 0, 0, 0, 0, 0, 0, 0, 0, 0, 0, 0, 0, 0, 0]","[['b', 'ɔ'], ['ʃ', 'ao̯']]",bɔʃao̯
টিনশেডের,"[16, 4, 6, 9, 5, 26, 5, 1, 0, 0, 0, 0, 0, 0, 0, 0, 0, 0, 0, 0]","[['ʈ', 'i', 'n'], ['ʃ', 'e'], ['ɖ', 'e', 'r']]",ʈinʃeɖer
মাদকতা,"[13, 2, 17, 3, 8, 7, 10, 2, 0, 0, 0, 0, 0, 0, 0, 0, 0, 0, 0, 0]","[['m', 'a'], ['d̪', 'o'], ['k', 'ɔ'], ['t̪', 'a']]",mad̪okɔt̪a
তদবিরের,"[10, 3, 17, 11, 4, 1, 5, 1, 0, 0, 0, 0, 0, 0, 0, 0, 0, 0, 0, 0]","[['t̪', 'o', 'd̪'], ['b', 'i'], ['r', 'e', 'r']]",t̪od̪birer
পাবলিকেশনের,"[15, 2, 11, 12, 4, 8, 5, 9, 3, 6, 5, 1, 0, 0, 0, 0, 0, 0, 0, 0]","[['p', 'a', 'b'], ['l', 'i'], ['k', 'e'], ['ʃ', 'o'], ['n', 'e', 'r']]",pablikeʃoner
নিষিদ্ধও,"[6, 4, 9, 4, 17, 25, 3, 3, 0, 0, 0, 0, 0, 0, 0, 0, 0, 0, 0, 0]","[['n', 'i'], ['ʃ', 'i', 'd̪'], ['d̪ʱ', 'o'], ['o']]",niʃid̪d̪ʱoo
মার্কিনি,"[13, 2, 1, 8, 4, 6, 4, 0, 0, 0, 0, 0, 0, 0, 0, 0, 0, 0, 0, 0]","[['m', 'a', 'r'], ['k', 'i'], ['n', 'i']]",markini
শুদ্ধাচার,"[9, 14, 17, 25, 2, 22, 2, 1, 0, 0, 0, 0, 0, 0, 0, 0, 0, 0, 0, 0]","[['ʃ', 'u', 'd̪'], ['d̪ʱ', 'a'], ['tʃ', 'a', 'r']]",ʃud̪d̪ʱatʃar
নিরুত্তর,"[6, 4, 1, 14, 10, 10, 7, 1, 0, 0, 0, 0, 0, 0, 0, 0, 0, 0, 0, 0]","[['n', 'i'], ['r', 'u', 't̪'], ['t̪', 'ɔ', 'r']]",nirut̪t̪ɔr
তাকাতেই,"[10, 2, 8, 2, 10, 33, 0, 0, 0, 0, 0, 0, 0, 0, 0, 0, 0, 0, 0, 0]","[['t̪', 'a'], ['k', 'a'], ['t̪', 'ei̯']]",t̪akat̪ei̯
কান্ট্রিতে,"[8, 2, 6, 16, 1, 4, 10, 5, 0, 0, 0, 0, 0, 0, 0, 0, 0, 0, 0, 0]","[['k', 'a', 'n'], ['ʈ', 'r', 'i'], ['t̪', 'e']]",kanʈrit̪e
ইস্রাফিল,"[4, 19, 1, 2, 27, 4, 12, 0, 0, 0, 0, 0, 0, 0, 0, 0, 0, 0, 0, 0]","[['i', 's'], ['r', 'a'], ['f', 'i', 'l']]",israfil
জেনী,"[18, 5, 6, 4, 0, 0, 0, 0, 0, 0, 0, 0, 0, 0, 0, 0, 0, 0, 0, 0]","[['dʒ', 'e'], ['n', 'i']]",dʒeni
ভাজক,"[23, 2, 18, 3, 8, 0, 0, 0, 0, 0, 0, 0, 0, 0, 0, 0, 0, 0, 0, 0]","[['bʱ', 'a'], ['dʒ', 'o', 'k']]",bʱadʒok
মাহীকে,"[13, 2, 21, 4, 8, 5, 0, 0, 0, 0, 0, 0, 0, 0, 0, 0, 0, 0, 0, 0]","[['m', 'a'], ['h', 'i'], ['k', 'e']]",mahike
কমেন্টের,"[8, 7, 13, 5, 6, 16, 5, 1, 0, 0, 0, 0, 0, 0, 0, 0, 0, 0, 0, 0]","[['k', 'ɔ'], ['m', 'e', 'n'], ['ʈ', 'e', 'r']]",kɔmenʈer
ঘণ্টাখানেকের,"[35, 7, 6, 16, 2, 24, 2, 6, 5, 8, 5, 1, 0, 0, 0, 0, 0, 0, 0, 0]","[['gʱ', 'ɔ', 'n'], ['ʈ', 'a'], ['kʰ', 'a'], ['n', 'e'], ['k', 'e', 'r']]",gʱɔnʈakʰaneker
পকেটেই,"[15, 7, 8, 5, 16, 33, 0, 0, 0, 0, 0, 0, 0, 0, 0, 0, 0, 0, 0, 0]","[['p', 'ɔ'], ['k', 'e'], ['ʈ', 'ei̯']]",pɔkeʈei̯
জাদুকরকে,"[18, 2, 17, 14, 8, 7, 1, 8, 5, 0, 0, 0, 0, 0, 0, 0, 0, 0, 0, 0]","[['dʒ', 'a'], ['d̪', 'u'], ['k', 'ɔ', 'r'], ['k', 'e']]",dʒad̪ukɔrke
শ্রমজীবীর,"[19, 1, 3, 13, 3, 18, 4, 11, 4, 1, 0, 0, 0, 0, 0, 0, 0, 0, 0, 0]","[['s', 'r', 'o'], ['m', 'o'], ['dʒ', 'i'], ['b', 'i', 'r']]",sromodʒibir
হত্যামামলার,"[21, 3, 10, 10, 2, 13, 2, 13, 12, 2, 1, 0, 0, 0, 0, 0, 0, 0, 0, 0]","[['h', 'o', 't̪'], ['t̪', 'a'], ['m', 'a', 'm'], ['l', 'a', 'r']]",hot̪t̪amamlar
ওসমানীকে,"[3, 19, 13, 2, 6, 4, 8, 5, 0, 0, 0, 0, 0, 0, 0, 0, 0, 0, 0, 0]","[['o', 's'], ['m', 'a'], ['n', 'i'], ['k', 'e']]",osmanike
নূরজাহানকে,"[6, 14, 1, 18, 2, 21, 2, 6, 8, 5, 0, 0, 0, 0, 0, 0, 0, 0, 0, 0]","[['n', 'u', 'r'], ['dʒ', 'a'], ['h', 'a', 'n'], ['k', 'e']]",nurdʒahanke
নভেরার,"[6, 7, 23, 5, 1, 2, 1, 0, 0, 0, 0, 0, 0, 0, 0, 0, 0, 0, 0, 0]","[['n', 'ɔ'], ['bʱ', 'e'], ['r', 'a', 'r']]",nɔbʱerar
বাংলামোটর,"[11, 2, 29, 12, 2, 13, 3, 16, 3, 1, 0, 0, 0, 0, 0, 0, 0, 0, 0, 0]","[['b', 'a', 'ŋ'], ['l', 'a'], ['m', 'o'], ['ʈ', 'o', 'r']]",baŋlamoʈor
টুইংকেল,"[16, 44, 29, 8, 5, 12, 0, 0, 0, 0, 0, 0, 0, 0, 0, 0, 0, 0, 0, 0]","[['ʈ', 'ui̯', 'ŋ'], ['k', 'e', 'l']]",ʈui̯ŋkel
ছাত্রীটি,"[31, 2, 10, 1, 4, 16, 4, 0, 0, 0, 0, 0, 0, 0, 0, 0, 0, 0, 0, 0]","[['tʃʰ', 'a', 't̪'], ['r', 'i'], ['ʈ', 'i']]",tʃʰat̪riʈi
আবদুল্লাহিল,"[2, 11, 17, 14, 12, 12, 2, 21, 4, 12, 0, 0, 0, 0, 0, 0, 0, 0, 0, 0]","[['a', 'b'], ['d̪', 'u', 'l'], ['l', 'a'], ['h', 'i', 'l']]",abd̪ullahil
হরমোনজনিত,"[21, 7, 1, 13, 3, 6, 18, 3, 6, 4, 10, 3, 0, 0, 0, 0, 0, 0, 0, 0]","[['h', 'ɔ', 'r'], ['m', 'o', 'n'], ['dʒ', 'o'], ['n', 'i'], ['t̪', 'o']]",hɔrmondʒonit̪o
খননকাজে,"[24, 7, 6, 3, 6, 8, 2, 18, 5, 0, 0, 0, 0, 0, 0, 0, 0, 0, 0, 0]","[['kʰ', 'ɔ'], ['n', 'o', 'n'], ['k', 'a'], ['dʒ', 'e']]",kʰɔnonkadʒe
লালবাজারের,"[12, 2, 12, 11, 2, 18, 2, 1, 5, 1, 0, 0, 0, 0, 0, 0, 0, 0, 0, 0]","[['l', 'a', 'l'], ['b', 'a'], ['dʒ', 'a'], ['r', 'e', 'r']]",lalbadʒarer
নৌকাটিতে,"[6, 47, 8, 2, 16, 4, 10, 5, 0, 0, 0, 0, 0, 0, 0, 0, 0, 0, 0, 0]","[['n', 'oo̯'], ['k', 'a'], ['ʈ', 'i'], ['t̪', 'e']]",noo̯kaʈit̪e
ভূপতি,"[23, 14, 15, 3, 10, 4, 0, 0, 0, 0, 0, 0, 0, 0, 0, 0, 0, 0, 0, 0]","[['bʱ', 'u'], ['p', 'o'], ['t̪', 'i']]",bʱupot̪i
রোমেরোর,"[1, 3, 13, 5, 1, 3, 1, 0, 0, 0, 0, 0, 0, 0, 0, 0, 0, 0, 0, 0]","[['r', 'o'], ['m', 'e'], ['r', 'o', 'r']]",romeror
দিকনির্দেশনামূলক,"[17, 4, 8, 6, 4, 1, 17, 5, 9, 3, 6, 2, 13, 14, 12, 3, 8, 0, 0, 0]","[['d̪', 'i', 'k'], ['n', 'i', 'r'], ['d̪', 'e'], ['ʃ', 'o'], ['n', 'a'], ['m', 'u'], ['l', 'o', 'k']]",d̪iknird̪eʃonamulok
বন্দেগিতে,"[11, 3, 6, 17, 5, 20, 4, 10, 5, 0, 0, 0, 0, 0, 0, 0, 0, 0, 0, 0]","[['b', 'o', 'n'], ['d̪', 'e'], ['g', 'i'], ['t̪', 'e']]",bond̪egit̪e
প্রামাণিকের,"[15, 1, 2, 13, 2, 6, 4, 8, 5, 1, 0, 0, 0, 0, 0, 0, 0, 0, 0, 0]","[['p', 'r', 'a'], ['m', 'a'], ['n', 'i'], ['k', 'e', 'r']]",pramaniker
সাক্ষাতকালে,"[9, 2, 8, 24, 2, 10, 8, 2, 12, 5, 0, 0, 0, 0, 0, 0, 0, 0, 0, 0]","[['ʃ', 'a', 'k'], ['kʰ', 'a', 't̪'], ['k', 'a'], ['l', 'e']]",ʃakkʰat̪kale
শ্রমবাজারের,"[19, 1, 3, 13, 3, 11, 2, 18, 2, 1, 5, 1, 0, 0, 0, 0, 0, 0, 0, 0]","[['s', 'r', 'o'], ['m', 'o'], ['b', 'a'], ['dʒ', 'a'], ['r', 'e', 'r']]",sromobadʒarer
বিস্ফোরকগুলো,"[11, 4, 9, 27, 3, 1, 3, 8, 20, 14, 12, 3, 0, 0, 0, 0, 0, 0, 0, 0]","[['b', 'i', 'ʃ'], ['f', 'o'], ['r', 'o', 'k'], ['g', 'u'], ['l', 'o']]",biʃforokgulo
হামে,"[21, 2, 13, 5, 0, 0, 0, 0, 0, 0, 0, 0, 0, 0, 0, 0, 0, 0, 0, 0]","[['h', 'a'], ['m', 'e']]",hame
ভাগ্নির,"[23, 2, 20, 6, 4, 1, 0, 0, 0, 0, 0, 0, 0, 0, 0, 0, 0, 0, 0, 0]","[['bʱ', 'a', 'g'], ['n', 'i', 'r']]",bʱagnir
কাব্যকে,"[8, 2, 11, 11, 3, 8, 5, 0, 0, 0, 0, 0, 0, 0, 0, 0, 0, 0, 0, 0]","[['k', 'a', 'b'], ['b', 'o'], ['k', 'e']]",kabboke
কার্গোর,"[8, 2, 1, 20, 3, 1, 0, 0, 0, 0, 0, 0, 0, 0, 0, 0, 0, 0, 0, 0]","[['k', 'a', 'r'], ['g', 'o', 'r']]",kargor
স্লুইসগেট,"[19, 12, 44, 9, 20, 5, 16, 0, 0, 0, 0, 0, 0, 0, 0, 0, 0, 0, 0, 0]","[['s', 'l', 'ui̯', 'ʃ'], ['g', 'e', 'ʈ']]",slui̯ʃgeʈ
হাহাকারের,"[21, 2, 21, 2, 8, 2, 1, 5, 1, 0, 0, 0, 0, 0, 0, 0, 0, 0, 0, 0]","[['h', 'a'], ['h', 'a'], ['k', 'a'], ['r', 'e', 'r']]",hahakarer
ট্রেইনি,"[16, 1, 33, 6, 4, 0, 0, 0, 0, 0, 0, 0, 0, 0, 0, 0, 0, 0, 0, 0]","[['ʈ', 'r', 'ei̯'], ['n', 'i']]",ʈrei̯ni
হাতিরপুলের,"[21, 2, 10, 4, 1, 15, 14, 12, 5, 1, 0, 0, 0, 0, 0, 0, 0, 0, 0, 0]","[['h', 'a'], ['t̪', 'i', 'r'], ['p', 'u'], ['l', 'e', 'r']]",hat̪irpuler
ইত্যাদিতেও,"[4, 10, 10, 2, 17, 4, 10, 37, 0, 0, 0, 0, 0, 0, 0, 0, 0, 0, 0, 0]","[['i', 't̪'], ['t̪', 'a'], ['d̪', 'i'], ['t̪', 'eo̯']]",it̪t̪ad̪it̪eo̯
খাতাটি,"[24, 2, 10, 2, 16, 4, 0, 0, 0, 0, 0, 0, 0, 0, 0, 0, 0, 0, 0, 0]","[['kʰ', 'a'], ['t̪', 'a'], ['ʈ', 'i']]",kʰat̪aʈi
কারাগারেও,"[8, 2, 1, 2, 20, 2, 1, 37, 0, 0, 0, 0, 0, 0, 0, 0, 0, 0, 0, 0]","[['k', 'a'], ['r', 'a'], ['g', 'a'], ['r', 'eo̯']]",karagareo̯
মুরগিতে,"[13, 14, 1, 20, 4, 10, 5, 0, 0, 0, 0, 0, 0, 0, 0, 0, 0, 0, 0, 0]","[['m', 'u', 'r'], ['g', 'i'], ['t̪', 'e']]",murgit̪e
ঝামা,"[39, 2, 13, 2, 0, 0, 0, 0, 0, 0, 0, 0, 0, 0, 0, 0, 0, 0, 0, 0]","[['dʒʱ', 'a'], ['m', 'a']]",dʒʱama
ডেভেলপারের,"[26, 5, 23, 5, 12, 7, 15, 2, 1, 5, 1, 0, 0, 0, 0, 0, 0, 0, 0, 0]","[['ɖ', 'e'], ['bʱ', 'e'], ['l', 'ɔ'], ['p', 'a'], ['r', 'e', 'r']]",ɖebʱelɔparer
মিমাংসার,"[13, 4, 13, 2, 29, 9, 2, 1, 0, 0, 0, 0, 0, 0, 0, 0, 0, 0, 0, 0]","[['m', 'i'], ['m', 'a', 'ŋ'], ['ʃ', 'a', 'r']]",mimaŋʃar
জ্ঞানেন্দ্র,"[20, 28, 6, 5, 6, 17, 1, 3, 0, 0, 0, 0, 0, 0, 0, 0, 0, 0, 0, 0]","[['g', 'æ'], ['n', 'e', 'n'], ['d̪', 'r', 'o']]",gænend̪ro
রাজাবাজারে,"[1, 2, 18, 2, 11, 2, 18, 2, 1, 5, 0, 0, 0, 0, 0, 0, 0, 0, 0, 0]","[['r', 'a'], ['dʒ', 'a'], ['b', 'a'], ['dʒ', 'a'], ['r', 'e']]",radʒabadʒare
তিতুমীরের,"[10, 4, 10, 14, 13, 4, 1, 5, 1, 0, 0, 0, 0, 0, 0, 0, 0, 0, 0, 0]","[['t̪', 'i'], ['t̪', 'u'], ['m', 'i'], ['r', 'e', 'r']]",t̪it̪umirer
সাহসীদের,"[9, 2, 21, 3, 9, 4, 17, 5, 1, 0, 0, 0, 0, 0, 0, 0, 0, 0, 0, 0]","[['ʃ', 'a'], ['h', 'o'], ['ʃ', 'i'], ['d̪', 'e', 'r']]",ʃahoʃid̪er
বিপিসির,"[11, 4, 15, 4, 19, 4, 1, 0, 0, 0, 0, 0, 0, 0, 0, 0, 0, 0, 0, 0]","[['b', 'i'], ['p', 'i'], ['s', 'i', 'r']]",bipisir
সবুরের,"[9, 7, 11, 14, 1, 5, 1, 0, 0, 0, 0, 0, 0, 0, 0, 0, 0, 0, 0, 0]","[['ʃ', 'ɔ'], ['b', 'u'], ['r', 'e', 'r']]",ʃɔburer
ফ্লস,"[27, 12, 7, 19, 0, 0, 0, 0, 0, 0, 0, 0, 0, 0, 0, 0, 0, 0, 0, 0]","[['f', 'l', 'ɔ', 's']]",flɔs
বিচারেই,"[11, 4, 22, 2, 1, 33, 0, 0, 0, 0, 0, 0, 0, 0, 0, 0, 0, 0, 0, 0]","[['b', 'i'], ['tʃ', 'a'], ['r', 'ei̯']]",bitʃarei̯
কূটকৌশলের,"[8, 14, 16, 8, 41, 9, 7, 12, 5, 1, 0, 0, 0, 0, 0, 0, 0, 0, 0, 0]","[['k', 'u', 'ʈ'], ['k', 'ou̯'], ['ʃ', 'ɔ'], ['l', 'e', 'r']]",kuʈkou̯ʃɔler
সুজানের,"[9, 14, 18, 2, 6, 5, 1, 0, 0, 0, 0, 0, 0, 0, 0, 0, 0, 0, 0, 0]","[['ʃ', 'u'], ['dʒ', 'a'], ['n', 'e', 'r']]",ʃudʒaner
ফিনিশার,"[27, 4, 6, 4, 9, 2, 1, 0, 0, 0, 0, 0, 0, 0, 0, 0, 0, 0, 0, 0]","[['f', 'i'], ['n', 'i'], ['ʃ', 'a', 'r']]",finiʃar
পাতাবাহার,"[15, 2, 10, 2, 11, 2, 21, 2, 1, 0, 0, 0, 0, 0, 0, 0, 0, 0, 0, 0]","[['p', 'a'], ['t̪', 'a'], ['b', 'a'], ['h', 'a', 'r']]",pat̪abahar
ডাস্টিন,"[26, 2, 19, 16, 4, 6, 0, 0, 0, 0, 0, 0, 0, 0, 0, 0, 0, 0, 0, 0]","[['ɖ', 'a', 's'], ['ʈ', 'i', 'n']]",ɖasʈin
মাইক্রোবাসটির,"[13, 30, 8, 1, 3, 11, 2, 19, 16, 4, 1, 0, 0, 0, 0, 0, 0, 0, 0, 0]","[['m', 'ai̯', 'k'], ['r', 'o'], ['b', 'a', 's'], ['ʈ', 'i', 'r']]",mai̯krobasʈir
সাতকরা,"[9, 2, 10, 8, 7, 1, 2, 0, 0, 0, 0, 0, 0, 0, 0, 0, 0, 0, 0, 0]","[['ʃ', 'a', 't̪'], ['k', 'ɔ'], ['r', 'a']]",ʃat̪kɔra
তৈজসপত্রের,"[10, 36, 18, 7, 9, 15, 7, 10, 1, 5, 1, 0, 0, 0, 0, 0, 0, 0, 0, 0]","[['t̪', 'oi̯'], ['dʒ', 'ɔ', 'ʃ'], ['p', 'ɔ', 't̪'], ['r', 'e', 'r']]",t̪oi̯dʒɔʃpɔt̪rer
নিম্নাংশ,"[6, 4, 13, 6, 2, 29, 9, 3, 0, 0, 0, 0, 0, 0, 0, 0, 0, 0, 0, 0]","[['n', 'i', 'm'], ['n', 'a', 'ŋ'], ['ʃ', 'o']]",nimnaŋʃo
তেহারি,"[10, 5, 21, 2, 1, 4, 0, 0, 0, 0, 0, 0, 0, 0, 0, 0, 0, 0, 0, 0]","[['t̪', 'e'], ['h', 'a'], ['r', 'i']]",t̪ehari
বাহুবন্ধনী,"[11, 2, 21, 14, 11, 7, 6, 25, 3, 6, 4, 0, 0, 0, 0, 0, 0, 0, 0, 0]","[['b', 'a'], ['h', 'u'], ['b', 'ɔ', 'n'], ['d̪ʱ', 'o'], ['n', 'i']]",bahubɔnd̪ʱoni
বার্বাডোজে,"[11, 2, 1, 11, 2, 26, 3, 18, 5, 0, 0, 0, 0, 0, 0, 0, 0, 0, 0, 0]","[['b', 'a', 'r'], ['b', 'a'], ['ɖ', 'o'], ['dʒ', 'e']]",barbaɖodʒe
নিষেধাজ্ঞাও,"[6, 4, 9, 5, 25, 2, 20, 20, 38, 0, 0, 0, 0, 0, 0, 0, 0, 0, 0, 0]","[['n', 'i'], ['ʃ', 'e'], ['d̪ʱ', 'a', 'g'], ['g', 'ao̯']]",niʃed̪ʱaggao̯
লাড্ডুর,"[12, 2, 26, 26, 14, 1, 0, 0, 0, 0, 0, 0, 0, 0, 0, 0, 0, 0, 0, 0]","[['l', 'a', 'ɖ'], ['ɖ', 'u', 'r']]",laɖɖur
একফাঁকে,"[5, 8, 27, 2, 8, 5, 0, 0, 0, 0, 0, 0, 0, 0, 0, 0, 0, 0, 0, 0]","[['e', 'k'], ['f', 'a'], ['k', 'e']]",ekfake
ডালও,"[26, 2, 12, 3, 0, 0, 0, 0, 0, 0, 0, 0, 0, 0, 0, 0, 0, 0, 0, 0]","[['ɖ', 'a', 'l'], ['o']]",ɖalo
মিনিটব্যাপী,"[13, 4, 6, 4, 16, 11, 28, 15, 4, 0, 0, 0, 0, 0, 0, 0, 0, 0, 0, 0]","[['m', 'i'], ['n', 'i', 'ʈ'], ['b', 'æ'], ['p', 'i']]",miniʈbæpi
প্রকোপও,"[15, 1, 3, 8, 3, 15, 3, 0, 0, 0, 0, 0, 0, 0, 0, 0, 0, 0, 0, 0]","[['p', 'r', 'o'], ['k', 'o', 'p'], ['o']]",prokopo
ভ্রান্তির,"[23, 1, 2, 6, 10, 4, 1, 0, 0, 0, 0, 0, 0, 0, 0, 0, 0, 0, 0, 0]","[['bʱ', 'r', 'a', 'n'], ['t̪', 'i', 'r']]",bʱrant̪ir
প্রচারণাকালে,"[15, 1, 3, 22, 2, 1, 3, 6, 2, 8, 2, 12, 5, 0, 0, 0, 0, 0, 0, 0]","[['p', 'r', 'o'], ['tʃ', 'a'], ['r', 'o'], ['n', 'a'], ['k', 'a'], ['l', 'e']]",protʃaronakale
জনারণ্যে,"[18, 7, 6, 2, 1, 7, 6, 6, 5, 0, 0, 0, 0, 0, 0, 0, 0, 0, 0, 0]","[['dʒ', 'ɔ'], ['n', 'a'], ['r', 'ɔ', 'n'], ['n', 'e']]",dʒɔnarɔnne
মালদিনি,"[13, 2, 12, 17, 4, 6, 4, 0, 0, 0, 0, 0, 0, 0, 0, 0, 0, 0, 0, 0]","[['m', 'a', 'l'], ['d̪', 'i'], ['n', 'i']]",mald̪ini
মেশিনারিজ,"[13, 5, 9, 4, 6, 2, 1, 4, 18, 0, 0, 0, 0, 0, 0, 0, 0, 0, 0, 0]","[['m', 'e'], ['ʃ', 'i'], ['n', 'a'], ['r', 'i', 'dʒ']]",meʃinaridʒ
খামারিরা,"[24, 2, 13, 2, 1, 4, 1, 2, 0, 0, 0, 0, 0, 0, 0, 0, 0, 0, 0, 0]","[['kʰ', 'a'], ['m', 'a'], ['r', 'i'], ['r', 'a']]",kʰamarira
মুকুটে,"[13, 14, 8, 14, 16, 5, 0, 0, 0, 0, 0, 0, 0, 0, 0, 0, 0, 0, 0, 0]","[['m', 'u'], ['k', 'u'], ['ʈ', 'e']]",mukuʈe
টিটুর,"[16, 4, 16, 14, 1, 0, 0, 0, 0, 0, 0, 0, 0, 0, 0, 0, 0, 0, 0, 0]","[['ʈ', 'i'], ['ʈ', 'u', 'r']]",ʈiʈur
শাঁই,"[9, 30, 0, 0, 0, 0, 0, 0, 0, 0, 0, 0, 0, 0, 0, 0, 0, 0, 0, 0]","[['ʃ', 'ai̯']]",ʃai̯
কোর্টও,"[8, 3, 1, 16, 3, 0, 0, 0, 0, 0, 0, 0, 0, 0, 0, 0, 0, 0, 0, 0]","[['k', 'o', 'r', 'ʈ'], ['o']]",korʈo
সরকারীকরণের,"[9, 7, 1, 8, 2, 1, 4, 8, 7, 1, 3, 6, 5, 1, 0, 0, 0, 0, 0, 0]","[['ʃ', 'ɔ', 'r'], ['k', 'a'], ['r', 'i'], ['k', 'ɔ'], ['r', 'o'], ['n', 'e', 'r']]",ʃɔrkarikɔroner
কুঠারাঘাত,"[8, 14, 34, 2, 1, 2, 35, 2, 10, 0, 0, 0, 0, 0, 0, 0, 0, 0, 0, 0]","[['k', 'u'], ['ʈʰ', 'a'], ['r', 'a'], ['gʱ', 'a', 't̪']]",kuʈʰaragʱat̪
কাটাসুর,"[8, 2, 16, 2, 9, 14, 1, 0, 0, 0, 0, 0, 0, 0, 0, 0, 0, 0, 0, 0]","[['k', 'a'], ['ʈ', 'a'], ['ʃ', 'u', 'r']]",kaʈaʃur
ক্লিভেজ,"[8, 12, 4, 23, 5, 18, 0, 0, 0, 0, 0, 0, 0, 0, 0, 0, 0, 0, 0, 0]","[['k', 'l', 'i'], ['bʱ', 'e', 'dʒ']]",klibʱedʒ
লাগামহীনভাবে,"[12, 2, 20, 2, 13, 21, 4, 6, 23, 2, 11, 5, 0, 0, 0, 0, 0, 0, 0, 0]","[['l', 'a'], ['g', 'a', 'm'], ['h', 'i', 'n'], ['bʱ', 'a'], ['b', 'e']]",lagamhinbʱabe
সীমান্তেও,"[9, 4, 13, 2, 6, 10, 37, 0, 0, 0, 0, 0, 0, 0, 0, 0, 0, 0, 0, 0]","[['ʃ', 'i'], ['m', 'a', 'n'], ['t̪', 'eo̯']]",ʃimant̪eo̯
আমেনার,"[2, 13, 5, 6, 2, 1, 0, 0, 0, 0, 0, 0, 0, 0, 0, 0, 0, 0, 0, 0]","[['a'], ['m', 'e'], ['n', 'a', 'r']]",amenar
ঘাগরা,"[35, 2, 20, 1, 2, 0, 0, 0, 0, 0, 0, 0, 0, 0, 0, 0, 0, 0, 0, 0]","[['gʱ', 'a', 'g'], ['r', 'a']]",gʱagra
আব্দুল্লাহেল,"[2, 11, 17, 14, 12, 12, 2, 21, 5, 12, 0, 0, 0, 0, 0, 0, 0, 0, 0, 0]","[['a', 'b'], ['d̪', 'u', 'l'], ['l', 'a'], ['h', 'e', 'l']]",abd̪ullahel
পরমাণুতে,"[15, 7, 1, 3, 13, 2, 6, 14, 10, 5, 0, 0, 0, 0, 0, 0, 0, 0, 0, 0]","[['p', 'ɔ'], ['r', 'o'], ['m', 'a'], ['n', 'u'], ['t̪', 'e']]",pɔromanut̪e
মঞ্জুলা,"[13, 3, 6, 18, 14, 12, 2, 0, 0, 0, 0, 0, 0, 0, 0, 0, 0, 0, 0, 0]","[['m', 'o', 'n'], ['dʒ', 'u'], ['l', 'a']]",mondʒula
রাহিল,"[1, 2, 21, 4, 12, 0, 0, 0, 0, 0, 0, 0, 0, 0, 0, 0, 0, 0, 0, 0]","[['r', 'a'], ['h', 'i', 'l']]",rahil
হামিদি,"[21, 2, 13, 4, 17, 4, 0, 0, 0, 0, 0, 0, 0, 0, 0, 0, 0, 0, 0, 0]","[['h', 'a'], ['m', 'i'], ['d̪', 'i']]",hamid̪i
আঁকো,"[2, 8, 3, 0, 0, 0, 0, 0, 0, 0, 0, 0, 0, 0, 0, 0, 0, 0, 0, 0]","[['a'], ['k', 'o']]",ako
গিন্নি,"[20, 4, 6, 6, 4, 0, 0, 0, 0, 0, 0, 0, 0, 0, 0, 0, 0, 0, 0, 0]","[['g', 'i', 'n'], ['n', 'i']]",ginni
মুদ্রাগুলো,"[13, 14, 17, 1, 2, 20, 14, 12, 3, 0, 0, 0, 0, 0, 0, 0, 0, 0, 0, 0]","[['m', 'u', 'd̪'], ['r', 'a'], ['g', 'u'], ['l', 'o']]",mud̪ragulo
ক্রুইফের,"[8, 1, 44, 27, 5, 1, 0, 0, 0, 0, 0, 0, 0, 0, 0, 0, 0, 0, 0, 0]","[['k', 'r', 'ui̯'], ['f', 'e', 'r']]",krui̯fer
রাধাগোবিন্দ,"[1, 2, 25, 2, 20, 3, 11, 4, 6, 17, 3, 0, 0, 0, 0, 0, 0, 0, 0, 0]","[['r', 'a'], ['d̪ʱ', 'a'], ['g', 'o'], ['b', 'i', 'n'], ['d̪', 'o']]",rad̪ʱagobind̪o
নেতৃবৃন্দসহ,"[6, 5, 10, 1, 4, 11, 1, 4, 6, 17, 3, 9, 7, 21, 3, 0, 0, 0, 0, 0]","[['n', 'e', 't̪'], ['r', 'i'], ['b', 'r', 'i', 'n'], ['d̪', 'o'], ['ʃ', 'ɔ'], ['h', 'o']]",net̪ribrind̪oʃɔho
ধাতস্থ,"[25, 2, 10, 3, 19, 32, 3, 0, 0, 0, 0, 0, 0, 0, 0, 0, 0, 0, 0, 0]","[['d̪ʱ', 'a'], ['t̪', 'o', 's'], ['t̪ʰ', 'o']]",d̪ʱat̪ost̪ʰo
কংলাক,"[8, 7, 29, 12, 2, 8, 0, 0, 0, 0, 0, 0, 0, 0, 0, 0, 0, 0, 0, 0]","[['k', 'ɔ', 'ŋ'], ['l', 'a', 'k']]",kɔŋlak
লোকসানে,"[12, 3, 8, 9, 2, 6, 5, 0, 0, 0, 0, 0, 0, 0, 0, 0, 0, 0, 0, 0]","[['l', 'o', 'k'], ['ʃ', 'a'], ['n', 'e']]",lokʃane
যুৎসই,"[18, 14, 10, 9, 36, 0, 0, 0, 0, 0, 0, 0, 0, 0, 0, 0, 0, 0, 0, 0]","[['dʒ', 'u', 't̪'], ['ʃ', 'oi̯']]",dʒut̪ʃoi̯
উন্নতজাতের,"[14, 6, 6, 3, 10, 3, 18, 2, 10, 5, 1, 0, 0, 0, 0, 0, 0, 0, 0, 0]","[['u', 'n'], ['n', 'o'], ['t̪', 'o'], ['dʒ', 'a'], ['t̪', 'e', 'r']]",unnot̪odʒat̪er
নাবালিকার,"[6, 2, 11, 2, 12, 4, 8, 2, 1, 0, 0, 0, 0, 0, 0, 0, 0, 0, 0, 0]","[['n', 'a'], ['b', 'a'], ['l', 'i'], ['k', 'a', 'r']]",nabalikar
লালদীঘি,"[12, 2, 12, 17, 4, 35, 4, 0, 0, 0, 0, 0, 0, 0, 0, 0, 0, 0, 0, 0]","[['l', 'a', 'l'], ['d̪', 'i'], ['gʱ', 'i']]",lald̪igʱi
পূর্বঘোষণা,"[15, 14, 1, 11, 3, 35, 3, 9, 3, 6, 2, 0, 0, 0, 0, 0, 0, 0, 0, 0]","[['p', 'u', 'r'], ['b', 'o'], ['gʱ', 'o'], ['ʃ', 'o'], ['n', 'a']]",purbogʱoʃona
মাল্টিভিটামিন,"[13, 2, 12, 16, 4, 23, 4, 16, 2, 13, 4, 6, 0, 0, 0, 0, 0, 0, 0, 0]","[['m', 'a', 'l'], ['ʈ', 'i'], ['bʱ', 'i'], ['ʈ', 'a'], ['m', 'i', 'n']]",malʈibʱiʈamin
হকচকিত,"[21, 7, 8, 22, 3, 8, 4, 10, 3, 0, 0, 0, 0, 0, 0, 0, 0, 0, 0, 0]","[['h', 'ɔ', 'k'], ['tʃ', 'o'], ['k', 'i'], ['t̪', 'o']]",hɔktʃokit̪o
বীভৎসতা,"[11, 4, 23, 7, 10, 9, 3, 10, 2, 0, 0, 0, 0, 0, 0, 0, 0, 0, 0, 0]","[['b', 'i'], ['bʱ', 'ɔ', 't̪'], ['ʃ', 'o'], ['t̪', 'a']]",bibʱɔt̪ʃot̪a
মাঠকর্মীরা,"[13, 2, 34, 8, 3, 1, 13, 4, 1, 2, 0, 0, 0, 0, 0, 0, 0, 0, 0, 0]","[['m', 'a', 'ʈʰ'], ['k', 'o', 'r'], ['m', 'i'], ['r', 'a']]",maʈʰkormira
চিনিসহ,"[22, 4, 6, 4, 9, 7, 21, 3, 0, 0, 0, 0, 0, 0, 0, 0, 0, 0, 0, 0]","[['tʃ', 'i'], ['n', 'i'], ['ʃ', 'ɔ'], ['h', 'o']]",tʃiniʃɔho
গ্রাফিকস,"[20, 1, 2, 27, 4, 8, 19, 0, 0, 0, 0, 0, 0, 0, 0, 0, 0, 0, 0, 0]","[['g', 'r', 'a'], ['f', 'i', 'k', 's']]",grafiks
দালিলিক,"[17, 2, 12, 4, 12, 4, 8, 0, 0, 0, 0, 0, 0, 0, 0, 0, 0, 0, 0, 0]","[['d̪', 'a'], ['l', 'i'], ['l', 'i', 'k']]",d̪alilik
উপাচার্যকে,"[14, 15, 2, 22, 2, 1, 18, 3, 8, 5, 0, 0, 0, 0, 0, 0, 0, 0, 0, 0]","[['u'], ['p', 'a'], ['tʃ', 'a', 'r'], ['dʒ', 'o'], ['k', 'e']]",upatʃardʒoke
ওষুধপথ্য,"[3, 9, 14, 25, 15, 7, 10, 32, 3, 0, 0, 0, 0, 0, 0, 0, 0, 0, 0, 0]","[['o'], ['ʃ', 'u', 'd̪ʱ'], ['p', 'ɔ', 't̪'], ['t̪ʰ', 'o']]",oʃud̪ʱpɔt̪t̪ʰo
সিস্টেমটির,"[19, 4, 19, 16, 5, 13, 16, 4, 1, 0, 0, 0, 0, 0, 0, 0, 0, 0, 0, 0]","[['s', 'i', 's'], ['ʈ', 'e', 'm'], ['ʈ', 'i', 'r']]",sisʈemʈir
ঢোলে,"[46, 3, 12, 5, 0, 0, 0, 0, 0, 0, 0, 0, 0, 0, 0, 0, 0, 0, 0, 0]","[['ɖʱ', 'o'], ['l', 'e']]",ɖʱole
চারলেনে,"[22, 2, 1, 12, 5, 6, 5, 0, 0, 0, 0, 0, 0, 0, 0, 0, 0, 0, 0, 0]","[['tʃ', 'a', 'r'], ['l', 'e'], ['n', 'e']]",tʃarlene
মুলুকের,"[13, 14, 12, 14, 8, 5, 1, 0, 0, 0, 0, 0, 0, 0, 0, 0, 0, 0, 0, 0]","[['m', 'u'], ['l', 'u'], ['k', 'e', 'r']]",muluker
ইব্রাহীমকে,"[4, 11, 1, 2, 21, 4, 13, 8, 5, 0, 0, 0, 0, 0, 0, 0, 0, 0, 0, 0]","[['i', 'b'], ['r', 'a'], ['h', 'i', 'm'], ['k', 'e']]",ibrahimke
চকিতে,"[22, 3, 8, 4, 10, 5, 0, 0, 0, 0, 0, 0, 0, 0, 0, 0, 0, 0, 0, 0]","[['tʃ', 'o'], ['k', 'i'], ['t̪', 'e']]",tʃokit̪e
মুম্বাইকে,"[13, 14, 13, 11, 30, 8, 5, 0, 0, 0, 0, 0, 0, 0, 0, 0, 0, 0, 0, 0]","[['m', 'u', 'm'], ['b', 'ai̯'], ['k', 'e']]",mumbai̯ke
জিন্দাবাজারের,"[18, 4, 6, 17, 2, 11, 2, 18, 2, 1, 5, 1, 0, 0, 0, 0, 0, 0, 0, 0]","[['dʒ', 'i', 'n'], ['d̪', 'a'], ['b', 'a'], ['dʒ', 'a'], ['r', 'e', 'r']]",dʒind̪abadʒarer
মার্জনা,"[13, 2, 1, 18, 3, 6, 2, 0, 0, 0, 0, 0, 0, 0, 0, 0, 0, 0, 0, 0]","[['m', 'a', 'r'], ['dʒ', 'o'], ['n', 'a']]",mardʒona
মহাবিহারের,"[13, 7, 21, 2, 11, 4, 21, 2, 1, 5, 1, 0, 0, 0, 0, 0, 0, 0, 0, 0]","[['m', 'ɔ'], ['h', 'a'], ['b', 'i'], ['h', 'a'], ['r', 'e', 'r']]",mɔhabiharer
নিরীক্ষাও,"[6, 4, 1, 4, 8, 24, 38, 0, 0, 0, 0, 0, 0, 0, 0, 0, 0, 0, 0, 0]","[['n', 'i'], ['r', 'i', 'k'], ['kʰ', 'ao̯']]",nirikkʰao̯
রুমার,"[1, 14, 13, 2, 1, 0, 0, 0, 0, 0, 0, 0, 0, 0, 0, 0, 0, 0, 0, 0]","[['r', 'u'], ['m', 'a', 'r']]",rumar
বানানটা,"[11, 2, 6, 2, 6, 16, 2, 0, 0, 0, 0, 0, 0, 0, 0, 0, 0, 0, 0, 0]","[['b', 'a'], ['n', 'a', 'n'], ['ʈ', 'a']]",bananʈa
হারেস,"[21, 2, 1, 5, 19, 0, 0, 0, 0, 0, 0, 0, 0, 0, 0, 0, 0, 0, 0, 0]","[['h', 'a'], ['r', 'e', 's']]",hares
নেতৃত্বশূন্য,"[6, 5, 10, 1, 4, 10, 10, 3, 9, 14, 6, 6, 3, 0, 0, 0, 0, 0, 0, 0]","[['n', 'e', 't̪'], ['r', 'i', 't̪'], ['t̪', 'o'], ['ʃ', 'u', 'n'], ['n', 'o']]",net̪rit̪t̪oʃunno
নামিদামি,"[6, 2, 13, 4, 17, 2, 13, 4, 0, 0, 0, 0, 0, 0, 0, 0, 0, 0, 0, 0]","[['n', 'a'], ['m', 'i'], ['d̪', 'a'], ['m', 'i']]",namid̪ami
দিনাজপুরসহ,"[17, 4, 6, 2, 18, 15, 14, 1, 9, 7, 21, 3, 0, 0, 0, 0, 0, 0, 0, 0]","[['d̪', 'i'], ['n', 'a', 'dʒ'], ['p', 'u', 'r'], ['ʃ', 'ɔ'], ['h', 'o']]",d̪inadʒpurʃɔho
মিঠাপুকুরে,"[13, 4, 34, 2, 15, 14, 8, 14, 1, 5, 0, 0, 0, 0, 0, 0, 0, 0, 0, 0]","[['m', 'i'], ['ʈʰ', 'a'], ['p', 'u'], ['k', 'u'], ['r', 'e']]",miʈʰapukure
প্রজ্ঞাপনটি,"[15, 1, 3, 20, 20, 2, 15, 7, 6, 16, 4, 0, 0, 0, 0, 0, 0, 0, 0, 0]","[['p', 'r', 'o', 'g'], ['g', 'a'], ['p', 'ɔ', 'n'], ['ʈ', 'i']]",proggapɔnʈi
স্নানে,"[19, 6, 2, 6, 5, 0, 0, 0, 0, 0, 0, 0, 0, 0, 0, 0, 0, 0, 0, 0]","[['s', 'n', 'a'], ['n', 'e']]",snane
স্বার্থবাদী,"[9, 2, 1, 32, 3, 11, 2, 17, 4, 0, 0, 0, 0, 0, 0, 0, 0, 0, 0, 0]","[['ʃ', 'a', 'r'], ['t̪ʰ', 'o'], ['b', 'a'], ['d̪', 'i']]",ʃart̪ʰobad̪i
মাইক্রোবাসটি,"[13, 30, 8, 1, 3, 11, 2, 19, 16, 4, 0, 0, 0, 0, 0, 0, 0, 0, 0, 0]","[['m', 'ai̯', 'k'], ['r', 'o'], ['b', 'a', 's'], ['ʈ', 'i']]",mai̯krobasʈi
আনারকলিকে,"[2, 6, 2, 1, 8, 3, 12, 4, 8, 5, 0, 0, 0, 0, 0, 0, 0, 0, 0, 0]","[['a'], ['n', 'a', 'r'], ['k', 'o'], ['l', 'i'], ['k', 'e']]",anarkolike
তারিনের,"[10, 2, 1, 4, 6, 5, 1, 0, 0, 0, 0, 0, 0, 0, 0, 0, 0, 0, 0, 0]","[['t̪', 'a'], ['r', 'i'], ['n', 'e', 'r']]",t̪ariner
মহাখালীর,"[13, 7, 21, 2, 24, 2, 12, 4, 1, 0, 0, 0, 0, 0, 0, 0, 0, 0, 0, 0]","[['m', 'ɔ'], ['h', 'a'], ['kʰ', 'a'], ['l', 'i', 'r']]",mɔhakʰalir
সাজাবে,"[9, 2, 18, 2, 11, 5, 0, 0, 0, 0, 0, 0, 0, 0, 0, 0, 0, 0, 0, 0]","[['ʃ', 'a'], ['dʒ', 'a'], ['b', 'e']]",ʃadʒabe
মসৃণতা,"[13, 3, 19, 1, 4, 6, 7, 10, 2, 0, 0, 0, 0, 0, 0, 0, 0, 0, 0, 0]","[['m', 'o', 's'], ['r', 'i'], ['n', 'ɔ'], ['t̪', 'a']]",mosrinɔt̪a
সোনাও,"[9, 3, 6, 38, 0, 0, 0, 0, 0, 0, 0, 0, 0, 0, 0, 0, 0, 0, 0, 0]","[['ʃ', 'o'], ['n', 'ao̯']]",ʃonao̯
নীলগিরির,"[6, 4, 12, 20, 4, 1, 4, 1, 0, 0, 0, 0, 0, 0, 0, 0, 0, 0, 0, 0]","[['n', 'i', 'l'], ['g', 'i'], ['r', 'i', 'r']]",nilgirir
আম্বরখানা,"[2, 13, 11, 7, 1, 24, 2, 6, 2, 0, 0, 0, 0, 0, 0, 0, 0, 0, 0, 0]","[['a', 'm'], ['b', 'ɔ', 'r'], ['kʰ', 'a'], ['n', 'a']]",ambɔrkʰana
সংগীতপ্রেমীদের,"[9, 3, 29, 20, 4, 10, 15, 1, 5, 13, 4, 17, 5, 1, 0, 0, 0, 0, 0, 0]","[['ʃ', 'o', 'ŋ'], ['g', 'i', 't̪'], ['p', 'r', 'e'], ['m', 'i'], ['d̪', 'e', 'r']]",ʃoŋgit̪premid̪er
পুলিশকর্মীরা,"[15, 14, 12, 4, 9, 8, 3, 1, 13, 4, 1, 2, 0, 0, 0, 0, 0, 0, 0, 0]","[['p', 'u'], ['l', 'i', 'ʃ'], ['k', 'o', 'r'], ['m', 'i'], ['r', 'a']]",puliʃkormira
মাঠকর্মীর,"[13, 2, 34, 8, 3, 1, 13, 4, 1, 0, 0, 0, 0, 0, 0, 0, 0, 0, 0, 0]","[['m', 'a', 'ʈʰ'], ['k', 'o', 'r'], ['m', 'i', 'r']]",maʈʰkormir
স্বজনেরাও,"[9, 7, 18, 3, 6, 5, 1, 38, 0, 0, 0, 0, 0, 0, 0, 0, 0, 0, 0, 0]","[['ʃ', 'ɔ'], ['dʒ', 'o'], ['n', 'e'], ['r', 'ao̯']]",ʃɔdʒonerao̯
দুটোও,"[17, 14, 16, 47, 0, 0, 0, 0, 0, 0, 0, 0, 0, 0, 0, 0, 0, 0, 0, 0]","[['d̪', 'u'], ['ʈ', 'oo̯']]",d̪uʈoo̯
হ্যামলেটসে,"[21, 28, 13, 12, 5, 16, 19, 5, 0, 0, 0, 0, 0, 0, 0, 0, 0, 0, 0, 0]","[['h', 'æ', 'm'], ['l', 'e', 'ʈ'], ['s', 'e']]",hæmleʈse
পান্তার,"[15, 2, 6, 10, 2, 1, 0, 0, 0, 0, 0, 0, 0, 0, 0, 0, 0, 0, 0, 0]","[['p', 'a', 'n'], ['t̪', 'a', 'r']]",pant̪ar
নিতি,"[6, 4, 10, 4, 0, 0, 0, 0, 0, 0, 0, 0, 0, 0, 0, 0, 0, 0, 0, 0]","[['n', 'i'], ['t̪', 'i']]",nit̪i
বিরোধকে,"[11, 4, 1, 3, 25, 8, 5, 0, 0, 0, 0, 0, 0, 0, 0, 0, 0, 0, 0, 0]","[['b', 'i'], ['r', 'o', 'd̪ʱ'], ['k', 'e']]",birod̪ʱke
আরামেই,"[2, 1, 2, 13, 33, 0, 0, 0, 0, 0, 0, 0, 0, 0, 0, 0, 0, 0, 0, 0]","[['a'], ['r', 'a'], ['m', 'ei̯']]",aramei̯
সুপারমুন,"[19, 14, 15, 2, 1, 13, 14, 6, 0, 0, 0, 0, 0, 0, 0, 0, 0, 0, 0, 0]","[['s', 'u'], ['p', 'a', 'r'], ['m', 'u', 'n']]",suparmun
জনপথের,"[18, 7, 6, 3, 15, 7, 32, 5, 1, 0, 0, 0, 0, 0, 0, 0, 0, 0, 0, 0]","[['dʒ', 'ɔ'], ['n', 'o'], ['p', 'ɔ'], ['t̪ʰ', 'e', 'r']]",dʒɔnopɔt̪ʰer
দোকানপাটের,"[17, 3, 8, 2, 6, 15, 2, 16, 5, 1, 0, 0, 0, 0, 0, 0, 0, 0, 0, 0]","[['d̪', 'o'], ['k', 'a', 'n'], ['p', 'a'], ['ʈ', 'e', 'r']]",d̪okanpaʈer
বালিহাঁস,"[11, 2, 12, 4, 21, 2, 9, 0, 0, 0, 0, 0, 0, 0, 0, 0, 0, 0, 0, 0]","[['b', 'a'], ['l', 'i'], ['h', 'a', 'ʃ']]",balihaʃ
খুলনাগামী,"[24, 14, 12, 6, 2, 20, 2, 13, 4, 0, 0, 0, 0, 0, 0, 0, 0, 0, 0, 0]","[['kʰ', 'u', 'l'], ['n', 'a'], ['g', 'a'], ['m', 'i']]",kʰulnagami
পারফরম্যান্সকে,"[15, 2, 1, 27, 7, 1, 13, 28, 6, 19, 8, 5, 0, 0, 0, 0, 0, 0, 0, 0]","[['p', 'a', 'r'], ['f', 'ɔ', 'r'], ['m', 'æ', 'n', 's'], ['k', 'e']]",parfɔrmænske
মিলিব্যান্ড,"[13, 4, 12, 4, 11, 28, 6, 26, 0, 0, 0, 0, 0, 0, 0, 0, 0, 0, 0, 0]","[['m', 'i'], ['l', 'i'], ['b', 'æ', 'n', 'ɖ']]",milibænɖ
চান্দ্রমাস,"[22, 2, 6, 17, 1, 3, 13, 2, 9, 0, 0, 0, 0, 0, 0, 0, 0, 0, 0, 0]","[['tʃ', 'a', 'n'], ['d̪', 'r', 'o'], ['m', 'a', 'ʃ']]",tʃand̪romaʃ
চিকিত্সাধীন,"[22, 4, 8, 4, 10, 19, 2, 25, 4, 6, 0, 0, 0, 0, 0, 0, 0, 0, 0, 0]","[['tʃ', 'i'], ['k', 'i', 't̪'], ['s', 'a'], ['d̪ʱ', 'i', 'n']]",tʃikit̪sad̪ʱin
কূটকৌশল,"[8, 14, 16, 3, 8, 47, 9, 7, 12, 0, 0, 0, 0, 0, 0, 0, 0, 0, 0, 0]","[['k', 'u'], ['ʈ', 'o'], ['k', 'oo̯'], ['ʃ', 'ɔ', 'l']]",kuʈokoo̯ʃɔl
দ্বিধাহীনভাবে,"[17, 4, 25, 2, 21, 4, 6, 23, 2, 11, 5, 0, 0, 0, 0, 0, 0, 0, 0, 0]","[['d̪', 'i'], ['d̪ʱ', 'a'], ['h', 'i', 'n'], ['bʱ', 'a'], ['b', 'e']]",d̪id̪ʱahinbʱabe
অর্ধেকটাই,"[7, 1, 25, 5, 8, 16, 30, 0, 0, 0, 0, 0, 0, 0, 0, 0, 0, 0, 0, 0]","[['ɔ', 'r'], ['d̪ʱ', 'e', 'k'], ['ʈ', 'ai̯']]",ɔrd̪ʱekʈai̯
ফুটবলই,"[27, 14, 16, 11, 7, 12, 4, 0, 0, 0, 0, 0, 0, 0, 0, 0, 0, 0, 0, 0]","[['f', 'u', 'ʈ'], ['b', 'ɔ', 'l'], ['i']]",fuʈbɔli
শমসেরের,"[9, 7, 13, 9, 5, 1, 5, 1, 0, 0, 0, 0, 0, 0, 0, 0, 0, 0, 0, 0]","[['ʃ', 'ɔ', 'm'], ['ʃ', 'e'], ['r', 'e', 'r']]",ʃɔmʃerer
বিশ্বনন্দিত,"[11, 4, 9, 9, 3, 6, 3, 6, 17, 4, 10, 3, 0, 0, 0, 0, 0, 0, 0, 0]","[['b', 'i', 'ʃ'], ['ʃ', 'o'], ['n', 'o', 'n'], ['d̪', 'i'], ['t̪', 'o']]",biʃʃonond̪it̪o
শব্দার্থ,"[9, 7, 11, 17, 2, 1, 32, 3, 0, 0, 0, 0, 0, 0, 0, 0, 0, 0, 0, 0]","[['ʃ', 'ɔ', 'b'], ['d̪', 'a', 'r'], ['t̪ʰ', 'o']]",ʃɔbd̪art̪ʰo
মাঝিকে,"[13, 2, 39, 4, 8, 5, 0, 0, 0, 0, 0, 0, 0, 0, 0, 0, 0, 0, 0, 0]","[['m', 'a'], ['dʒʱ', 'i'], ['k', 'e']]",madʒʱike
বাদির,"[11, 2, 17, 4, 1, 0, 0, 0, 0, 0, 0, 0, 0, 0, 0, 0, 0, 0, 0, 0]","[['b', 'a'], ['d̪', 'i', 'r']]",bad̪ir
বিহারিরা,"[11, 4, 21, 2, 1, 4, 1, 2, 0, 0, 0, 0, 0, 0, 0, 0, 0, 0, 0, 0]","[['b', 'i'], ['h', 'a'], ['r', 'i'], ['r', 'a']]",biharira
মাল্টিটাস্কিং,"[13, 2, 12, 16, 4, 16, 2, 19, 8, 4, 29, 0, 0, 0, 0, 0, 0, 0, 0, 0]","[['m', 'a', 'l'], ['ʈ', 'i'], ['ʈ', 'a', 's'], ['k', 'i', 'ŋ']]",malʈiʈaskiŋ
আসমার,"[2, 19, 13, 2, 1, 0, 0, 0, 0, 0, 0, 0, 0, 0, 0, 0, 0, 0, 0, 0]","[['a', 's'], ['m', 'a', 'r']]",asmar
নৌরুট,"[6, 41, 1, 14, 16, 0, 0, 0, 0, 0, 0, 0, 0, 0, 0, 0, 0, 0, 0, 0]","[['n', 'ou̯'], ['r', 'u', 'ʈ']]",nou̯ruʈ
ঝামেলাই,"[39, 2, 13, 5, 12, 30, 0, 0, 0, 0, 0, 0, 0, 0, 0, 0, 0, 0, 0, 0]","[['dʒʱ', 'a'], ['m', 'e'], ['l', 'ai̯']]",dʒʱamelai̯
সুগ্রীব,"[9, 14, 20, 1, 4, 11, 0, 0, 0, 0, 0, 0, 0, 0, 0, 0, 0, 0, 0, 0]","[['ʃ', 'u', 'g'], ['r', 'i', 'b']]",ʃugrib
মণিমুক্তা,"[13, 3, 6, 4, 13, 14, 8, 10, 2, 0, 0, 0, 0, 0, 0, 0, 0, 0, 0, 0]","[['m', 'o'], ['n', 'i'], ['m', 'u', 'k'], ['t̪', 'a']]",monimukt̪a
বন্ধুমহল,"[11, 3, 6, 25, 14, 13, 7, 21, 3, 12, 0, 0, 0, 0, 0, 0, 0, 0, 0, 0]","[['b', 'o', 'n'], ['d̪ʱ', 'u'], ['m', 'ɔ'], ['h', 'o', 'l']]",bond̪ʱumɔhol
টিউরিং,"[16, 40, 1, 4, 29, 0, 0, 0, 0, 0, 0, 0, 0, 0, 0, 0, 0, 0, 0, 0]","[['ʈ', 'iu̯'], ['r', 'i', 'ŋ']]",ʈiu̯riŋ
উত্তরাধিকারীরা,"[14, 10, 10, 3, 1, 2, 25, 4, 8, 2, 1, 4, 1, 2, 0, 0, 0, 0, 0, 0]","[['u', 't̪'], ['t̪', 'o'], ['r', 'a'], ['d̪ʱ', 'i'], ['k', 'a'], ['r', 'i'], ['r', 'a']]",ut̪t̪orad̪ʱikarira
ট্রেন্ডের,"[16, 1, 5, 6, 26, 5, 1, 0, 0, 0, 0, 0, 0, 0, 0, 0, 0, 0, 0, 0]","[['ʈ', 'r', 'e', 'n'], ['ɖ', 'e', 'r']]",ʈrenɖer
হার্ডবোর্ড,"[21, 2, 1, 26, 11, 3, 1, 26, 0, 0, 0, 0, 0, 0, 0, 0, 0, 0, 0, 0]","[['h', 'a', 'r', 'ɖ'], ['b', 'o', 'r', 'ɖ']]",harɖborɖ
পলিটেকনিকের,"[15, 7, 12, 4, 16, 5, 8, 6, 4, 8, 5, 1, 0, 0, 0, 0, 0, 0, 0, 0]","[['p', 'ɔ'], ['l', 'i'], ['ʈ', 'e', 'k'], ['n', 'i'], ['k', 'e', 'r']]",pɔliʈekniker
বিনির্মাণের,"[11, 4, 6, 4, 1, 13, 2, 6, 5, 1, 0, 0, 0, 0, 0, 0, 0, 0, 0, 0]","[['b', 'i'], ['n', 'i', 'r'], ['m', 'a'], ['n', 'e', 'r']]",binirmaner
সোমেশ্বর,"[9, 3, 13, 5, 9, 9, 7, 1, 0, 0, 0, 0, 0, 0, 0, 0, 0, 0, 0, 0]","[['ʃ', 'o'], ['m', 'e', 'ʃ'], ['ʃ', 'ɔ', 'r']]",ʃomeʃʃɔr
প্রতিষ্ঠানেরও,"[15, 1, 3, 10, 4, 9, 34, 2, 6, 5, 1, 3, 0, 0, 0, 0, 0, 0, 0, 0]","[['p', 'r', 'o'], ['t̪', 'i', 'ʃ'], ['ʈʰ', 'a'], ['n', 'e', 'r'], ['o']]",prot̪iʃʈʰanero
প্রাণহানিতে,"[15, 1, 2, 6, 21, 2, 6, 4, 10, 5, 0, 0, 0, 0, 0, 0, 0, 0, 0, 0]","[['p', 'r', 'a', 'n'], ['h', 'a'], ['n', 'i'], ['t̪', 'e']]",pranhanit̪e
চিলড্রেনের,"[22, 4, 12, 26, 1, 5, 6, 5, 1, 0, 0, 0, 0, 0, 0, 0, 0, 0, 0, 0]","[['tʃ', 'i', 'l'], ['ɖ', 'r', 'e'], ['n', 'e', 'r']]",tʃilɖrener
হালতি,"[21, 2, 12, 3, 10, 4, 0, 0, 0, 0, 0, 0, 0, 0, 0, 0, 0, 0, 0, 0]","[['h', 'a'], ['l', 'o'], ['t̪', 'i']]",halot̪i
ফতুল্লার,"[27, 3, 10, 14, 12, 12, 2, 1, 0, 0, 0, 0, 0, 0, 0, 0, 0, 0, 0, 0]","[['f', 'o'], ['t̪', 'u', 'l'], ['l', 'a', 'r']]",fot̪ullar
জারিফের,"[18, 2, 1, 4, 27, 5, 1, 0, 0, 0, 0, 0, 0, 0, 0, 0, 0, 0, 0, 0]","[['dʒ', 'a'], ['r', 'i'], ['f', 'e', 'r']]",dʒarifer
নিউক্লিক,"[6, 40, 8, 12, 4, 8, 0, 0, 0, 0, 0, 0, 0, 0, 0, 0, 0, 0, 0, 0]","[['n', 'iu̯'], ['k', 'l', 'i', 'k']]",niu̯klik
কুতুবখালী,"[8, 14, 10, 14, 11, 24, 2, 12, 4, 0, 0, 0, 0, 0, 0, 0, 0, 0, 0, 0]","[['k', 'u'], ['t̪', 'u', 'b'], ['kʰ', 'a'], ['l', 'i']]",kut̪ubkʰali
অংশীজনদের,"[3, 29, 9, 4, 18, 7, 6, 17, 5, 1, 0, 0, 0, 0, 0, 0, 0, 0, 0, 0]","[['o', 'ŋ'], ['ʃ', 'i'], ['dʒ', 'ɔ', 'n'], ['d̪', 'e', 'r']]",oŋʃidʒɔnd̪er
রেসাস,"[1, 5, 9, 2, 9, 0, 0, 0, 0, 0, 0, 0, 0, 0, 0, 0, 0, 0, 0, 0]","[['r', 'e'], ['ʃ', 'a', 'ʃ']]",reʃaʃ
নানাভাবেই,"[6, 2, 6, 2, 23, 2, 11, 33, 0, 0, 0, 0, 0, 0, 0, 0, 0, 0, 0, 0]","[['n', 'a'], ['n', 'a'], ['bʱ', 'a'], ['b', 'ei̯']]",nanabʱabei̯
ডুবেছে,"[26, 14, 11, 5, 31, 5, 0, 0, 0, 0, 0, 0, 0, 0, 0, 0, 0, 0, 0, 0]","[['ɖ', 'u'], ['b', 'e'], ['tʃʰ', 'e']]",ɖubetʃʰe
সিস্টেমসের,"[19, 4, 19, 16, 5, 13, 19, 5, 1, 0, 0, 0, 0, 0, 0, 0, 0, 0, 0, 0]","[['s', 'i', 's'], ['ʈ', 'e', 'm'], ['s', 'e', 'r']]",sisʈemser
কবরীর,"[8, 7, 11, 3, 1, 4, 1, 0, 0, 0, 0, 0, 0, 0, 0, 0, 0, 0, 0, 0]","[['k', 'ɔ'], ['b', 'o'], ['r', 'i', 'r']]",kɔborir
পুতুলনাচের,"[15, 14, 10, 14, 12, 6, 2, 22, 5, 1, 0, 0, 0, 0, 0, 0, 0, 0, 0, 0]","[['p', 'u'], ['t̪', 'u', 'l'], ['n', 'a'], ['tʃ', 'e', 'r']]",put̪ulnatʃer
শহিদুলের,"[9, 3, 21, 4, 17, 14, 12, 5, 1, 0, 0, 0, 0, 0, 0, 0, 0, 0, 0, 0]","[['ʃ', 'o'], ['h', 'i'], ['d̪', 'u'], ['l', 'e', 'r']]",ʃohid̪uler
পেটফাঁপা,"[15, 5, 16, 27, 2, 15, 2, 0, 0, 0, 0, 0, 0, 0, 0, 0, 0, 0, 0, 0]","[['p', 'e', 'ʈ'], ['f', 'a'], ['p', 'a']]",peʈfapa
পল্লীগীতিতে,"[15, 3, 12, 12, 4, 20, 4, 10, 4, 10, 5, 0, 0, 0, 0, 0, 0, 0, 0, 0]","[['p', 'o', 'l'], ['l', 'i'], ['g', 'i'], ['t̪', 'i'], ['t̪', 'e']]",polligit̪it̪e
শুরুকরে,"[9, 14, 1, 14, 8, 3, 1, 5, 0, 0, 0, 0, 0, 0, 0, 0, 0, 0, 0, 0]","[['ʃ', 'u'], ['r', 'u'], ['k', 'o'], ['r', 'e']]",ʃurukore
ঘোষণাই,"[35, 3, 9, 3, 6, 30, 0, 0, 0, 0, 0, 0, 0, 0, 0, 0, 0, 0, 0, 0]","[['gʱ', 'o'], ['ʃ', 'o'], ['n', 'ai̯']]",gʱoʃonai̯
গাঙের,"[20, 2, 29, 5, 1, 0, 0, 0, 0, 0, 0, 0, 0, 0, 0, 0, 0, 0, 0, 0]","[['g', 'a', 'ŋ'], ['e', 'r']]",gaŋer
বালুচরে,"[11, 2, 12, 14, 22, 7, 1, 5, 0, 0, 0, 0, 0, 0, 0, 0, 0, 0, 0, 0]","[['b', 'a'], ['l', 'u'], ['tʃ', 'ɔ'], ['r', 'e']]",balutʃɔre
ওলামাদের,"[3, 12, 2, 13, 2, 17, 5, 1, 0, 0, 0, 0, 0, 0, 0, 0, 0, 0, 0, 0]","[['o'], ['l', 'a'], ['m', 'a'], ['d̪', 'e', 'r']]",olamad̪er
চালানটি,"[22, 2, 12, 2, 6, 16, 4, 0, 0, 0, 0, 0, 0, 0, 0, 0, 0, 0, 0, 0]","[['tʃ', 'a'], ['l', 'a', 'n'], ['ʈ', 'i']]",tʃalanʈi
ভালোবাসেনি,"[23, 2, 12, 3, 11, 2, 9, 28, 6, 4, 0, 0, 0, 0, 0, 0, 0, 0, 0, 0]","[['bʱ', 'a'], ['l', 'o'], ['b', 'a'], ['ʃ', 'æ'], ['n', 'i']]",bʱalobaʃæni
উত্তমকুমারের,"[14, 10, 10, 7, 13, 8, 14, 13, 2, 1, 5, 1, 0, 0, 0, 0, 0, 0, 0, 0]","[['u', 't̪'], ['t̪', 'ɔ', 'm'], ['k', 'u'], ['m', 'a'], ['r', 'e', 'r']]",ut̪t̪ɔmkumarer
সংগীতশিল্পীর,"[9, 3, 29, 20, 4, 10, 9, 4, 12, 15, 4, 1, 0, 0, 0, 0, 0, 0, 0, 0]","[['ʃ', 'o', 'ŋ'], ['g', 'i', 't̪'], ['ʃ', 'i', 'l'], ['p', 'i', 'r']]",ʃoŋgit̪ʃilpir
রপ্তানিকারকের,"[1, 7, 15, 10, 2, 6, 4, 8, 2, 1, 3, 8, 5, 1, 0, 0, 0, 0, 0, 0]","[['r', 'ɔ', 'p'], ['t̪', 'a'], ['n', 'i'], ['k', 'a'], ['r', 'o'], ['k', 'e', 'r']]",rɔpt̪anikaroker
নজিবুর,"[6, 3, 18, 4, 11, 14, 1, 0, 0, 0, 0, 0, 0, 0, 0, 0, 0, 0, 0, 0]","[['n', 'o'], ['dʒ', 'i'], ['b', 'u', 'r']]",nodʒibur
সাইফুদ্দিনের,"[19, 30, 27, 14, 17, 17, 4, 6, 5, 1, 0, 0, 0, 0, 0, 0, 0, 0, 0, 0]","[['s', 'ai̯'], ['f', 'u', 'd̪'], ['d̪', 'i'], ['n', 'e', 'r']]",sai̯fud̪d̪iner
অফস্পিন,"[7, 27, 19, 15, 4, 6, 0, 0, 0, 0, 0, 0, 0, 0, 0, 0, 0, 0, 0, 0]","[['ɔ', 'f'], ['s', 'p', 'i', 'n']]",ɔfspin
ভরদ্বাজের,"[23, 7, 1, 3, 17, 2, 18, 5, 1, 0, 0, 0, 0, 0, 0, 0, 0, 0, 0, 0]","[['bʱ', 'ɔ'], ['r', 'o'], ['d̪', 'a'], ['dʒ', 'e', 'r']]",bʱɔrod̪adʒer
চখাচখি,"[22, 7, 24, 2, 22, 7, 24, 4, 0, 0, 0, 0, 0, 0, 0, 0, 0, 0, 0, 0]","[['tʃ', 'ɔ'], ['kʰ', 'a'], ['tʃ', 'ɔ'], ['kʰ', 'i']]",tʃɔkʰatʃɔkʰi
টনসিলের,"[16, 7, 6, 19, 4, 12, 5, 1, 0, 0, 0, 0, 0, 0, 0, 0, 0, 0, 0, 0]","[['ʈ', 'ɔ', 'n'], ['s', 'i'], ['l', 'e', 'r']]",ʈɔnsiler
মিত্রতার,"[13, 4, 10, 1, 3, 10, 2, 1, 0, 0, 0, 0, 0, 0, 0, 0, 0, 0, 0, 0]","[['m', 'i', 't̪'], ['r', 'o'], ['t̪', 'a', 'r']]",mit̪rot̪ar
নর্দে,"[6, 7, 1, 17, 5, 0, 0, 0, 0, 0, 0, 0, 0, 0, 0, 0, 0, 0, 0, 0]","[['n', 'ɔ', 'r'], ['d̪', 'e']]",nɔrd̪e
কেন্দুয়ার,"[8, 5, 6, 17, 14, 2, 1, 0, 0, 0, 0, 0, 0, 0, 0, 0, 0, 0, 0, 0]","[['k', 'e', 'n'], ['d̪', 'u'], ['a', 'r']]",kend̪uar
ফনিক্স,"[27, 3, 6, 4, 8, 19, 0, 0, 0, 0, 0, 0, 0, 0, 0, 0, 0, 0, 0, 0]","[['f', 'o'], ['n', 'i', 'k', 's']]",foniks
ভিত্তিস্থাপন,"[23, 4, 10, 10, 4, 19, 32, 2, 15, 3, 6, 0, 0, 0, 0, 0, 0, 0, 0, 0]","[['bʱ', 'i', 't̪'], ['t̪', 'i'], ['s', 't̪ʰ', 'a'], ['p', 'o', 'n']]",bʱit̪t̪ist̪ʰapon
কেনাও,"[8, 5, 6, 38, 0, 0, 0, 0, 0, 0, 0, 0, 0, 0, 0, 0, 0, 0, 0, 0]","[['k', 'e'], ['n', 'ao̯']]",kenao̯
রিকশাকে,"[1, 4, 8, 9, 2, 8, 5, 0, 0, 0, 0, 0, 0, 0, 0, 0, 0, 0, 0, 0]","[['r', 'i', 'k'], ['ʃ', 'a'], ['k', 'e']]",rikʃake
মালিনি,"[13, 2, 12, 4, 6, 4, 0, 0, 0, 0, 0, 0, 0, 0, 0, 0, 0, 0, 0, 0]","[['m', 'a'], ['l', 'i'], ['n', 'i']]",malini
কোকিলা,"[8, 3, 8, 4, 12, 2, 0, 0, 0, 0, 0, 0, 0, 0, 0, 0, 0, 0, 0, 0]","[['k', 'o'], ['k', 'i'], ['l', 'a']]",kokila
ব্রাউনি,"[11, 1, 43, 6, 4, 0, 0, 0, 0, 0, 0, 0, 0, 0, 0, 0, 0, 0, 0, 0]","[['b', 'r', 'au̯'], ['n', 'i']]",brau̯ni
কাউড্রে,"[8, 43, 26, 1, 5, 0, 0, 0, 0, 0, 0, 0, 0, 0, 0, 0, 0, 0, 0, 0]","[['k', 'au̯'], ['ɖ', 'r', 'e']]",kau̯ɖre
চুমকির,"[22, 14, 13, 8, 4, 1, 0, 0, 0, 0, 0, 0, 0, 0, 0, 0, 0, 0, 0, 0]","[['tʃ', 'u', 'm'], ['k', 'i', 'r']]",tʃumkir
পর্দাও,"[15, 7, 1, 17, 38, 0, 0, 0, 0, 0, 0, 0, 0, 0, 0, 0, 0, 0, 0, 0]","[['p', 'ɔ', 'r'], ['d̪', 'ao̯']]",pɔrd̪ao̯
মাদুরে,"[13, 2, 17, 14, 1, 5, 0, 0, 0, 0, 0, 0, 0, 0, 0, 0, 0, 0, 0, 0]","[['m', 'a'], ['d̪', 'u'], ['r', 'e']]",mad̪ure
ধামাইল,"[25, 2, 13, 2, 4, 12, 0, 0, 0, 0, 0, 0, 0, 0, 0, 0, 0, 0, 0, 0]","[['d̪ʱ', 'a'], ['m', 'a'], ['i', 'l']]",d̪ʱamail
পার্শ্বচরিত্রে,"[15, 2, 1, 9, 3, 22, 3, 1, 4, 10, 1, 5, 0, 0, 0, 0, 0, 0, 0, 0]","[['p', 'a', 'r'], ['ʃ', 'o'], ['tʃ', 'o'], ['r', 'i', 't̪'], ['r', 'e']]",parʃotʃorit̪re
নাট্যরীতি,"[6, 2, 16, 16, 3, 1, 4, 10, 4, 0, 0, 0, 0, 0, 0, 0, 0, 0, 0, 0]","[['n', 'a', 'ʈ'], ['ʈ', 'o'], ['r', 'i'], ['t̪', 'i']]",naʈʈorit̪i
পাত্রীকে,"[15, 2, 10, 1, 4, 8, 5, 0, 0, 0, 0, 0, 0, 0, 0, 0, 0, 0, 0, 0]","[['p', 'a', 't̪'], ['r', 'i'], ['k', 'e']]",pat̪rike
ঘামাই,"[35, 2, 13, 30, 0, 0, 0, 0, 0, 0, 0, 0, 0, 0, 0, 0, 0, 0, 0, 0]","[['gʱ', 'a'], ['m', 'ai̯']]",gʱamai̯
নাহিদের,"[6, 2, 21, 4, 17, 5, 1, 0, 0, 0, 0, 0, 0, 0, 0, 0, 0, 0, 0, 0]","[['n', 'a'], ['h', 'i'], ['d̪', 'e', 'r']]",nahid̪er
রিহানা,"[1, 4, 21, 2, 6, 2, 0, 0, 0, 0, 0, 0, 0, 0, 0, 0, 0, 0, 0, 0]","[['r', 'i'], ['h', 'a'], ['n', 'a']]",rihana
ঋগ্বেদের,"[1, 4, 20, 11, 5, 17, 5, 1, 0, 0, 0, 0, 0, 0, 0, 0, 0, 0, 0, 0]","[['r', 'i', 'g'], ['b', 'e'], ['d̪', 'e', 'r']]",rigbed̪er
মাখলুকাত,"[13, 2, 24, 12, 14, 8, 2, 10, 0, 0, 0, 0, 0, 0, 0, 0, 0, 0, 0, 0]","[['m', 'a', 'kʰ'], ['l', 'u'], ['k', 'a', 't̪']]",makʰlukat̪
কালিশুরী,"[8, 2, 12, 4, 9, 14, 1, 4, 0, 0, 0, 0, 0, 0, 0, 0, 0, 0, 0, 0]","[['k', 'a'], ['l', 'i'], ['ʃ', 'u'], ['r', 'i']]",kaliʃuri
কেন্টের,"[8, 5, 6, 16, 5, 1, 0, 0, 0, 0, 0, 0, 0, 0, 0, 0, 0, 0, 0, 0]","[['k', 'e', 'n'], ['ʈ', 'e', 'r']]",kenʈer
রাহাতের,"[1, 2, 21, 2, 10, 5, 1, 0, 0, 0, 0, 0, 0, 0, 0, 0, 0, 0, 0, 0]","[['r', 'a'], ['h', 'a'], ['t̪', 'e', 'r']]",rahat̪er
প্লাটিনামের,"[15, 12, 2, 16, 4, 6, 2, 13, 5, 1, 0, 0, 0, 0, 0, 0, 0, 0, 0, 0]","[['p', 'l', 'a'], ['ʈ', 'i'], ['n', 'a'], ['m', 'e', 'r']]",plaʈinamer
স্নানঘরে,"[19, 6, 2, 6, 35, 7, 1, 5, 0, 0, 0, 0, 0, 0, 0, 0, 0, 0, 0, 0]","[['s', 'n', 'a', 'n'], ['gʱ', 'ɔ'], ['r', 'e']]",snangʱɔre
কাঁচাবাজার,"[8, 2, 22, 2, 11, 2, 18, 2, 1, 0, 0, 0, 0, 0, 0, 0, 0, 0, 0, 0]","[['k', 'a'], ['tʃ', 'a'], ['b', 'a'], ['dʒ', 'a', 'r']]",katʃabadʒar
কিটক্যাট,"[8, 4, 16, 8, 28, 16, 0, 0, 0, 0, 0, 0, 0, 0, 0, 0, 0, 0, 0, 0]","[['k', 'i', 'ʈ'], ['k', 'æ', 'ʈ']]",kiʈkæʈ
সংশোধনাগারে,"[9, 7, 29, 9, 3, 25, 3, 6, 2, 20, 2, 1, 5, 0, 0, 0, 0, 0, 0, 0]","[['ʃ', 'ɔ', 'ŋ'], ['ʃ', 'o'], ['d̪ʱ', 'o'], ['n', 'a'], ['g', 'a'], ['r', 'e']]",ʃɔŋʃod̪ʱonagare
টুংটাং,"[16, 14, 29, 16, 2, 29, 0, 0, 0, 0, 0, 0, 0, 0, 0, 0, 0, 0, 0, 0]","[['ʈ', 'u', 'ŋ'], ['ʈ', 'a', 'ŋ']]",ʈuŋʈaŋ
দারচিনি,"[17, 2, 1, 22, 4, 6, 4, 0, 0, 0, 0, 0, 0, 0, 0, 0, 0, 0, 0, 0]","[['d̪', 'a', 'r'], ['tʃ', 'i'], ['n', 'i']]",d̪artʃini
হাফিজুল,"[21, 2, 27, 4, 18, 14, 12, 0, 0, 0, 0, 0, 0, 0, 0, 0, 0, 0, 0, 0]","[['h', 'a'], ['f', 'i'], ['dʒ', 'u', 'l']]",hafidʒul
ট্যাবলেটে,"[16, 28, 11, 12, 5, 16, 5, 0, 0, 0, 0, 0, 0, 0, 0, 0, 0, 0, 0, 0]","[['ʈ', 'æ', 'b'], ['l', 'e'], ['ʈ', 'e']]",ʈæbleʈe
ম্যাগপাই,"[13, 28, 20, 15, 30, 0, 0, 0, 0, 0, 0, 0, 0, 0, 0, 0, 0, 0, 0, 0]","[['m', 'æ', 'g'], ['p', 'ai̯']]",mægpai̯
আর্কাইভস,"[2, 1, 8, 30, 23, 19, 0, 0, 0, 0, 0, 0, 0, 0, 0, 0, 0, 0, 0, 0]","[['a', 'r'], ['k', 'ai̯'], ['bʱ', 's']]",arkai̯bʱs
বীরেন্দর,"[11, 4, 1, 5, 6, 17, 3, 1, 0, 0, 0, 0, 0, 0, 0, 0, 0, 0, 0, 0]","[['b', 'i'], ['r', 'e', 'n'], ['d̪', 'o', 'r']]",birend̪or
বাহারী,"[11, 2, 21, 2, 1, 4, 0, 0, 0, 0, 0, 0, 0, 0, 0, 0, 0, 0, 0, 0]","[['b', 'a'], ['h', 'a'], ['r', 'i']]",bahari
ব্রিটানি,"[11, 1, 4, 16, 2, 6, 4, 0, 0, 0, 0, 0, 0, 0, 0, 0, 0, 0, 0, 0]","[['b', 'r', 'i'], ['ʈ', 'a'], ['n', 'i']]",briʈani
কুণ্ঠাবোধ,"[8, 14, 6, 34, 2, 11, 3, 25, 0, 0, 0, 0, 0, 0, 0, 0, 0, 0, 0, 0]","[['k', 'u', 'n'], ['ʈʰ', 'a'], ['b', 'o', 'd̪ʱ']]",kunʈʰabod̪ʱ
অলিউল্লাহ,"[3, 12, 4, 14, 12, 12, 2, 21, 0, 0, 0, 0, 0, 0, 0, 0, 0, 0, 0, 0]","[['o'], ['l', 'i'], ['u', 'l'], ['l', 'a', 'h']]",oliullah
কালিমালিপ্ত,"[8, 2, 12, 4, 13, 2, 12, 4, 15, 10, 3, 0, 0, 0, 0, 0, 0, 0, 0, 0]","[['k', 'a'], ['l', 'i'], ['m', 'a'], ['l', 'i', 'p'], ['t̪', 'o']]",kalimalipt̪o
শানুর,"[9, 2, 6, 14, 1, 0, 0, 0, 0, 0, 0, 0, 0, 0, 0, 0, 0, 0, 0, 0]","[['ʃ', 'a'], ['n', 'u', 'r']]",ʃanur
অতিপ্রাকৃতিক,"[3, 10, 4, 15, 1, 2, 8, 1, 4, 10, 4, 8, 0, 0, 0, 0, 0, 0, 0, 0]","[['o'], ['t̪', 'i'], ['p', 'r', 'a'], ['k', 'r', 'i'], ['t̪', 'i', 'k']]",ot̪iprakrit̪ik
ওয়ার্কআউট,"[52, 1, 8, 43, 16, 0, 0, 0, 0, 0, 0, 0, 0, 0, 0, 0, 0, 0, 0, 0]","[['o̯a', 'r', 'k'], ['au̯', 'ʈ']]",o̯arkau̯ʈ
ক্রুসেডারদের,"[8, 1, 14, 19, 5, 26, 2, 1, 17, 5, 1, 0, 0, 0, 0, 0, 0, 0, 0, 0]","[['k', 'r', 'u'], ['s', 'e'], ['ɖ', 'a', 'r'], ['d̪', 'e', 'r']]",kruseɖard̪er
হরিলুট,"[21, 3, 1, 4, 12, 14, 16, 0, 0, 0, 0, 0, 0, 0, 0, 0, 0, 0, 0, 0]","[['h', 'o'], ['r', 'i'], ['l', 'u', 'ʈ']]",horiluʈ
টেন্ডারে,"[16, 5, 6, 26, 2, 1, 5, 0, 0, 0, 0, 0, 0, 0, 0, 0, 0, 0, 0, 0]","[['ʈ', 'e', 'n'], ['ɖ', 'a'], ['r', 'e']]",ʈenɖare
আইনানুগভাবে,"[30, 6, 2, 6, 14, 20, 23, 2, 11, 5, 0, 0, 0, 0, 0, 0, 0, 0, 0, 0]","[['ai̯'], ['n', 'a'], ['n', 'u', 'g'], ['bʱ', 'a'], ['b', 'e']]",ai̯nanugbʱabe
র্যাম্প,"[1, 28, 13, 15, 0, 0, 0, 0, 0, 0, 0, 0, 0, 0, 0, 0, 0, 0, 0, 0]","[['r', 'æ', 'm', 'p']]",ræmp
রংগুলো,"[1, 7, 29, 20, 14, 12, 3, 0, 0, 0, 0, 0, 0, 0, 0, 0, 0, 0, 0, 0]","[['r', 'ɔ', 'ŋ'], ['g', 'u'], ['l', 'o']]",rɔŋgulo
ফেলু,"[27, 5, 12, 14, 0, 0, 0, 0, 0, 0, 0, 0, 0, 0, 0, 0, 0, 0, 0, 0]","[['f', 'e'], ['l', 'u']]",felu
রিপ্রেজেনটেটিভ,"[1, 4, 15, 1, 5, 18, 5, 6, 16, 5, 16, 4, 23, 0, 0, 0, 0, 0, 0, 0]","[['r', 'i'], ['p', 'r', 'e'], ['dʒ', 'e', 'n'], ['ʈ', 'e'], ['ʈ', 'i', 'bʱ']]",ripredʒenʈeʈibʱ
সেমিপাকা,"[9, 5, 13, 4, 15, 2, 8, 2, 0, 0, 0, 0, 0, 0, 0, 0, 0, 0, 0, 0]","[['ʃ', 'e'], ['m', 'i'], ['p', 'a'], ['k', 'a']]",ʃemipaka
শেষনিঃশ্বাস,"[9, 5, 9, 6, 4, 9, 9, 2, 9, 0, 0, 0, 0, 0, 0, 0, 0, 0, 0, 0]","[['ʃ', 'e', 'ʃ'], ['n', 'i', 'ʃ'], ['ʃ', 'a', 'ʃ']]",ʃeʃniʃʃaʃ
শিক্ষিতদের,"[9, 4, 8, 24, 4, 10, 3, 17, 5, 1, 0, 0, 0, 0, 0, 0, 0, 0, 0, 0]","[['ʃ', 'i', 'k'], ['kʰ', 'i'], ['t̪', 'o'], ['d̪', 'e', 'r']]",ʃikkʰit̪od̪er
স্যুটটি,"[9, 14, 16, 16, 4, 0, 0, 0, 0, 0, 0, 0, 0, 0, 0, 0, 0, 0, 0, 0]","[['ʃ', 'u', 'ʈ'], ['ʈ', 'i']]",ʃuʈʈi
গবেষণারত,"[20, 7, 11, 5, 9, 3, 6, 2, 1, 7, 10, 3, 0, 0, 0, 0, 0, 0, 0, 0]","[['g', 'ɔ'], ['b', 'e'], ['ʃ', 'o'], ['n', 'a'], ['r', 'ɔ'], ['t̪', 'o']]",gɔbeʃonarɔt̪o
অর্গের,"[7, 1, 20, 5, 1, 0, 0, 0, 0, 0, 0, 0, 0, 0, 0, 0, 0, 0, 0, 0]","[['ɔ', 'r'], ['g', 'e', 'r']]",ɔrger
ভিত্তিফলক,"[23, 4, 10, 10, 4, 27, 7, 12, 3, 8, 0, 0, 0, 0, 0, 0, 0, 0, 0, 0]","[['bʱ', 'i', 't̪'], ['t̪', 'i'], ['f', 'ɔ'], ['l', 'o', 'k']]",bʱit̪t̪ifɔlok
দুরুল,"[17, 14, 1, 14, 12, 0, 0, 0, 0, 0, 0, 0, 0, 0, 0, 0, 0, 0, 0, 0]","[['d̪', 'u'], ['r', 'u', 'l']]",d̪urul
তেলরং,"[10, 5, 12, 1, 7, 29, 0, 0, 0, 0, 0, 0, 0, 0, 0, 0, 0, 0, 0, 0]","[['t̪', 'e', 'l'], ['r', 'ɔ', 'ŋ']]",t̪elrɔŋ
রোজিনার,"[1, 3, 18, 4, 6, 2, 1, 0, 0, 0, 0, 0, 0, 0, 0, 0, 0, 0, 0, 0]","[['r', 'o'], ['dʒ', 'i'], ['n', 'a', 'r']]",rodʒinar
কাঁচপুর,"[8, 2, 22, 15, 14, 1, 0, 0, 0, 0, 0, 0, 0, 0, 0, 0, 0, 0, 0, 0]","[['k', 'a', 'tʃ'], ['p', 'u', 'r']]",katʃpur
পারমানেন্ট,"[15, 2, 1, 13, 2, 6, 5, 6, 16, 0, 0, 0, 0, 0, 0, 0, 0, 0, 0, 0]","[['p', 'a', 'r'], ['m', 'a'], ['n', 'e', 'n', 'ʈ']]",parmanenʈ
আম্বানি,"[2, 13, 11, 2, 6, 4, 0, 0, 0, 0, 0, 0, 0, 0, 0, 0, 0, 0, 0, 0]","[['a', 'm'], ['b', 'a'], ['n', 'i']]",ambani
প্রযুক্তিমন্ত্রী,"[15, 1, 3, 18, 14, 8, 10, 4, 13, 3, 6, 10, 1, 4, 0, 0, 0, 0, 0, 0]","[['p', 'r', 'o'], ['dʒ', 'u', 'k'], ['t̪', 'i'], ['m', 'o', 'n'], ['t̪', 'r', 'i']]",prodʒukt̪imont̪ri
শান্তিনগরের,"[9, 2, 6, 10, 4, 6, 7, 20, 3, 1, 5, 1, 0, 0, 0, 0, 0, 0, 0, 0]","[['ʃ', 'a', 'n'], ['t̪', 'i'], ['n', 'ɔ'], ['g', 'o'], ['r', 'e', 'r']]",ʃant̪inɔgorer
হিসাববিজ্ঞানের,"[21, 4, 9, 2, 11, 11, 4, 20, 20, 2, 6, 5, 1, 0, 0, 0, 0, 0, 0, 0]","[['h', 'i'], ['ʃ', 'a', 'b'], ['b', 'i', 'g'], ['g', 'a'], ['n', 'e', 'r']]",hiʃabbigganer
তৌফিকুল,"[10, 41, 27, 4, 8, 14, 12, 0, 0, 0, 0, 0, 0, 0, 0, 0, 0, 0, 0, 0]","[['t̪', 'ou̯'], ['f', 'i'], ['k', 'u', 'l']]",t̪ou̯fikul
ডিম্বাকৃতির,"[26, 4, 13, 11, 2, 8, 1, 4, 10, 4, 1, 0, 0, 0, 0, 0, 0, 0, 0, 0]","[['ɖ', 'i', 'm'], ['b', 'a'], ['k', 'r', 'i'], ['t̪', 'i', 'r']]",ɖimbakrit̪ir
থাইল্যান্ডসহ,"[32, 30, 12, 28, 6, 26, 9, 7, 21, 3, 0, 0, 0, 0, 0, 0, 0, 0, 0, 0]","[['t̪ʰ', 'ai̯'], ['l', 'æ', 'n', 'ɖ'], ['ʃ', 'ɔ'], ['h', 'o']]",t̪ʰai̯lænɖʃɔho
পরবাসে,"[15, 7, 1, 3, 11, 2, 9, 5, 0, 0, 0, 0, 0, 0, 0, 0, 0, 0, 0, 0]","[['p', 'ɔ'], ['r', 'o'], ['b', 'a'], ['ʃ', 'e']]",pɔrobaʃe
বটেশ্বরের,"[11, 7, 16, 5, 9, 9, 7, 1, 5, 1, 0, 0, 0, 0, 0, 0, 0, 0, 0, 0]","[['b', 'ɔ'], ['ʈ', 'e', 'ʃ'], ['ʃ', 'ɔ'], ['r', 'e', 'r']]",bɔʈeʃʃɔrer
মোমেনীন,"[13, 3, 13, 5, 6, 4, 6, 0, 0, 0, 0, 0, 0, 0, 0, 0, 0, 0, 0, 0]","[['m', 'o'], ['m', 'e'], ['n', 'i', 'n']]",momenin
চিপ্স,"[22, 4, 15, 19, 0, 0, 0, 0, 0, 0, 0, 0, 0, 0, 0, 0, 0, 0, 0, 0]","[['tʃ', 'i', 'p', 's']]",tʃips
আরশিনগর,"[2, 1, 9, 4, 6, 7, 20, 3, 1, 0, 0, 0, 0, 0, 0, 0, 0, 0, 0, 0]","[['a', 'r'], ['ʃ', 'i'], ['n', 'ɔ'], ['g', 'o', 'r']]",arʃinɔgor
মহিনের,"[13, 3, 21, 4, 6, 5, 1, 0, 0, 0, 0, 0, 0, 0, 0, 0, 0, 0, 0, 0]","[['m', 'o'], ['h', 'i'], ['n', 'e', 'r']]",mohiner
অধিকারবঞ্চিত,"[3, 25, 4, 8, 2, 1, 11, 3, 6, 22, 4, 10, 3, 0, 0, 0, 0, 0, 0, 0]","[['o'], ['d̪ʱ', 'i'], ['k', 'a', 'r'], ['b', 'o', 'n'], ['tʃ', 'i'], ['t̪', 'o']]",od̪ʱikarbontʃit̪o
সিরাজুম,"[9, 4, 1, 2, 18, 14, 13, 0, 0, 0, 0, 0, 0, 0, 0, 0, 0, 0, 0, 0]","[['ʃ', 'i'], ['r', 'a'], ['dʒ', 'u', 'm']]",ʃiradʒum
পার্টের,"[15, 2, 1, 16, 5, 1, 0, 0, 0, 0, 0, 0, 0, 0, 0, 0, 0, 0, 0, 0]","[['p', 'a', 'r'], ['ʈ', 'e', 'r']]",parʈer
ফোকলা,"[27, 3, 8, 12, 2, 0, 0, 0, 0, 0, 0, 0, 0, 0, 0, 0, 0, 0, 0, 0]","[['f', 'o', 'k'], ['l', 'a']]",fokla
হুজুরকে,"[21, 14, 18, 14, 1, 8, 5, 0, 0, 0, 0, 0, 0, 0, 0, 0, 0, 0, 0, 0]","[['h', 'u'], ['dʒ', 'u', 'r'], ['k', 'e']]",hudʒurke
সুভাষের,"[9, 14, 23, 2, 9, 5, 1, 0, 0, 0, 0, 0, 0, 0, 0, 0, 0, 0, 0, 0]","[['ʃ', 'u'], ['bʱ', 'a'], ['ʃ', 'e', 'r']]",ʃubʱaʃer
কর্মকর্তাটি,"[8, 7, 1, 13, 3, 8, 7, 1, 10, 2, 16, 4, 0, 0, 0, 0, 0, 0, 0, 0]","[['k', 'ɔ', 'r'], ['m', 'o'], ['k', 'ɔ', 'r'], ['t̪', 'a'], ['ʈ', 'i']]",kɔrmokɔrt̪aʈi
শর্মাও,"[9, 7, 1, 13, 2, 3, 0, 0, 0, 0, 0, 0, 0, 0, 0, 0, 0, 0, 0, 0]","[['ʃ', 'ɔ', 'r'], ['m', 'a'], ['o']]",ʃɔrmao
ইফতেখারুল,"[4, 27, 10, 5, 24, 2, 1, 14, 12, 0, 0, 0, 0, 0, 0, 0, 0, 0, 0, 0]","[['i', 'f'], ['t̪', 'e'], ['kʰ', 'a'], ['r', 'u', 'l']]",ift̪ekʰarul
সিলেবাসে,"[19, 4, 12, 5, 11, 2, 19, 5, 0, 0, 0, 0, 0, 0, 0, 0, 0, 0, 0, 0]","[['s', 'i'], ['l', 'e'], ['b', 'a'], ['s', 'e']]",silebase
কুকরি,"[8, 14, 8, 1, 4, 0, 0, 0, 0, 0, 0, 0, 0, 0, 0, 0, 0, 0, 0, 0]","[['k', 'u', 'k'], ['r', 'i']]",kukri
খিঁচুনির,"[24, 4, 22, 14, 6, 4, 1, 0, 0, 0, 0, 0, 0, 0, 0, 0, 0, 0, 0, 0]","[['kʰ', 'i'], ['tʃ', 'u'], ['n', 'i', 'r']]",kʰitʃunir
সাতবারের,"[9, 2, 10, 11, 2, 1, 5, 1, 0, 0, 0, 0, 0, 0, 0, 0, 0, 0, 0, 0]","[['ʃ', 'a', 't̪'], ['b', 'a'], ['r', 'e', 'r']]",ʃat̪barer
নবরত্ন,"[6, 7, 11, 3, 1, 7, 10, 6, 3, 0, 0, 0, 0, 0, 0, 0, 0, 0, 0, 0]","[['n', 'ɔ'], ['b', 'o'], ['r', 'ɔ', 't̪'], ['n', 'o']]",nɔborɔt̪no
চিলেকোঠার,"[22, 4, 12, 5, 8, 3, 34, 2, 1, 0, 0, 0, 0, 0, 0, 0, 0, 0, 0, 0]","[['tʃ', 'i'], ['l', 'e'], ['k', 'o'], ['ʈʰ', 'a', 'r']]",tʃilekoʈʰar
পাণ্ডিত্যের,"[15, 2, 6, 26, 4, 10, 10, 5, 1, 0, 0, 0, 0, 0, 0, 0, 0, 0, 0, 0]","[['p', 'a', 'n'], ['ɖ', 'i', 't̪'], ['t̪', 'e', 'r']]",panɖit̪t̪er
কীর্তিতে,"[8, 4, 1, 10, 4, 10, 5, 0, 0, 0, 0, 0, 0, 0, 0, 0, 0, 0, 0, 0]","[['k', 'i', 'r'], ['t̪', 'i'], ['t̪', 'e']]",kirt̪it̪e
এথেন্সকে,"[5, 32, 5, 6, 19, 8, 5, 0, 0, 0, 0, 0, 0, 0, 0, 0, 0, 0, 0, 0]","[['e'], ['t̪ʰ', 'e', 'n', 's'], ['k', 'e']]",et̪ʰenske
প্রেগন্যান্সি,"[15, 1, 5, 20, 6, 28, 6, 19, 4, 0, 0, 0, 0, 0, 0, 0, 0, 0, 0, 0]","[['p', 'r', 'e', 'g'], ['n', 'æ', 'n'], ['s', 'i']]",pregnænsi
ভোজ্যতেলের,"[23, 3, 18, 18, 3, 10, 5, 12, 5, 1, 0, 0, 0, 0, 0, 0, 0, 0, 0, 0]","[['bʱ', 'o', 'dʒ'], ['dʒ', 'o'], ['t̪', 'e'], ['l', 'e', 'r']]",bʱodʒdʒot̪eler
ডিরেকশন,"[26, 4, 1, 5, 8, 9, 7, 6, 0, 0, 0, 0, 0, 0, 0, 0, 0, 0, 0, 0]","[['ɖ', 'i'], ['r', 'e', 'k'], ['ʃ', 'ɔ', 'n']]",ɖirekʃɔn
পাঠানোও,"[15, 2, 34, 2, 6, 47, 0, 0, 0, 0, 0, 0, 0, 0, 0, 0, 0, 0, 0, 0]","[['p', 'a'], ['ʈʰ', 'a'], ['n', 'oo̯']]",paʈʰanoo̯
ক্যারেজ,"[8, 28, 1, 5, 18, 0, 0, 0, 0, 0, 0, 0, 0, 0, 0, 0, 0, 0, 0, 0]","[['k', 'æ'], ['r', 'e', 'dʒ']]",kæredʒ
প্রত্যাশাকে,"[15, 1, 3, 10, 10, 2, 9, 2, 8, 5, 0, 0, 0, 0, 0, 0, 0, 0, 0, 0]","[['p', 'r', 'o', 't̪'], ['t̪', 'a'], ['ʃ', 'a'], ['k', 'e']]",prot̪t̪aʃake
কাঠামোটা,"[8, 2, 34, 2, 13, 3, 16, 2, 0, 0, 0, 0, 0, 0, 0, 0, 0, 0, 0, 0]","[['k', 'a'], ['ʈʰ', 'a'], ['m', 'o'], ['ʈ', 'a']]",kaʈʰamoʈa
ব্যাসেল,"[11, 28, 19, 5, 12, 0, 0, 0, 0, 0, 0, 0, 0, 0, 0, 0, 0, 0, 0, 0]","[['b', 'æ'], ['s', 'e', 'l']]",bæsel
যোশেফ,"[18, 3, 19, 5, 27, 0, 0, 0, 0, 0, 0, 0, 0, 0, 0, 0, 0, 0, 0, 0]","[['dʒ', 'o'], ['s', 'e', 'f']]",dʒosef
শাহেদা,"[9, 2, 21, 5, 17, 2, 0, 0, 0, 0, 0, 0, 0, 0, 0, 0, 0, 0, 0, 0]","[['ʃ', 'a'], ['h', 'e'], ['d̪', 'a']]",ʃahed̪a
ধূমপানকে,"[25, 14, 13, 15, 2, 6, 8, 5, 0, 0, 0, 0, 0, 0, 0, 0, 0, 0, 0, 0]","[['d̪ʱ', 'u', 'm'], ['p', 'a', 'n'], ['k', 'e']]",d̪ʱumpanke
বিজ্ঞাপনচিত্রেও,"[11, 4, 20, 20, 2, 15, 7, 6, 22, 4, 10, 1, 5, 3, 0, 0, 0, 0, 0, 0]","[['b', 'i', 'g'], ['g', 'a'], ['p', 'ɔ', 'n'], ['tʃ', 'i', 't̪'], ['r', 'e'], ['o']]",biggapɔntʃit̪reo
ব্যাপারীর,"[11, 28, 15, 2, 1, 4, 1, 0, 0, 0, 0, 0, 0, 0, 0, 0, 0, 0, 0, 0]","[['b', 'æ'], ['p', 'a'], ['r', 'i', 'r']]",bæparir
ক্রিকেটাররাও,"[8, 1, 4, 8, 5, 16, 2, 1, 1, 38, 0, 0, 0, 0, 0, 0, 0, 0, 0, 0]","[['k', 'r', 'i'], ['k', 'e'], ['ʈ', 'a', 'r'], ['r', 'ao̯']]",krikeʈarrao̯
লিজার,"[12, 4, 18, 2, 1, 0, 0, 0, 0, 0, 0, 0, 0, 0, 0, 0, 0, 0, 0, 0]","[['l', 'i'], ['dʒ', 'a', 'r']]",lidʒar
উচ্চমাধ্যমিকের,"[14, 22, 22, 3, 13, 2, 17, 25, 3, 13, 4, 8, 5, 1, 0, 0, 0, 0, 0, 0]","[['u', 'tʃ'], ['tʃ', 'o'], ['m', 'a', 'd̪'], ['d̪ʱ', 'o'], ['m', 'i'], ['k', 'e', 'r']]",utʃtʃomad̪d̪ʱomiker
ডালভাত,"[26, 2, 12, 23, 2, 10, 0, 0, 0, 0, 0, 0, 0, 0, 0, 0, 0, 0, 0, 0]","[['ɖ', 'a', 'l'], ['bʱ', 'a', 't̪']]",ɖalbʱat̪
ট্রাস্টিজের,"[16, 1, 2, 19, 16, 4, 18, 5, 1, 0, 0, 0, 0, 0, 0, 0, 0, 0, 0, 0]","[['ʈ', 'r', 'a', 's'], ['ʈ', 'i'], ['dʒ', 'e', 'r']]",ʈrasʈidʒer
তদ্ভব,"[10, 7, 17, 23, 7, 11, 0, 0, 0, 0, 0, 0, 0, 0, 0, 0, 0, 0, 0, 0]","[['t̪', 'ɔ', 'd̪'], ['bʱ', 'ɔ', 'b']]",t̪ɔd̪bʱɔb
হাঁপানিতে,"[21, 2, 15, 2, 6, 4, 10, 5, 0, 0, 0, 0, 0, 0, 0, 0, 0, 0, 0, 0]","[['h', 'a'], ['p', 'a'], ['n', 'i'], ['t̪', 'e']]",hapanit̪e
ছুরিটা,"[31, 14, 1, 4, 16, 2, 0, 0, 0, 0, 0, 0, 0, 0, 0, 0, 0, 0, 0, 0]","[['tʃʰ', 'u'], ['r', 'i'], ['ʈ', 'a']]",tʃʰuriʈa
গার্নারের,"[20, 2, 1, 6, 2, 1, 5, 1, 0, 0, 0, 0, 0, 0, 0, 0, 0, 0, 0, 0]","[['g', 'a', 'r'], ['n', 'a'], ['r', 'e', 'r']]",garnarer
লুটপাটে,"[12, 14, 16, 15, 2, 16, 5, 0, 0, 0, 0, 0, 0, 0, 0, 0, 0, 0, 0, 0]","[['l', 'u', 'ʈ'], ['p', 'a'], ['ʈ', 'e']]",luʈpaʈe
মধুকে,"[13, 3, 25, 14, 8, 5, 0, 0, 0, 0, 0, 0, 0, 0, 0, 0, 0, 0, 0, 0]","[['m', 'o'], ['d̪ʱ', 'u'], ['k', 'e']]",mod̪ʱuke
উচ্ছ্বল,"[14, 22, 31, 7, 12, 0, 0, 0, 0, 0, 0, 0, 0, 0, 0, 0, 0, 0, 0, 0]","[['u', 'tʃ'], ['tʃʰ', 'ɔ', 'l']]",utʃtʃʰɔl
টাইটানের,"[16, 30, 16, 2, 6, 5, 1, 0, 0, 0, 0, 0, 0, 0, 0, 0, 0, 0, 0, 0]","[['ʈ', 'ai̯'], ['ʈ', 'a'], ['n', 'e', 'r']]",ʈai̯ʈaner
মক্কেলকে,"[13, 7, 8, 8, 5, 12, 8, 5, 0, 0, 0, 0, 0, 0, 0, 0, 0, 0, 0, 0]","[['m', 'ɔ', 'k'], ['k', 'e', 'l'], ['k', 'e']]",mɔkkelke
হিল্টনের,"[21, 4, 12, 16, 7, 6, 5, 1, 0, 0, 0, 0, 0, 0, 0, 0, 0, 0, 0, 0]","[['h', 'i', 'l'], ['ʈ', 'ɔ'], ['n', 'e', 'r']]",hilʈɔner
নূসরাত,"[6, 14, 9, 1, 2, 10, 0, 0, 0, 0, 0, 0, 0, 0, 0, 0, 0, 0, 0, 0]","[['n', 'u', 'ʃ'], ['r', 'a', 't̪']]",nuʃrat̪
কর্মকর্তারাই,"[8, 7, 1, 13, 3, 8, 7, 1, 10, 2, 1, 30, 0, 0, 0, 0, 0, 0, 0, 0]","[['k', 'ɔ', 'r'], ['m', 'o'], ['k', 'ɔ', 'r'], ['t̪', 'a'], ['r', 'ai̯']]",kɔrmokɔrt̪arai̯
বাতাবি,"[11, 2, 10, 2, 11, 4, 0, 0, 0, 0, 0, 0, 0, 0, 0, 0, 0, 0, 0, 0]","[['b', 'a'], ['t̪', 'a'], ['b', 'i']]",bat̪abi
নাট্যসংগঠন,"[6, 2, 16, 16, 3, 9, 7, 29, 20, 7, 34, 3, 6, 0, 0, 0, 0, 0, 0, 0]","[['n', 'a', 'ʈ'], ['ʈ', 'o'], ['ʃ', 'ɔ', 'ŋ'], ['g', 'ɔ'], ['ʈʰ', 'o', 'n']]",naʈʈoʃɔŋgɔʈʰon
বাংলানিউজ,"[11, 2, 29, 12, 2, 6, 40, 18, 0, 0, 0, 0, 0, 0, 0, 0, 0, 0, 0, 0]","[['b', 'a', 'ŋ'], ['l', 'a'], ['n', 'iu̯', 'dʒ']]",baŋlaniu̯dʒ
গ্রহাণুটির,"[20, 1, 3, 21, 2, 6, 14, 16, 4, 1, 0, 0, 0, 0, 0, 0, 0, 0, 0, 0]","[['g', 'r', 'o'], ['h', 'a'], ['n', 'u'], ['ʈ', 'i', 'r']]",grohanuʈir
ঘুমাব,"[35, 14, 13, 2, 11, 3, 0, 0, 0, 0, 0, 0, 0, 0, 0, 0, 0, 0, 0, 0]","[['gʱ', 'u'], ['m', 'a'], ['b', 'o']]",gʱumabo
মাকামে,"[13, 2, 8, 2, 13, 5, 0, 0, 0, 0, 0, 0, 0, 0, 0, 0, 0, 0, 0, 0]","[['m', 'a'], ['k', 'a'], ['m', 'e']]",makame
স্কিনের,"[19, 8, 4, 6, 5, 1, 0, 0, 0, 0, 0, 0, 0, 0, 0, 0, 0, 0, 0, 0]","[['s', 'k', 'i'], ['n', 'e', 'r']]",skiner
উইকিলিকসে,"[44, 8, 4, 12, 4, 8, 19, 5, 0, 0, 0, 0, 0, 0, 0, 0, 0, 0, 0, 0]","[['ui̯'], ['k', 'i'], ['l', 'i', 'k'], ['s', 'e']]",ui̯kilikse
গাবসারা,"[20, 2, 11, 19, 2, 1, 2, 0, 0, 0, 0, 0, 0, 0, 0, 0, 0, 0, 0, 0]","[['g', 'a', 'b'], ['s', 'a'], ['r', 'a']]",gabsara
সুসভ্য,"[9, 14, 9, 7, 11, 23, 3, 0, 0, 0, 0, 0, 0, 0, 0, 0, 0, 0, 0, 0]","[['ʃ', 'u'], ['ʃ', 'ɔ', 'b'], ['bʱ', 'o']]",ʃuʃɔbbʱo
রোমান্টিকতার,"[1, 3, 13, 2, 6, 16, 4, 8, 7, 10, 2, 1, 0, 0, 0, 0, 0, 0, 0, 0]","[['r', 'o'], ['m', 'a', 'n'], ['ʈ', 'i'], ['k', 'ɔ'], ['t̪', 'a', 'r']]",romanʈikɔt̪ar
কার্পেটিং,"[8, 2, 1, 15, 5, 16, 4, 29, 0, 0, 0, 0, 0, 0, 0, 0, 0, 0, 0, 0]","[['k', 'a', 'r'], ['p', 'e'], ['ʈ', 'i', 'ŋ']]",karpeʈiŋ
শামীমুল,"[9, 2, 13, 4, 13, 14, 12, 0, 0, 0, 0, 0, 0, 0, 0, 0, 0, 0, 0, 0]","[['ʃ', 'a'], ['m', 'i'], ['m', 'u', 'l']]",ʃamimul
দাঁতমারা,"[17, 2, 10, 13, 2, 1, 2, 0, 0, 0, 0, 0, 0, 0, 0, 0, 0, 0, 0, 0]","[['d̪', 'a', 't̪'], ['m', 'a'], ['r', 'a']]",d̪at̪mara
গ্লাভসবন্দী,"[20, 12, 2, 23, 19, 11, 3, 6, 17, 4, 0, 0, 0, 0, 0, 0, 0, 0, 0, 0]","[['g', 'l', 'a', 'bʱ', 's'], ['b', 'o', 'n'], ['d̪', 'i']]",glabʱsbond̪i
সম্মাননাও,"[9, 7, 13, 13, 2, 6, 7, 6, 38, 0, 0, 0, 0, 0, 0, 0, 0, 0, 0, 0]","[['ʃ', 'ɔ', 'm'], ['m', 'a'], ['n', 'ɔ'], ['n', 'ao̯']]",ʃɔmmanɔnao̯
হাসুর,"[21, 2, 9, 14, 1, 0, 0, 0, 0, 0, 0, 0, 0, 0, 0, 0, 0, 0, 0, 0]","[['h', 'a'], ['ʃ', 'u', 'r']]",haʃur
অটোগ্রাফের,"[7, 16, 3, 20, 1, 2, 27, 5, 1, 0, 0, 0, 0, 0, 0, 0, 0, 0, 0, 0]","[['ɔ'], ['ʈ', 'o'], ['g', 'r', 'a'], ['f', 'e', 'r']]",ɔʈografer
পেশিবহুল,"[15, 5, 9, 4, 11, 3, 21, 14, 12, 0, 0, 0, 0, 0, 0, 0, 0, 0, 0, 0]","[['p', 'e'], ['ʃ', 'i'], ['b', 'o'], ['h', 'u', 'l']]",peʃibohul
সল্টলেকের,"[19, 7, 12, 16, 12, 5, 8, 5, 1, 0, 0, 0, 0, 0, 0, 0, 0, 0, 0, 0]","[['s', 'ɔ', 'l', 'ʈ'], ['l', 'e'], ['k', 'e', 'r']]",sɔlʈleker
তাহাদিগের,"[10, 2, 21, 2, 17, 4, 20, 5, 1, 0, 0, 0, 0, 0, 0, 0, 0, 0, 0, 0]","[['t̪', 'a'], ['h', 'a'], ['d̪', 'i'], ['g', 'e', 'r']]",t̪ahad̪iger
এঞ্জি,"[5, 6, 18, 4, 0, 0, 0, 0, 0, 0, 0, 0, 0, 0, 0, 0, 0, 0, 0, 0]","[['e', 'n'], ['dʒ', 'i']]",endʒi
জিলাপির,"[18, 4, 12, 2, 15, 4, 1, 0, 0, 0, 0, 0, 0, 0, 0, 0, 0, 0, 0, 0]","[['dʒ', 'i'], ['l', 'a'], ['p', 'i', 'r']]",dʒilapir
সিপাহিদের,"[9, 4, 15, 2, 21, 4, 17, 5, 1, 0, 0, 0, 0, 0, 0, 0, 0, 0, 0, 0]","[['ʃ', 'i'], ['p', 'a'], ['h', 'i'], ['d̪', 'e', 'r']]",ʃipahid̪er
লেনোভোর,"[12, 5, 6, 3, 23, 3, 1, 0, 0, 0, 0, 0, 0, 0, 0, 0, 0, 0, 0, 0]","[['l', 'e'], ['n', 'o'], ['bʱ', 'o', 'r']]",lenobʱor
পরিপূরণ,"[15, 3, 1, 4, 15, 14, 1, 3, 6, 0, 0, 0, 0, 0, 0, 0, 0, 0, 0, 0]","[['p', 'o'], ['r', 'i'], ['p', 'u'], ['r', 'o', 'n']]",poripuron
স্যুপে,"[19, 14, 15, 5, 0, 0, 0, 0, 0, 0, 0, 0, 0, 0, 0, 0, 0, 0, 0, 0]","[['s', 'u'], ['p', 'e']]",supe
মহাপরিদর্শকের,"[13, 7, 21, 2, 15, 3, 1, 4, 17, 7, 1, 9, 3, 8, 5, 1, 0, 0, 0, 0]","[['m', 'ɔ'], ['h', 'a'], ['p', 'o'], ['r', 'i'], ['d̪', 'ɔ', 'r'], ['ʃ', 'o'], ['k', 'e', 'r']]",mɔhaporid̪ɔrʃoker
শ্বেতসার,"[9, 5, 10, 9, 2, 1, 0, 0, 0, 0, 0, 0, 0, 0, 0, 0, 0, 0, 0, 0]","[['ʃ', 'e', 't̪'], ['ʃ', 'a', 'r']]",ʃet̪ʃar
ঢিলেঢালাভাবে,"[46, 4, 12, 5, 46, 2, 12, 2, 23, 2, 11, 5, 0, 0, 0, 0, 0, 0, 0, 0]","[['ɖʱ', 'i'], ['l', 'e'], ['ɖʱ', 'a'], ['l', 'a'], ['bʱ', 'a'], ['b', 'e']]",ɖʱileɖʱalabʱabe
তাঁতশিল্পের,"[10, 2, 10, 9, 4, 12, 15, 5, 1, 0, 0, 0, 0, 0, 0, 0, 0, 0, 0, 0]","[['t̪', 'a', 't̪'], ['ʃ', 'i', 'l'], ['p', 'e', 'r']]",t̪at̪ʃilper
আসামিপক্ষের,"[2, 9, 2, 13, 4, 15, 7, 8, 24, 5, 1, 0, 0, 0, 0, 0, 0, 0, 0, 0]","[['a'], ['ʃ', 'a'], ['m', 'i'], ['p', 'ɔ', 'k'], ['kʰ', 'e', 'r']]",aʃamipɔkkʰer
পার্চিং,"[15, 2, 1, 22, 4, 29, 0, 0, 0, 0, 0, 0, 0, 0, 0, 0, 0, 0, 0, 0]","[['p', 'a', 'r'], ['tʃ', 'i', 'ŋ']]",partʃiŋ
রিজভীকে,"[1, 4, 18, 23, 4, 8, 5, 0, 0, 0, 0, 0, 0, 0, 0, 0, 0, 0, 0, 0]","[['r', 'i', 'dʒ'], ['bʱ', 'i'], ['k', 'e']]",ridʒbʱike
আরমানি,"[2, 1, 13, 2, 6, 4, 0, 0, 0, 0, 0, 0, 0, 0, 0, 0, 0, 0, 0, 0]","[['a', 'r'], ['m', 'a'], ['n', 'i']]",armani
নিশিতা,"[6, 4, 9, 4, 10, 2, 0, 0, 0, 0, 0, 0, 0, 0, 0, 0, 0, 0, 0, 0]","[['n', 'i'], ['ʃ', 'i'], ['t̪', 'a']]",niʃit̪a
পুষ্পার্ঘ্য,"[15, 14, 9, 15, 2, 1, 35, 3, 0, 0, 0, 0, 0, 0, 0, 0, 0, 0, 0, 0]","[['p', 'u', 'ʃ'], ['p', 'a', 'r'], ['gʱ', 'o']]",puʃpargʱo
তারেককে,"[10, 2, 1, 5, 8, 8, 5, 0, 0, 0, 0, 0, 0, 0, 0, 0, 0, 0, 0, 0]","[['t̪', 'a'], ['r', 'e', 'k'], ['k', 'e']]",t̪arekke
ওভারি,"[3, 23, 2, 1, 4, 0, 0, 0, 0, 0, 0, 0, 0, 0, 0, 0, 0, 0, 0, 0]","[['o'], ['bʱ', 'a'], ['r', 'i']]",obʱari
নকশাও,"[6, 7, 8, 9, 38, 0, 0, 0, 0, 0, 0, 0, 0, 0, 0, 0, 0, 0, 0, 0]","[['n', 'ɔ', 'k'], ['ʃ', 'ao̯']]",nɔkʃao̯
গাইতেই,"[20, 30, 10, 33, 0, 0, 0, 0, 0, 0, 0, 0, 0, 0, 0, 0, 0, 0, 0, 0]","[['g', 'ai̯'], ['t̪', 'ei̯']]",gai̯t̪ei̯
সর্বনামের,"[9, 7, 1, 11, 3, 6, 2, 13, 5, 1, 0, 0, 0, 0, 0, 0, 0, 0, 0, 0]","[['ʃ', 'ɔ', 'r'], ['b', 'o'], ['n', 'a'], ['m', 'e', 'r']]",ʃɔrbonamer
আশাকের,"[2, 9, 2, 8, 5, 1, 0, 0, 0, 0, 0, 0, 0, 0, 0, 0, 0, 0, 0, 0]","[['a'], ['ʃ', 'a'], ['k', 'e', 'r']]",aʃaker
গ্লস্টার,"[20, 12, 7, 19, 16, 2, 1, 0, 0, 0, 0, 0, 0, 0, 0, 0, 0, 0, 0, 0]","[['g', 'l', 'ɔ', 's'], ['ʈ', 'a', 'r']]",glɔsʈar
ছাতাটা,"[31, 2, 10, 2, 16, 2, 0, 0, 0, 0, 0, 0, 0, 0, 0, 0, 0, 0, 0, 0]","[['tʃʰ', 'a'], ['t̪', 'a'], ['ʈ', 'a']]",tʃʰat̪aʈa
আদমশুমারির,"[2, 17, 3, 13, 9, 14, 13, 2, 1, 4, 1, 0, 0, 0, 0, 0, 0, 0, 0, 0]","[['a'], ['d̪', 'o', 'm'], ['ʃ', 'u'], ['m', 'a'], ['r', 'i', 'r']]",ad̪omʃumarir
হালুম,"[21, 2, 12, 14, 13, 0, 0, 0, 0, 0, 0, 0, 0, 0, 0, 0, 0, 0, 0, 0]","[['h', 'a'], ['l', 'u', 'm']]",halum
কুদরতের,"[8, 14, 17, 1, 7, 10, 5, 1, 0, 0, 0, 0, 0, 0, 0, 0, 0, 0, 0, 0]","[['k', 'u', 'd̪'], ['r', 'ɔ'], ['t̪', 'e', 'r']]",kud̪rɔt̪er
রিংসের,"[1, 4, 29, 19, 5, 1, 0, 0, 0, 0, 0, 0, 0, 0, 0, 0, 0, 0, 0, 0]","[['r', 'i', 'ŋ'], ['s', 'e', 'r']]",riŋser
ড্যাস,"[26, 28, 9, 0, 0, 0, 0, 0, 0, 0, 0, 0, 0, 0, 0, 0, 0, 0, 0, 0]","[['ɖ', 'æ', 'ʃ']]",ɖæʃ
স্বার,"[9, 2, 1, 0, 0, 0, 0, 0, 0, 0, 0, 0, 0, 0, 0, 0, 0, 0, 0, 0]","[['ʃ', 'a', 'r']]",ʃar
ব্রাদার্সে,"[11, 1, 2, 17, 2, 1, 19, 5, 0, 0, 0, 0, 0, 0, 0, 0, 0, 0, 0, 0]","[['b', 'r', 'a'], ['d̪', 'a', 'r'], ['s', 'e']]",brad̪arse
ধুনটের,"[25, 14, 6, 3, 16, 5, 1, 0, 0, 0, 0, 0, 0, 0, 0, 0, 0, 0, 0, 0]","[['d̪ʱ', 'u'], ['n', 'o'], ['ʈ', 'e', 'r']]",d̪ʱunoʈer
রাহানেকে,"[1, 2, 21, 2, 6, 5, 8, 5, 0, 0, 0, 0, 0, 0, 0, 0, 0, 0, 0, 0]","[['r', 'a'], ['h', 'a'], ['n', 'e'], ['k', 'e']]",rahaneke
খুললেও,"[24, 14, 12, 12, 37, 0, 0, 0, 0, 0, 0, 0, 0, 0, 0, 0, 0, 0, 0, 0]","[['kʰ', 'u', 'l'], ['l', 'eo̯']]",kʰulleo̯
আমীনকে,"[2, 13, 4, 6, 8, 5, 0, 0, 0, 0, 0, 0, 0, 0, 0, 0, 0, 0, 0, 0]","[['a'], ['m', 'i', 'n'], ['k', 'e']]",aminke
প্রশ্নেরও,"[15, 1, 3, 9, 6, 5, 1, 3, 0, 0, 0, 0, 0, 0, 0, 0, 0, 0, 0, 0]","[['p', 'r', 'o', 'ʃ'], ['n', 'e', 'r'], ['o']]",proʃnero
রকিবের,"[1, 3, 8, 4, 11, 5, 1, 0, 0, 0, 0, 0, 0, 0, 0, 0, 0, 0, 0, 0]","[['r', 'o'], ['k', 'i'], ['b', 'e', 'r']]",rokiber
চারুশিল্পী,"[22, 2, 1, 14, 9, 4, 12, 15, 4, 0, 0, 0, 0, 0, 0, 0, 0, 0, 0, 0]","[['tʃ', 'a'], ['r', 'u'], ['ʃ', 'i', 'l'], ['p', 'i']]",tʃaruʃilpi
ক্যাচটি,"[8, 28, 22, 16, 4, 0, 0, 0, 0, 0, 0, 0, 0, 0, 0, 0, 0, 0, 0, 0]","[['k', 'æ', 'tʃ'], ['ʈ', 'i']]",kætʃʈi
পার্বণে,"[15, 2, 1, 11, 3, 6, 5, 0, 0, 0, 0, 0, 0, 0, 0, 0, 0, 0, 0, 0]","[['p', 'a', 'r'], ['b', 'o'], ['n', 'e']]",parbone
প্রধানমন্ত্রিত্ব,"[15, 1, 3, 25, 2, 6, 13, 3, 6, 10, 1, 4, 10, 10, 3, 0, 0, 0, 0, 0]","[['p', 'r', 'o'], ['d̪ʱ', 'a', 'n'], ['m', 'o', 'n'], ['t̪', 'r', 'i', 't̪'], ['t̪', 'o']]",prod̪ʱanmont̪rit̪t̪o
জুভেন্টাসে,"[18, 14, 23, 5, 6, 16, 2, 19, 5, 0, 0, 0, 0, 0, 0, 0, 0, 0, 0, 0]","[['dʒ', 'u'], ['bʱ', 'e', 'n'], ['ʈ', 'a'], ['s', 'e']]",dʒubʱenʈase
ইনিংসই,"[4, 6, 4, 29, 19, 4, 0, 0, 0, 0, 0, 0, 0, 0, 0, 0, 0, 0, 0, 0]","[['i'], ['n', 'i', 'ŋ', 's'], ['i']]",iniŋsi
গাজাবাসী,"[20, 2, 18, 2, 11, 2, 9, 4, 0, 0, 0, 0, 0, 0, 0, 0, 0, 0, 0, 0]","[['g', 'a'], ['dʒ', 'a'], ['b', 'a'], ['ʃ', 'i']]",gadʒabaʃi
যূথী,"[18, 14, 32, 4, 0, 0, 0, 0, 0, 0, 0, 0, 0, 0, 0, 0, 0, 0, 0, 0]","[['dʒ', 'u'], ['t̪ʰ', 'i']]",dʒut̪ʰi
শৈত্যপ্রবাহ,"[19, 36, 10, 10, 3, 15, 1, 3, 11, 2, 21, 3, 0, 0, 0, 0, 0, 0, 0, 0]","[['s', 'oi̯', 't̪'], ['t̪', 'o'], ['p', 'r', 'o'], ['b', 'a'], ['h', 'o']]",soi̯t̪t̪oprobaho
গদখালীর,"[20, 7, 17, 24, 2, 12, 4, 1, 0, 0, 0, 0, 0, 0, 0, 0, 0, 0, 0, 0]","[['g', 'ɔ', 'd̪'], ['kʰ', 'a'], ['l', 'i', 'r']]",gɔd̪kʰalir
ফ্রেন্ডসের,"[27, 1, 5, 6, 26, 19, 5, 1, 0, 0, 0, 0, 0, 0, 0, 0, 0, 0, 0, 0]","[['f', 'r', 'e', 'n', 'ɖ'], ['s', 'e', 'r']]",frenɖser
স্টাইলটি,"[19, 16, 30, 12, 16, 4, 0, 0, 0, 0, 0, 0, 0, 0, 0, 0, 0, 0, 0, 0]","[['s', 'ʈ', 'ai̯', 'l'], ['ʈ', 'i']]",sʈai̯lʈi
মুহিন,"[13, 14, 21, 4, 6, 0, 0, 0, 0, 0, 0, 0, 0, 0, 0, 0, 0, 0, 0, 0]","[['m', 'u'], ['h', 'i', 'n']]",muhin
সম্পৃক্তদের,"[9, 7, 13, 15, 1, 4, 8, 10, 3, 17, 5, 1, 0, 0, 0, 0, 0, 0, 0, 0]","[['ʃ', 'ɔ', 'm'], ['p', 'r', 'i', 'k'], ['t̪', 'o'], ['d̪', 'e', 'r']]",ʃɔmprikt̪od̪er
ইদ্রিসকে,"[4, 17, 1, 4, 9, 8, 5, 0, 0, 0, 0, 0, 0, 0, 0, 0, 0, 0, 0, 0]","[['i', 'd̪'], ['r', 'i', 'ʃ'], ['k', 'e']]",id̪riʃke
ইনিংসটির,"[4, 6, 4, 29, 19, 16, 4, 1, 0, 0, 0, 0, 0, 0, 0, 0, 0, 0, 0, 0]","[['i'], ['n', 'i', 'ŋ', 's'], ['ʈ', 'i', 'r']]",iniŋsʈir
খালিশপুরে,"[24, 2, 12, 4, 9, 15, 14, 1, 5, 0, 0, 0, 0, 0, 0, 0, 0, 0, 0, 0]","[['kʰ', 'a'], ['l', 'i', 'ʃ'], ['p', 'u'], ['r', 'e']]",kʰaliʃpure
স্থুলতা,"[19, 32, 14, 12, 7, 10, 2, 0, 0, 0, 0, 0, 0, 0, 0, 0, 0, 0, 0, 0]","[['s', 't̪ʰ', 'u'], ['l', 'ɔ'], ['t̪', 'a']]",st̪ʰulɔt̪a
ইকেবানা,"[4, 8, 5, 11, 2, 6, 2, 0, 0, 0, 0, 0, 0, 0, 0, 0, 0, 0, 0, 0]","[['i'], ['k', 'e'], ['b', 'a'], ['n', 'a']]",ikebana
মিরিঞ্জা,"[13, 4, 1, 4, 6, 18, 2, 0, 0, 0, 0, 0, 0, 0, 0, 0, 0, 0, 0, 0]","[['m', 'i'], ['r', 'i', 'n'], ['dʒ', 'a']]",mirindʒa
জগৎটাকে,"[18, 7, 20, 3, 10, 16, 2, 8, 5, 0, 0, 0, 0, 0, 0, 0, 0, 0, 0, 0]","[['dʒ', 'ɔ'], ['g', 'o', 't̪'], ['ʈ', 'a'], ['k', 'e']]",dʒɔgot̪ʈake
ক্ষমতালোভী,"[24, 7, 13, 3, 10, 2, 12, 3, 23, 4, 0, 0, 0, 0, 0, 0, 0, 0, 0, 0]","[['kʰ', 'ɔ'], ['m', 'o'], ['t̪', 'a'], ['l', 'o'], ['bʱ', 'i']]",kʰɔmot̪alobʱi
আঁকবেন,"[2, 8, 11, 5, 6, 0, 0, 0, 0, 0, 0, 0, 0, 0, 0, 0, 0, 0, 0, 0]","[['a', 'k'], ['b', 'e', 'n']]",akben
পাপ্পুর,"[15, 2, 15, 15, 14, 1, 0, 0, 0, 0, 0, 0, 0, 0, 0, 0, 0, 0, 0, 0]","[['p', 'a', 'p'], ['p', 'u', 'r']]",pappur
ফসিলের,"[27, 3, 19, 4, 12, 5, 1, 0, 0, 0, 0, 0, 0, 0, 0, 0, 0, 0, 0, 0]","[['f', 'o'], ['s', 'i'], ['l', 'e', 'r']]",fosiler
দশমীর,"[17, 7, 9, 3, 13, 4, 1, 0, 0, 0, 0, 0, 0, 0, 0, 0, 0, 0, 0, 0]","[['d̪', 'ɔ'], ['ʃ', 'o'], ['m', 'i', 'r']]",d̪ɔʃomir
কোনোক্রমে,"[8, 3, 6, 3, 8, 1, 3, 13, 5, 0, 0, 0, 0, 0, 0, 0, 0, 0, 0, 0]","[['k', 'o'], ['n', 'o'], ['k', 'r', 'o'], ['m', 'e']]",konokrome
সাহিত্যনির্ভর,"[9, 2, 21, 4, 10, 10, 3, 6, 4, 1, 23, 7, 1, 0, 0, 0, 0, 0, 0, 0]","[['ʃ', 'a'], ['h', 'i', 't̪'], ['t̪', 'o'], ['n', 'i', 'r'], ['bʱ', 'ɔ', 'r']]",ʃahit̪t̪onirbʱɔr
ফ্যাশনকে,"[27, 28, 9, 7, 6, 8, 5, 0, 0, 0, 0, 0, 0, 0, 0, 0, 0, 0, 0, 0]","[['f', 'æ'], ['ʃ', 'ɔ', 'n'], ['k', 'e']]",fæʃɔnke
পূর্বপরিকল্পিতভাবে,"[15, 14, 1, 11, 3, 15, 3, 1, 4, 8, 3, 12, 15, 4, 10, 3, 23, 2, 11, 5]","[['p', 'u', 'r'], ['b', 'o'], ['p', 'o'], ['r', 'i'], ['k', 'o', 'l'], ['p', 'i'], ['t̪', 'o'], ['bʱ', 'a'], ['b', 'e']]",purboporikolpit̪obʱabe
দর্শকেরাও,"[17, 7, 1, 9, 3, 8, 5, 1, 38, 0, 0, 0, 0, 0, 0, 0, 0, 0, 0, 0]","[['d̪', 'ɔ', 'r'], ['ʃ', 'o'], ['k', 'e'], ['r', 'ao̯']]",d̪ɔrʃokerao̯
ক্রেতারাই,"[8, 1, 5, 10, 2, 1, 30, 0, 0, 0, 0, 0, 0, 0, 0, 0, 0, 0, 0, 0]","[['k', 'r', 'e'], ['t̪', 'a'], ['r', 'ai̯']]",kret̪arai̯
শিরোপাধারী,"[9, 4, 1, 3, 15, 2, 25, 2, 1, 4, 0, 0, 0, 0, 0, 0, 0, 0, 0, 0]","[['ʃ', 'i'], ['r', 'o'], ['p', 'a'], ['d̪ʱ', 'a'], ['r', 'i']]",ʃiropad̪ʱari
সাফারিতে,"[19, 2, 27, 2, 1, 4, 10, 5, 0, 0, 0, 0, 0, 0, 0, 0, 0, 0, 0, 0]","[['s', 'a'], ['f', 'a'], ['r', 'i'], ['t̪', 'e']]",safarit̪e
কৈজুরী,"[8, 36, 18, 14, 1, 4, 0, 0, 0, 0, 0, 0, 0, 0, 0, 0, 0, 0, 0, 0]","[['k', 'oi̯'], ['dʒ', 'u'], ['r', 'i']]",koi̯dʒuri
মানাই,"[13, 2, 6, 30, 0, 0, 0, 0, 0, 0, 0, 0, 0, 0, 0, 0, 0, 0, 0, 0]","[['m', 'a'], ['n', 'ai̯']]",manai̯
বৌভাত,"[11, 41, 23, 2, 10, 0, 0, 0, 0, 0, 0, 0, 0, 0, 0, 0, 0, 0, 0, 0]","[['b', 'ou̯'], ['bʱ', 'a', 't̪']]",bou̯bʱat̪
পান্থপথে,"[15, 2, 6, 32, 3, 15, 7, 32, 5, 0, 0, 0, 0, 0, 0, 0, 0, 0, 0, 0]","[['p', 'a', 'n'], ['t̪ʰ', 'o'], ['p', 'ɔ'], ['t̪ʰ', 'e']]",pant̪ʰopɔt̪ʰe
দীঘিনালার,"[17, 4, 35, 4, 6, 2, 12, 2, 1, 0, 0, 0, 0, 0, 0, 0, 0, 0, 0, 0]","[['d̪', 'i'], ['gʱ', 'i'], ['n', 'a'], ['l', 'a', 'r']]",d̪igʱinalar
সম্ভ্রমহানির,"[9, 7, 13, 23, 1, 3, 13, 21, 2, 6, 4, 1, 0, 0, 0, 0, 0, 0, 0, 0]","[['ʃ', 'ɔ', 'm'], ['bʱ', 'r', 'o', 'm'], ['h', 'a'], ['n', 'i', 'r']]",ʃɔmbʱromhanir
রিব,"[1, 4, 11, 0, 0, 0, 0, 0, 0, 0, 0, 0, 0, 0, 0, 0, 0, 0, 0, 0]","[['r', 'i', 'b']]",rib
থার্টিন,"[32, 2, 1, 16, 4, 6, 0, 0, 0, 0, 0, 0, 0, 0, 0, 0, 0, 0, 0, 0]","[['t̪ʰ', 'a', 'r'], ['ʈ', 'i', 'n']]",t̪ʰarʈin
আতিশয্যে,"[2, 10, 4, 9, 3, 18, 18, 5, 0, 0, 0, 0, 0, 0, 0, 0, 0, 0, 0, 0]","[['a'], ['t̪', 'i'], ['ʃ', 'o', 'dʒ'], ['dʒ', 'e']]",at̪iʃodʒdʒe
জমিলার,"[18, 3, 13, 4, 12, 2, 1, 0, 0, 0, 0, 0, 0, 0, 0, 0, 0, 0, 0, 0]","[['dʒ', 'o'], ['m', 'i'], ['l', 'a', 'r']]",dʒomilar
সৌন্দর্যই,"[9, 41, 6, 17, 7, 1, 18, 36, 0, 0, 0, 0, 0, 0, 0, 0, 0, 0, 0, 0]","[['ʃ', 'ou̯', 'n'], ['d̪', 'ɔ', 'r'], ['dʒ', 'oi̯']]",ʃou̯nd̪ɔrdʒoi̯
নির্লিপ্ততা,"[6, 4, 1, 12, 4, 15, 10, 3, 10, 2, 0, 0, 0, 0, 0, 0, 0, 0, 0, 0]","[['n', 'i', 'r'], ['l', 'i', 'p'], ['t̪', 'o'], ['t̪', 'a']]",nirlipt̪ot̪a
সাতক্ষীরাতে,"[9, 2, 10, 24, 4, 1, 2, 10, 5, 0, 0, 0, 0, 0, 0, 0, 0, 0, 0, 0]","[['ʃ', 'a', 't̪'], ['kʰ', 'i'], ['r', 'a'], ['t̪', 'e']]",ʃat̪kʰirat̪e
মেটাবলিজম,"[13, 5, 16, 2, 11, 3, 12, 4, 18, 7, 13, 0, 0, 0, 0, 0, 0, 0, 0, 0]","[['m', 'e'], ['ʈ', 'a'], ['b', 'o'], ['l', 'i'], ['dʒ', 'ɔ', 'm']]",meʈabolidʒɔm
বহুমাত্রিকতা,"[11, 3, 21, 14, 13, 2, 10, 1, 4, 8, 7, 10, 2, 0, 0, 0, 0, 0, 0, 0]","[['b', 'o'], ['h', 'u'], ['m', 'a', 't̪'], ['r', 'i'], ['k', 'ɔ'], ['t̪', 'a']]",bohumat̪rikɔt̪a
মানজুকিচ,"[13, 2, 6, 18, 14, 8, 4, 22, 0, 0, 0, 0, 0, 0, 0, 0, 0, 0, 0, 0]","[['m', 'a', 'n'], ['dʒ', 'u'], ['k', 'i', 'tʃ']]",mandʒukitʃ
স্বাগতা,"[9, 2, 20, 3, 10, 2, 0, 0, 0, 0, 0, 0, 0, 0, 0, 0, 0, 0, 0, 0]","[['ʃ', 'a'], ['g', 'o'], ['t̪', 'a']]",ʃagot̪a
পাদাং,"[15, 2, 17, 2, 29, 0, 0, 0, 0, 0, 0, 0, 0, 0, 0, 0, 0, 0, 0, 0]","[['p', 'a'], ['d̪', 'a', 'ŋ']]",pad̪aŋ
একাব্বর,"[28, 8, 2, 11, 11, 7, 1, 0, 0, 0, 0, 0, 0, 0, 0, 0, 0, 0, 0, 0]","[['æ'], ['k', 'a', 'b'], ['b', 'ɔ', 'r']]",ækabbɔr
ব্যবহারেরও,"[11, 28, 11, 3, 21, 2, 1, 5, 1, 3, 0, 0, 0, 0, 0, 0, 0, 0, 0, 0]","[['b', 'æ'], ['b', 'o'], ['h', 'a'], ['r', 'e', 'r'], ['o']]",bæboharero
টিংকু,"[16, 4, 29, 8, 14, 0, 0, 0, 0, 0, 0, 0, 0, 0, 0, 0, 0, 0, 0, 0]","[['ʈ', 'i', 'ŋ'], ['k', 'u']]",ʈiŋku
দিবারাত্রির,"[17, 4, 11, 2, 1, 2, 10, 1, 4, 1, 0, 0, 0, 0, 0, 0, 0, 0, 0, 0]","[['d̪', 'i'], ['b', 'a'], ['r', 'a', 't̪'], ['r', 'i', 'r']]",d̪ibarat̪rir
নওশিন,"[6, 59, 9, 4, 6, 0, 0, 0, 0, 0, 0, 0, 0, 0, 0, 0, 0, 0, 0, 0]","[['n', 'ɔu̯'], ['ʃ', 'i', 'n']]",nɔu̯ʃin
সহযোগিদের,"[9, 7, 21, 3, 18, 3, 20, 4, 17, 5, 1, 0, 0, 0, 0, 0, 0, 0, 0, 0]","[['ʃ', 'ɔ'], ['h', 'o'], ['dʒ', 'o'], ['g', 'i'], ['d̪', 'e', 'r']]",ʃɔhodʒogid̪er
কাটাকুটি,"[8, 2, 16, 2, 8, 14, 16, 4, 0, 0, 0, 0, 0, 0, 0, 0, 0, 0, 0, 0]","[['k', 'a'], ['ʈ', 'a'], ['k', 'u'], ['ʈ', 'i']]",kaʈakuʈi
ত্রিকোণমিতি,"[10, 1, 4, 8, 3, 6, 3, 13, 4, 10, 4, 0, 0, 0, 0, 0, 0, 0, 0, 0]","[['t̪', 'r', 'i'], ['k', 'o'], ['n', 'o'], ['m', 'i'], ['t̪', 'i']]",t̪rikonomit̪i
শানিত,"[9, 2, 6, 4, 10, 3, 0, 0, 0, 0, 0, 0, 0, 0, 0, 0, 0, 0, 0, 0]","[['ʃ', 'a'], ['n', 'i'], ['t̪', 'o']]",ʃanit̪o
ট্রাকও,"[16, 1, 2, 8, 3, 0, 0, 0, 0, 0, 0, 0, 0, 0, 0, 0, 0, 0, 0, 0]","[['ʈ', 'r', 'a', 'k'], ['o']]",ʈrako
গণপ্রতিনিধিত্ব,"[20, 7, 6, 3, 15, 1, 3, 10, 4, 6, 4, 25, 4, 10, 10, 3, 0, 0, 0, 0]","[['g', 'ɔ'], ['n', 'o'], ['p', 'r', 'o'], ['t̪', 'i'], ['n', 'i'], ['d̪ʱ', 'i', 't̪'], ['t̪', 'o']]",gɔnoprot̪inid̪ʱit̪t̪o
বেফাক,"[11, 5, 27, 2, 8, 0, 0, 0, 0, 0, 0, 0, 0, 0, 0, 0, 0, 0, 0, 0]","[['b', 'e'], ['f', 'a', 'k']]",befak
ব্রিটেনেও,"[11, 1, 4, 16, 5, 6, 37, 0, 0, 0, 0, 0, 0, 0, 0, 0, 0, 0, 0, 0]","[['b', 'r', 'i'], ['ʈ', 'e'], ['n', 'eo̯']]",briʈeneo̯
নীলুফার,"[6, 4, 12, 14, 27, 2, 1, 0, 0, 0, 0, 0, 0, 0, 0, 0, 0, 0, 0, 0]","[['n', 'i'], ['l', 'u'], ['f', 'a', 'r']]",nilufar
কোর্সটা,"[8, 3, 1, 19, 16, 2, 0, 0, 0, 0, 0, 0, 0, 0, 0, 0, 0, 0, 0, 0]","[['k', 'o', 'r', 's'], ['ʈ', 'a']]",korsʈa
কম্পার্টমেন্টে,"[8, 7, 13, 15, 2, 1, 16, 13, 5, 6, 16, 5, 0, 0, 0, 0, 0, 0, 0, 0]","[['k', 'ɔ', 'm'], ['p', 'a', 'r', 'ʈ'], ['m', 'e', 'n'], ['ʈ', 'e']]",kɔmparʈmenʈe
দোজখ,"[17, 3, 18, 3, 24, 0, 0, 0, 0, 0, 0, 0, 0, 0, 0, 0, 0, 0, 0, 0]","[['d̪', 'o'], ['dʒ', 'o', 'kʰ']]",d̪odʒokʰ
যাইও,"[18, 30, 3, 0, 0, 0, 0, 0, 0, 0, 0, 0, 0, 0, 0, 0, 0, 0, 0, 0]","[['dʒ', 'ai̯'], ['o']]",dʒai̯o
ক্ল্যাসিক্যাল,"[8, 12, 2, 19, 4, 8, 28, 12, 0, 0, 0, 0, 0, 0, 0, 0, 0, 0, 0, 0]","[['k', 'l', 'a'], ['s', 'i'], ['k', 'æ', 'l']]",klasikæl
ঠিকানাবিহীন,"[34, 4, 8, 2, 6, 2, 11, 4, 21, 4, 6, 0, 0, 0, 0, 0, 0, 0, 0, 0]","[['ʈʰ', 'i'], ['k', 'a'], ['n', 'a'], ['b', 'i'], ['h', 'i', 'n']]",ʈʰikanabihin
যাত্রীসেবার,"[18, 2, 10, 1, 4, 9, 5, 11, 2, 1, 0, 0, 0, 0, 0, 0, 0, 0, 0, 0]","[['dʒ', 'a', 't̪'], ['r', 'i'], ['ʃ', 'e'], ['b', 'a', 'r']]",dʒat̪riʃebar
সদালাপী,"[9, 7, 17, 2, 12, 2, 15, 4, 0, 0, 0, 0, 0, 0, 0, 0, 0, 0, 0, 0]","[['ʃ', 'ɔ'], ['d̪', 'a'], ['l', 'a'], ['p', 'i']]",ʃɔd̪alapi
সমিতিগুলোর,"[9, 7, 13, 4, 10, 4, 20, 14, 12, 3, 1, 0, 0, 0, 0, 0, 0, 0, 0, 0]","[['ʃ', 'ɔ'], ['m', 'i'], ['t̪', 'i'], ['g', 'u'], ['l', 'o', 'r']]",ʃɔmit̪igulor
কুমিল্লাকে,"[8, 14, 13, 4, 12, 12, 2, 8, 5, 0, 0, 0, 0, 0, 0, 0, 0, 0, 0, 0]","[['k', 'u'], ['m', 'i', 'l'], ['l', 'a'], ['k', 'e']]",kumillake
সংশিষ্ট,"[9, 7, 29, 9, 4, 9, 16, 3, 0, 0, 0, 0, 0, 0, 0, 0, 0, 0, 0, 0]","[['ʃ', 'ɔ', 'ŋ'], ['ʃ', 'i', 'ʃ'], ['ʈ', 'o']]",ʃɔŋʃiʃʈo
বিত্তের,"[11, 4, 10, 10, 5, 1, 0, 0, 0, 0, 0, 0, 0, 0, 0, 0, 0, 0, 0, 0]","[['b', 'i', 't̪'], ['t̪', 'e', 'r']]",bit̪t̪er
যেকোনোভাবে,"[18, 5, 8, 3, 6, 3, 23, 2, 11, 5, 0, 0, 0, 0, 0, 0, 0, 0, 0, 0]","[['dʒ', 'e'], ['k', 'o'], ['n', 'o'], ['bʱ', 'a'], ['b', 'e']]",dʒekonobʱabe
স্ট্রবেরির,"[19, 16, 1, 7, 11, 5, 1, 4, 1, 0, 0, 0, 0, 0, 0, 0, 0, 0, 0, 0]","[['s', 'ʈ', 'r', 'ɔ'], ['b', 'e'], ['r', 'i', 'r']]",sʈrɔberir
অধিকাংশকে,"[3, 25, 4, 8, 2, 29, 9, 3, 8, 5, 0, 0, 0, 0, 0, 0, 0, 0, 0, 0]","[['o'], ['d̪ʱ', 'i'], ['k', 'a', 'ŋ'], ['ʃ', 'o'], ['k', 'e']]",od̪ʱikaŋʃoke
ভোরেই,"[23, 3, 1, 33, 0, 0, 0, 0, 0, 0, 0, 0, 0, 0, 0, 0, 0, 0, 0, 0]","[['bʱ', 'o'], ['r', 'ei̯']]",bʱorei̯
পরিতাপের,"[15, 3, 1, 4, 10, 2, 15, 5, 1, 0, 0, 0, 0, 0, 0, 0, 0, 0, 0, 0]","[['p', 'o'], ['r', 'i'], ['t̪', 'a'], ['p', 'e', 'r']]",porit̪aper
জুভেন্তাস,"[18, 14, 23, 5, 6, 10, 2, 19, 0, 0, 0, 0, 0, 0, 0, 0, 0, 0, 0, 0]","[['dʒ', 'u'], ['bʱ', 'e', 'n'], ['t̪', 'a', 's']]",dʒubʱent̪as
ড্রোনে,"[26, 1, 3, 6, 5, 0, 0, 0, 0, 0, 0, 0, 0, 0, 0, 0, 0, 0, 0, 0]","[['ɖ', 'r', 'o'], ['n', 'e']]",ɖrone
লেখানো,"[12, 5, 24, 2, 6, 3, 0, 0, 0, 0, 0, 0, 0, 0, 0, 0, 0, 0, 0, 0]","[['l', 'e'], ['kʰ', 'a'], ['n', 'o']]",lekʰano
শান্তিরক্ষীরা,"[9, 2, 6, 10, 4, 1, 3, 8, 24, 4, 1, 2, 0, 0, 0, 0, 0, 0, 0, 0]","[['ʃ', 'a', 'n'], ['t̪', 'i'], ['r', 'o', 'k'], ['kʰ', 'i'], ['r', 'a']]",ʃant̪irokkʰira
শীতলপাটি,"[9, 4, 10, 7, 12, 15, 2, 16, 4, 0, 0, 0, 0, 0, 0, 0, 0, 0, 0, 0]","[['ʃ', 'i'], ['t̪', 'ɔ', 'l'], ['p', 'a'], ['ʈ', 'i']]",ʃit̪ɔlpaʈi
কোষা,"[8, 3, 9, 2, 0, 0, 0, 0, 0, 0, 0, 0, 0, 0, 0, 0, 0, 0, 0, 0]","[['k', 'o'], ['ʃ', 'a']]",koʃa
পদচারী,"[15, 7, 17, 3, 22, 2, 1, 4, 0, 0, 0, 0, 0, 0, 0, 0, 0, 0, 0, 0]","[['p', 'ɔ'], ['d̪', 'o'], ['tʃ', 'a'], ['r', 'i']]",pɔd̪otʃari
মুজাহিদসহ,"[13, 14, 18, 2, 21, 4, 17, 9, 7, 21, 3, 0, 0, 0, 0, 0, 0, 0, 0, 0]","[['m', 'u'], ['dʒ', 'a'], ['h', 'i', 'd̪'], ['ʃ', 'ɔ'], ['h', 'o']]",mudʒahid̪ʃɔho
বিল্ডার্স,"[11, 4, 12, 26, 2, 1, 19, 0, 0, 0, 0, 0, 0, 0, 0, 0, 0, 0, 0, 0]","[['b', 'i', 'l'], ['ɖ', 'a', 'r', 's']]",bilɖars
কুসংস্কারে,"[8, 14, 9, 7, 29, 19, 8, 2, 1, 5, 0, 0, 0, 0, 0, 0, 0, 0, 0, 0]","[['k', 'u'], ['ʃ', 'ɔ', 'ŋ', 's'], ['k', 'a'], ['r', 'e']]",kuʃɔŋskare
গোলদাতাদের,"[20, 3, 12, 17, 2, 10, 2, 17, 5, 1, 0, 0, 0, 0, 0, 0, 0, 0, 0, 0]","[['g', 'o', 'l'], ['d̪', 'a'], ['t̪', 'a'], ['d̪', 'e', 'r']]",gold̪at̪ad̪er
প্যাকেজেস,"[15, 28, 8, 5, 18, 5, 19, 0, 0, 0, 0, 0, 0, 0, 0, 0, 0, 0, 0, 0]","[['p', 'æ'], ['k', 'e'], ['dʒ', 'e', 's']]",pækedʒes
গোঙানির,"[20, 3, 29, 2, 6, 4, 1, 0, 0, 0, 0, 0, 0, 0, 0, 0, 0, 0, 0, 0]","[['g', 'o'], ['ŋ', 'a'], ['n', 'i', 'r']]",goŋanir
কবিতাতে,"[8, 3, 11, 4, 10, 2, 10, 5, 0, 0, 0, 0, 0, 0, 0, 0, 0, 0, 0, 0]","[['k', 'o'], ['b', 'i'], ['t̪', 'a'], ['t̪', 'e']]",kobit̪at̪e
তুরানের,"[10, 14, 1, 2, 6, 5, 1, 0, 0, 0, 0, 0, 0, 0, 0, 0, 0, 0, 0, 0]","[['t̪', 'u'], ['r', 'a'], ['n', 'e', 'r']]",t̪uraner
মাকসুদের,"[13, 2, 8, 19, 14, 17, 5, 1, 0, 0, 0, 0, 0, 0, 0, 0, 0, 0, 0, 0]","[['m', 'a', 'k'], ['s', 'u'], ['d̪', 'e', 'r']]",maksud̪er
চারুর,"[22, 2, 1, 14, 1, 0, 0, 0, 0, 0, 0, 0, 0, 0, 0, 0, 0, 0, 0, 0]","[['tʃ', 'a'], ['r', 'u', 'r']]",tʃarur
ঢোকেনি,"[46, 3, 8, 5, 6, 4, 0, 0, 0, 0, 0, 0, 0, 0, 0, 0, 0, 0, 0, 0]","[['ɖʱ', 'o'], ['k', 'e'], ['n', 'i']]",ɖʱokeni
বর্ণনির্বিশেষে,"[11, 7, 1, 6, 3, 6, 4, 1, 11, 4, 9, 5, 9, 5, 0, 0, 0, 0, 0, 0]","[['b', 'ɔ', 'r'], ['n', 'o'], ['n', 'i', 'r'], ['b', 'i'], ['ʃ', 'e'], ['ʃ', 'e']]",bɔrnonirbiʃeʃe
জুতাই,"[18, 14, 10, 30, 0, 0, 0, 0, 0, 0, 0, 0, 0, 0, 0, 0, 0, 0, 0, 0]","[['dʒ', 'u'], ['t̪', 'ai̯']]",dʒut̪ai̯
অস্থিসন্ধি,"[3, 19, 32, 4, 9, 3, 6, 25, 4, 0, 0, 0, 0, 0, 0, 0, 0, 0, 0, 0]","[['o', 's'], ['t̪ʰ', 'i'], ['ʃ', 'o', 'n'], ['d̪ʱ', 'i']]",ost̪ʰiʃond̪ʱi
জব্দের,"[18, 7, 11, 17, 5, 1, 0, 0, 0, 0, 0, 0, 0, 0, 0, 0, 0, 0, 0, 0]","[['dʒ', 'ɔ', 'b'], ['d̪', 'e', 'r']]",dʒɔbd̪er
ট্যুরিজমের,"[16, 14, 1, 4, 18, 7, 13, 5, 1, 0, 0, 0, 0, 0, 0, 0, 0, 0, 0, 0]","[['ʈ', 'u'], ['r', 'i'], ['dʒ', 'ɔ'], ['m', 'e', 'r']]",ʈuridʒɔmer
কীরূপ,"[8, 4, 1, 14, 15, 0, 0, 0, 0, 0, 0, 0, 0, 0, 0, 0, 0, 0, 0, 0]","[['k', 'i'], ['r', 'u', 'p']]",kirup
স্ল্যামের,"[19, 12, 2, 13, 5, 1, 0, 0, 0, 0, 0, 0, 0, 0, 0, 0, 0, 0, 0, 0]","[['s', 'l', 'a'], ['m', 'e', 'r']]",slamer
স্বল্পশিক্ষিত,"[9, 7, 12, 15, 3, 9, 4, 8, 24, 4, 10, 3, 0, 0, 0, 0, 0, 0, 0, 0]","[['ʃ', 'ɔ', 'l'], ['p', 'o'], ['ʃ', 'i', 'k'], ['kʰ', 'i'], ['t̪', 'o']]",ʃɔlpoʃikkʰit̪o
সুরতহাল,"[19, 14, 1, 3, 10, 21, 2, 12, 0, 0, 0, 0, 0, 0, 0, 0, 0, 0, 0, 0]","[['s', 'u'], ['r', 'o', 't̪'], ['h', 'a', 'l']]",surot̪hal
কাঙ্গালিনী,"[8, 2, 29, 20, 2, 12, 4, 6, 4, 0, 0, 0, 0, 0, 0, 0, 0, 0, 0, 0]","[['k', 'a', 'ŋ'], ['g', 'a'], ['l', 'i'], ['n', 'i']]",kaŋgalini
অর্ষা,"[7, 1, 9, 2, 0, 0, 0, 0, 0, 0, 0, 0, 0, 0, 0, 0, 0, 0, 0, 0]","[['ɔ', 'r'], ['ʃ', 'a']]",ɔrʃa
আর্জেন্টিনাই,"[2, 1, 18, 5, 6, 16, 4, 6, 30, 0, 0, 0, 0, 0, 0, 0, 0, 0, 0, 0]","[['a', 'r'], ['dʒ', 'e', 'n'], ['ʈ', 'i'], ['n', 'ai̯']]",ardʒenʈinai̯
মালিকানাও,"[13, 2, 12, 4, 8, 2, 6, 38, 0, 0, 0, 0, 0, 0, 0, 0, 0, 0, 0, 0]","[['m', 'a'], ['l', 'i'], ['k', 'a'], ['n', 'ao̯']]",malikanao̯
হাটিকুমরুল,"[21, 2, 16, 4, 8, 14, 13, 1, 14, 12, 0, 0, 0, 0, 0, 0, 0, 0, 0, 0]","[['h', 'a'], ['ʈ', 'i'], ['k', 'u', 'm'], ['r', 'u', 'l']]",haʈikumrul
পেরির,"[15, 5, 1, 4, 1, 0, 0, 0, 0, 0, 0, 0, 0, 0, 0, 0, 0, 0, 0, 0]","[['p', 'e'], ['r', 'i', 'r']]",perir
রেস্তোরাঁও,"[1, 5, 19, 10, 3, 1, 38, 0, 0, 0, 0, 0, 0, 0, 0, 0, 0, 0, 0, 0]","[['r', 'e', 's'], ['t̪', 'o'], ['r', 'ao̯']]",rest̪orao̯
সোঁদা,"[9, 3, 17, 2, 0, 0, 0, 0, 0, 0, 0, 0, 0, 0, 0, 0, 0, 0, 0, 0]","[['ʃ', 'o'], ['d̪', 'a']]",ʃod̪a
ম্যাথুস,"[13, 28, 32, 14, 19, 0, 0, 0, 0, 0, 0, 0, 0, 0, 0, 0, 0, 0, 0, 0]","[['m', 'æ'], ['t̪ʰ', 'u', 's']]",mæt̪ʰus
খানজাহানের,"[24, 2, 6, 18, 2, 21, 2, 6, 5, 1, 0, 0, 0, 0, 0, 0, 0, 0, 0, 0]","[['kʰ', 'a', 'n'], ['dʒ', 'a'], ['h', 'a'], ['n', 'e', 'r']]",kʰandʒahaner
ব্যাগও,"[11, 28, 20, 3, 0, 0, 0, 0, 0, 0, 0, 0, 0, 0, 0, 0, 0, 0, 0, 0]","[['b', 'æ', 'g'], ['o']]",bægo
মাইগ্রেনের,"[13, 30, 20, 1, 5, 6, 5, 1, 0, 0, 0, 0, 0, 0, 0, 0, 0, 0, 0, 0]","[['m', 'ai̯'], ['g', 'r', 'e'], ['n', 'e', 'r']]",mai̯grener
মূত্রনালীর,"[13, 14, 10, 1, 3, 6, 2, 12, 4, 1, 0, 0, 0, 0, 0, 0, 0, 0, 0, 0]","[['m', 'u', 't̪'], ['r', 'o'], ['n', 'a'], ['l', 'i', 'r']]",mut̪ronalir
পিক্সি,"[15, 4, 8, 19, 4, 0, 0, 0, 0, 0, 0, 0, 0, 0, 0, 0, 0, 0, 0, 0]","[['p', 'i', 'k'], ['s', 'i']]",piksi
প্রতিবাদলিপি,"[15, 1, 3, 10, 4, 11, 2, 17, 12, 4, 15, 4, 0, 0, 0, 0, 0, 0, 0, 0]","[['p', 'r', 'o'], ['t̪', 'i'], ['b', 'a', 'd̪'], ['l', 'i'], ['p', 'i']]",prot̪ibad̪lipi
রিহান্না,"[1, 4, 21, 2, 6, 6, 2, 0, 0, 0, 0, 0, 0, 0, 0, 0, 0, 0, 0, 0]","[['r', 'i'], ['h', 'a', 'n'], ['n', 'a']]",rihanna
ম্যানি,"[13, 28, 6, 4, 0, 0, 0, 0, 0, 0, 0, 0, 0, 0, 0, 0, 0, 0, 0, 0]","[['m', 'æ'], ['n', 'i']]",mæni
ভরসাস্থল,"[23, 3, 1, 3, 9, 2, 19, 32, 7, 12, 0, 0, 0, 0, 0, 0, 0, 0, 0, 0]","[['bʱ', 'o'], ['r', 'o'], ['ʃ', 'a', 's'], ['t̪ʰ', 'ɔ', 'l']]",bʱoroʃast̪ʰɔl
মোনালিসার,"[13, 3, 6, 2, 12, 4, 19, 2, 1, 0, 0, 0, 0, 0, 0, 0, 0, 0, 0, 0]","[['m', 'o'], ['n', 'a'], ['l', 'i'], ['s', 'a', 'r']]",monalisar
মাটিচাপা,"[13, 2, 16, 4, 22, 2, 15, 2, 0, 0, 0, 0, 0, 0, 0, 0, 0, 0, 0, 0]","[['m', 'a'], ['ʈ', 'i'], ['tʃ', 'a'], ['p', 'a']]",maʈitʃapa
সমাবেশেও,"[9, 7, 13, 2, 11, 5, 9, 37, 0, 0, 0, 0, 0, 0, 0, 0, 0, 0, 0, 0]","[['ʃ', 'ɔ'], ['m', 'a'], ['b', 'e'], ['ʃ', 'eo̯']]",ʃɔmabeʃeo̯
লোকনাট্য,"[12, 3, 8, 3, 6, 2, 16, 16, 3, 0, 0, 0, 0, 0, 0, 0, 0, 0, 0, 0]","[['l', 'o'], ['k', 'o'], ['n', 'a', 'ʈ'], ['ʈ', 'o']]",lokonaʈʈo
সাম্পাওলি,"[9, 2, 13, 15, 38, 12, 4, 0, 0, 0, 0, 0, 0, 0, 0, 0, 0, 0, 0, 0]","[['ʃ', 'a', 'm'], ['p', 'ao̯'], ['l', 'i']]",ʃampao̯li
উপদেষ্টাও,"[14, 15, 3, 17, 5, 9, 16, 38, 0, 0, 0, 0, 0, 0, 0, 0, 0, 0, 0, 0]","[['u'], ['p', 'o'], ['d̪', 'e', 'ʃ'], ['ʈ', 'ao̯']]",upod̪eʃʈao̯
ঘোলে,"[35, 3, 12, 5, 0, 0, 0, 0, 0, 0, 0, 0, 0, 0, 0, 0, 0, 0, 0, 0]","[['gʱ', 'o'], ['l', 'e']]",gʱole
ফল্টলাইন,"[27, 7, 12, 16, 12, 2, 4, 6, 0, 0, 0, 0, 0, 0, 0, 0, 0, 0, 0, 0]","[['f', 'ɔ', 'l', 'ʈ'], ['l', 'a'], ['i', 'n']]",fɔlʈlain
কৃতিত্বই,"[8, 1, 4, 10, 4, 10, 10, 36, 0, 0, 0, 0, 0, 0, 0, 0, 0, 0, 0, 0]","[['k', 'r', 'i'], ['t̪', 'i', 't̪'], ['t̪', 'oi̯']]",krit̪it̪t̪oi̯
রুবাব,"[1, 14, 11, 2, 11, 0, 0, 0, 0, 0, 0, 0, 0, 0, 0, 0, 0, 0, 0, 0]","[['r', 'u'], ['b', 'a', 'b']]",rubab
ফেনিল,"[27, 5, 6, 4, 12, 0, 0, 0, 0, 0, 0, 0, 0, 0, 0, 0, 0, 0, 0, 0]","[['f', 'e'], ['n', 'i', 'l']]",fenil
খাতুনগঞ্জ,"[24, 2, 10, 14, 6, 20, 7, 6, 18, 0, 0, 0, 0, 0, 0, 0, 0, 0, 0, 0]","[['kʰ', 'a'], ['t̪', 'u', 'n'], ['g', 'ɔ', 'n', 'dʒ']]",kʰat̪ungɔndʒ
এডিবল,"[5, 26, 4, 11, 3, 12, 0, 0, 0, 0, 0, 0, 0, 0, 0, 0, 0, 0, 0, 0]","[['e'], ['ɖ', 'i'], ['b', 'o', 'l']]",eɖibol
ঘেরাটোপে,"[35, 5, 1, 2, 16, 3, 15, 5, 0, 0, 0, 0, 0, 0, 0, 0, 0, 0, 0, 0]","[['gʱ', 'e'], ['r', 'a'], ['ʈ', 'o'], ['p', 'e']]",gʱeraʈope
ম্যাও,"[13, 57, 0, 0, 0, 0, 0, 0, 0, 0, 0, 0, 0, 0, 0, 0, 0, 0, 0, 0]","[['m', 'æo̯']]",mæo̯
পরিতাপ,"[15, 3, 1, 4, 10, 2, 15, 0, 0, 0, 0, 0, 0, 0, 0, 0, 0, 0, 0, 0]","[['p', 'o'], ['r', 'i'], ['t̪', 'a', 'p']]",porit̪ap
স্কার্ফের,"[19, 8, 2, 1, 27, 5, 1, 0, 0, 0, 0, 0, 0, 0, 0, 0, 0, 0, 0, 0]","[['s', 'k', 'a', 'r'], ['f', 'e', 'r']]",skarfer
কলকাকলি,"[8, 7, 12, 3, 8, 2, 8, 3, 12, 4, 0, 0, 0, 0, 0, 0, 0, 0, 0, 0]","[['k', 'ɔ'], ['l', 'o'], ['k', 'a'], ['k', 'o'], ['l', 'i']]",kɔlokakoli
স্ট্রেইন,"[19, 16, 1, 33, 6, 0, 0, 0, 0, 0, 0, 0, 0, 0, 0, 0, 0, 0, 0, 0]","[['s', 'ʈ', 'r', 'ei̯', 'n']]",sʈrei̯n
মূত্রতন্ত্রের,"[13, 14, 10, 1, 3, 10, 7, 6, 10, 1, 5, 1, 0, 0, 0, 0, 0, 0, 0, 0]","[['m', 'u', 't̪'], ['r', 'o'], ['t̪', 'ɔ', 'n'], ['t̪', 'r', 'e', 'r']]",mut̪rot̪ɔnt̪rer
মাসিমা,"[13, 2, 19, 4, 13, 2, 0, 0, 0, 0, 0, 0, 0, 0, 0, 0, 0, 0, 0, 0]","[['m', 'a'], ['s', 'i'], ['m', 'a']]",masima
কুম্ভকর্ণের,"[8, 14, 13, 23, 3, 8, 7, 1, 6, 5, 1, 0, 0, 0, 0, 0, 0, 0, 0, 0]","[['k', 'u', 'm'], ['bʱ', 'o'], ['k', 'ɔ', 'r'], ['n', 'e', 'r']]",kumbʱokɔrner
পারুলের,"[15, 2, 1, 14, 12, 5, 1, 0, 0, 0, 0, 0, 0, 0, 0, 0, 0, 0, 0, 0]","[['p', 'a'], ['r', 'u'], ['l', 'e', 'r']]",paruler
মুদ্রাটি,"[13, 14, 17, 1, 2, 16, 4, 0, 0, 0, 0, 0, 0, 0, 0, 0, 0, 0, 0, 0]","[['m', 'u', 'd̪'], ['r', 'a'], ['ʈ', 'i']]",mud̪raʈi
দুলের,"[17, 14, 12, 5, 1, 0, 0, 0, 0, 0, 0, 0, 0, 0, 0, 0, 0, 0, 0, 0]","[['d̪', 'u'], ['l', 'e', 'r']]",d̪uler
যিশুখ্রিষ্টের,"[18, 4, 9, 14, 24, 1, 4, 19, 16, 5, 1, 0, 0, 0, 0, 0, 0, 0, 0, 0]","[['dʒ', 'i'], ['ʃ', 'u'], ['kʰ', 'r', 'i', 's'], ['ʈ', 'e', 'r']]",dʒiʃukʰrisʈer
ঘেরাটোপ,"[35, 5, 1, 2, 16, 3, 15, 0, 0, 0, 0, 0, 0, 0, 0, 0, 0, 0, 0, 0]","[['gʱ', 'e'], ['r', 'a'], ['ʈ', 'o', 'p']]",gʱeraʈop
গ্যাসফিল্ড,"[20, 28, 19, 27, 4, 12, 26, 0, 0, 0, 0, 0, 0, 0, 0, 0, 0, 0, 0, 0]","[['g', 'æ', 's'], ['f', 'i', 'l', 'ɖ']]",gæsfilɖ
যোনিপথ,"[18, 3, 6, 4, 15, 7, 32, 0, 0, 0, 0, 0, 0, 0, 0, 0, 0, 0, 0, 0]","[['dʒ', 'o'], ['n', 'i'], ['p', 'ɔ', 't̪ʰ']]",dʒonipɔt̪ʰ
শোনামাত্র,"[9, 3, 6, 2, 13, 2, 10, 1, 3, 0, 0, 0, 0, 0, 0, 0, 0, 0, 0, 0]","[['ʃ', 'o'], ['n', 'a'], ['m', 'a', 't̪'], ['r', 'o']]",ʃonamat̪ro
টপিকস,"[16, 7, 15, 4, 8, 19, 0, 0, 0, 0, 0, 0, 0, 0, 0, 0, 0, 0, 0, 0]","[['ʈ', 'ɔ'], ['p', 'i', 'k', 's']]",ʈɔpiks
আবৃত্তিশিল্পী,"[2, 11, 1, 4, 10, 10, 4, 9, 4, 12, 15, 4, 0, 0, 0, 0, 0, 0, 0, 0]","[['a', 'b'], ['r', 'i', 't̪'], ['t̪', 'i'], ['ʃ', 'i', 'l'], ['p', 'i']]",abrit̪t̪iʃilpi
ফরওয়ার্ডিং,"[27, 7, 1, 3, 2, 1, 26, 4, 29, 0, 0, 0, 0, 0, 0, 0, 0, 0, 0, 0]","[['f', 'ɔ', 'r'], ['o'], ['a', 'r'], ['ɖ', 'i', 'ŋ']]",fɔroarɖiŋ
ভলিবলে,"[23, 7, 12, 4, 11, 7, 12, 5, 0, 0, 0, 0, 0, 0, 0, 0, 0, 0, 0, 0]","[['bʱ', 'ɔ'], ['l', 'i'], ['b', 'ɔ'], ['l', 'e']]",bʱɔlibɔle
দ্রুতি,"[17, 1, 14, 10, 4, 0, 0, 0, 0, 0, 0, 0, 0, 0, 0, 0, 0, 0, 0, 0]","[['d̪', 'r', 'u'], ['t̪', 'i']]",d̪rut̪i
আনন্দবাজারের,"[2, 6, 3, 6, 17, 3, 11, 2, 18, 2, 1, 5, 1, 0, 0, 0, 0, 0, 0, 0]","[['a'], ['n', 'o', 'n'], ['d̪', 'o'], ['b', 'a'], ['dʒ', 'a'], ['r', 'e', 'r']]",anond̪obadʒarer
অপ্পো,"[7, 15, 15, 3, 0, 0, 0, 0, 0, 0, 0, 0, 0, 0, 0, 0, 0, 0, 0, 0]","[['ɔ', 'p'], ['p', 'o']]",ɔppo
রক্তমাংসের,"[1, 7, 8, 10, 3, 13, 2, 29, 9, 5, 1, 0, 0, 0, 0, 0, 0, 0, 0, 0]","[['r', 'ɔ', 'k'], ['t̪', 'o'], ['m', 'a', 'ŋ'], ['ʃ', 'e', 'r']]",rɔkt̪omaŋʃer
সম্মোহনী,"[9, 7, 13, 13, 3, 21, 3, 6, 4, 0, 0, 0, 0, 0, 0, 0, 0, 0, 0, 0]","[['ʃ', 'ɔ', 'm'], ['m', 'o'], ['h', 'o'], ['n', 'i']]",ʃɔmmohoni
তাঁতবস্ত্রের,"[10, 2, 10, 11, 7, 19, 10, 1, 5, 1, 0, 0, 0, 0, 0, 0, 0, 0, 0, 0]","[['t̪', 'a', 't̪'], ['b', 'ɔ', 's'], ['t̪', 'r', 'e', 'r']]",t̪at̪bɔst̪rer
লোভাতুর,"[12, 3, 23, 2, 10, 14, 1, 0, 0, 0, 0, 0, 0, 0, 0, 0, 0, 0, 0, 0]","[['l', 'o'], ['bʱ', 'a'], ['t̪', 'u', 'r']]",lobʱat̪ur
সম্মানটুকু,"[9, 7, 13, 13, 2, 6, 16, 14, 8, 14, 0, 0, 0, 0, 0, 0, 0, 0, 0, 0]","[['ʃ', 'ɔ', 'm'], ['m', 'a', 'n'], ['ʈ', 'u'], ['k', 'u']]",ʃɔmmanʈuku
বাড্ডার,"[11, 2, 26, 26, 2, 1, 0, 0, 0, 0, 0, 0, 0, 0, 0, 0, 0, 0, 0, 0]","[['b', 'a', 'ɖ'], ['ɖ', 'a', 'r']]",baɖɖar
সংস্কৃতিমন্ত্রী,"[9, 7, 29, 19, 8, 1, 4, 10, 4, 13, 3, 6, 10, 1, 4, 0, 0, 0, 0, 0]","[['ʃ', 'ɔ', 'ŋ', 's'], ['k', 'r', 'i'], ['t̪', 'i'], ['m', 'o', 'n'], ['t̪', 'r', 'i']]",ʃɔŋskrit̪imont̪ri
বন্ধুমহলে,"[11, 3, 6, 25, 14, 13, 7, 21, 3, 12, 5, 0, 0, 0, 0, 0, 0, 0, 0, 0]","[['b', 'o', 'n'], ['d̪ʱ', 'u'], ['m', 'ɔ'], ['h', 'o'], ['l', 'e']]",bond̪ʱumɔhole
শীতেও,"[9, 4, 10, 37, 0, 0, 0, 0, 0, 0, 0, 0, 0, 0, 0, 0, 0, 0, 0, 0]","[['ʃ', 'i'], ['t̪', 'eo̯']]",ʃit̪eo̯
বিন্দুকে,"[11, 4, 6, 17, 14, 8, 5, 0, 0, 0, 0, 0, 0, 0, 0, 0, 0, 0, 0, 0]","[['b', 'i', 'n'], ['d̪', 'u'], ['k', 'e']]",bind̪uke
গণমাধ্যমকর্মীদের,"[20, 7, 6, 3, 13, 2, 17, 25, 3, 13, 8, 3, 1, 13, 4, 17, 5, 1, 0, 0]","[['g', 'ɔ'], ['n', 'o'], ['m', 'a', 'd̪'], ['d̪ʱ', 'o', 'm'], ['k', 'o', 'r'], ['m', 'i'], ['d̪', 'e', 'r']]",gɔnomad̪d̪ʱomkormid̪er
পুবাইল,"[15, 14, 11, 30, 12, 0, 0, 0, 0, 0, 0, 0, 0, 0, 0, 0, 0, 0, 0, 0]","[['p', 'u'], ['b', 'ai̯', 'l']]",pubai̯l
ডেমোগ্রাফিক,"[26, 5, 13, 3, 20, 1, 2, 27, 4, 8, 0, 0, 0, 0, 0, 0, 0, 0, 0, 0]","[['ɖ', 'e'], ['m', 'o'], ['g', 'r', 'a'], ['f', 'i', 'k']]",ɖemografik
সামগ্রীগুলো,"[9, 2, 13, 3, 20, 1, 4, 20, 14, 12, 3, 0, 0, 0, 0, 0, 0, 0, 0, 0]","[['ʃ', 'a'], ['m', 'o', 'g'], ['r', 'i'], ['g', 'u'], ['l', 'o']]",ʃamogrigulo
দুর্বলতাও,"[17, 14, 1, 11, 7, 12, 3, 10, 38, 0, 0, 0, 0, 0, 0, 0, 0, 0, 0, 0]","[['d̪', 'u', 'r'], ['b', 'ɔ'], ['l', 'o'], ['t̪', 'ao̯']]",d̪urbɔlot̪ao̯
কাহিনিকার,"[8, 2, 21, 4, 6, 4, 8, 2, 1, 0, 0, 0, 0, 0, 0, 0, 0, 0, 0, 0]","[['k', 'a'], ['h', 'i'], ['n', 'i'], ['k', 'a', 'r']]",kahinikar
হৈল,"[21, 36, 12, 0, 0, 0, 0, 0, 0, 0, 0, 0, 0, 0, 0, 0, 0, 0, 0, 0]","[['h', 'oi̯', 'l']]",hoi̯l
আজিমপুরের,"[2, 18, 4, 13, 15, 14, 1, 5, 1, 0, 0, 0, 0, 0, 0, 0, 0, 0, 0, 0]","[['a'], ['dʒ', 'i', 'm'], ['p', 'u'], ['r', 'e', 'r']]",adʒimpurer
সেনাসংখ্যা,"[9, 5, 6, 2, 9, 7, 29, 24, 2, 0, 0, 0, 0, 0, 0, 0, 0, 0, 0, 0]","[['ʃ', 'e'], ['n', 'a'], ['ʃ', 'ɔ', 'ŋ'], ['kʰ', 'a']]",ʃenaʃɔŋkʰa
থেঁতো,"[32, 5, 10, 3, 0, 0, 0, 0, 0, 0, 0, 0, 0, 0, 0, 0, 0, 0, 0, 0]","[['t̪ʰ', 'e'], ['t̪', 'o']]",t̪ʰet̪o
বাংলামটর,"[11, 2, 29, 12, 2, 13, 7, 16, 3, 1, 0, 0, 0, 0, 0, 0, 0, 0, 0, 0]","[['b', 'a', 'ŋ'], ['l', 'a'], ['m', 'ɔ'], ['ʈ', 'o', 'r']]",baŋlamɔʈor
শান্তিবাহিনীর,"[9, 2, 6, 10, 4, 11, 2, 21, 4, 6, 4, 1, 0, 0, 0, 0, 0, 0, 0, 0]","[['ʃ', 'a', 'n'], ['t̪', 'i'], ['b', 'a'], ['h', 'i'], ['n', 'i', 'r']]",ʃant̪ibahinir
ড্রেসিংরুমে,"[26, 1, 5, 19, 4, 29, 1, 14, 13, 5, 0, 0, 0, 0, 0, 0, 0, 0, 0, 0]","[['ɖ', 'r', 'e'], ['s', 'i', 'ŋ'], ['r', 'u'], ['m', 'e']]",ɖresiŋrume
খাদ্যমান,"[24, 2, 17, 17, 3, 13, 2, 6, 0, 0, 0, 0, 0, 0, 0, 0, 0, 0, 0, 0]","[['kʰ', 'a', 'd̪'], ['d̪', 'o'], ['m', 'a', 'n']]",kʰad̪d̪oman
কৌটার,"[8, 41, 16, 2, 1, 0, 0, 0, 0, 0, 0, 0, 0, 0, 0, 0, 0, 0, 0, 0]","[['k', 'ou̯'], ['ʈ', 'a', 'r']]",kou̯ʈar
রোহো,"[1, 3, 21, 3, 0, 0, 0, 0, 0, 0, 0, 0, 0, 0, 0, 0, 0, 0, 0, 0]","[['r', 'o'], ['h', 'o']]",roho
অফিসগুলোর,"[7, 27, 4, 19, 20, 14, 12, 3, 1, 0, 0, 0, 0, 0, 0, 0, 0, 0, 0, 0]","[['ɔ'], ['f', 'i', 's'], ['g', 'u'], ['l', 'o', 'r']]",ɔfisgulor
আটষট্টি,"[2, 16, 9, 3, 16, 16, 4, 0, 0, 0, 0, 0, 0, 0, 0, 0, 0, 0, 0, 0]","[['a', 'ʈ'], ['ʃ', 'o', 'ʈ'], ['ʈ', 'i']]",aʈʃoʈʈi
রুম্মন,"[1, 14, 13, 13, 7, 6, 0, 0, 0, 0, 0, 0, 0, 0, 0, 0, 0, 0, 0, 0]","[['r', 'u', 'm'], ['m', 'ɔ', 'n']]",rummɔn
দাতাগোষ্ঠীর,"[17, 2, 10, 2, 20, 3, 9, 34, 4, 1, 0, 0, 0, 0, 0, 0, 0, 0, 0, 0]","[['d̪', 'a'], ['t̪', 'a'], ['g', 'o', 'ʃ'], ['ʈʰ', 'i', 'r']]",d̪at̪agoʃʈʰir
বাগ্,"[11, 2, 20, 0, 0, 0, 0, 0, 0, 0, 0, 0, 0, 0, 0, 0, 0, 0, 0, 0]","[['b', 'a', 'g']]",bag
সিমটি,"[19, 4, 13, 16, 4, 0, 0, 0, 0, 0, 0, 0, 0, 0, 0, 0, 0, 0, 0, 0]","[['s', 'i', 'm'], ['ʈ', 'i']]",simʈi
জাইকার,"[18, 30, 8, 2, 1, 0, 0, 0, 0, 0, 0, 0, 0, 0, 0, 0, 0, 0, 0, 0]","[['dʒ', 'ai̯'], ['k', 'a', 'r']]",dʒai̯kar
প্রকৃতিপ্রেমীদের,"[15, 1, 3, 8, 1, 4, 10, 4, 15, 1, 5, 13, 4, 17, 5, 1, 0, 0, 0, 0]","[['p', 'r', 'o'], ['k', 'r', 'i'], ['t̪', 'i'], ['p', 'r', 'e'], ['m', 'i'], ['d̪', 'e', 'r']]",prokrit̪ipremid̪er
অফিসই,"[7, 27, 4, 19, 4, 0, 0, 0, 0, 0, 0, 0, 0, 0, 0, 0, 0, 0, 0, 0]","[['ɔ'], ['f', 'i', 's'], ['i']]",ɔfisi
দোকানঘরের,"[17, 3, 8, 2, 6, 35, 7, 1, 5, 1, 0, 0, 0, 0, 0, 0, 0, 0, 0, 0]","[['d̪', 'o'], ['k', 'a', 'n'], ['gʱ', 'ɔ'], ['r', 'e', 'r']]",d̪okangʱɔrer
চুলকানো,"[22, 14, 12, 8, 2, 6, 3, 0, 0, 0, 0, 0, 0, 0, 0, 0, 0, 0, 0, 0]","[['tʃ', 'u', 'l'], ['k', 'a'], ['n', 'o']]",tʃulkano
কবুতরকে,"[8, 3, 11, 14, 10, 7, 1, 8, 5, 0, 0, 0, 0, 0, 0, 0, 0, 0, 0, 0]","[['k', 'o'], ['b', 'u'], ['t̪', 'ɔ', 'r'], ['k', 'e']]",kobut̪ɔrke
হেইন্স,"[21, 33, 6, 19, 0, 0, 0, 0, 0, 0, 0, 0, 0, 0, 0, 0, 0, 0, 0, 0]","[['h', 'ei̯', 'n', 's']]",hei̯ns
পেশাও,"[15, 5, 9, 2, 3, 0, 0, 0, 0, 0, 0, 0, 0, 0, 0, 0, 0, 0, 0, 0]","[['p', 'e'], ['ʃ', 'a'], ['o']]",peʃao
সিরাজুর,"[9, 4, 1, 2, 18, 14, 1, 0, 0, 0, 0, 0, 0, 0, 0, 0, 0, 0, 0, 0]","[['ʃ', 'i'], ['r', 'a'], ['dʒ', 'u', 'r']]",ʃiradʒur
সহযোগিতাই,"[9, 7, 21, 3, 18, 3, 20, 4, 10, 30, 0, 0, 0, 0, 0, 0, 0, 0, 0, 0]","[['ʃ', 'ɔ'], ['h', 'o'], ['dʒ', 'o'], ['g', 'i'], ['t̪', 'ai̯']]",ʃɔhodʒogit̪ai̯
চেরাগী,"[22, 5, 1, 2, 20, 4, 0, 0, 0, 0, 0, 0, 0, 0, 0, 0, 0, 0, 0, 0]","[['tʃ', 'e'], ['r', 'a'], ['g', 'i']]",tʃeragi
মুজফ্‌ফর,"[13, 14, 18, 7, 27, 27, 7, 1, 0, 0, 0, 0, 0, 0, 0, 0, 0, 0, 0, 0]","[['m', 'u'], ['dʒ', 'ɔ', 'f'], ['f', 'ɔ', 'r']]",mudʒɔffɔr
পচানো,"[15, 7, 22, 2, 6, 3, 0, 0, 0, 0, 0, 0, 0, 0, 0, 0, 0, 0, 0, 0]","[['p', 'ɔ'], ['tʃ', 'a'], ['n', 'o']]",pɔtʃano
মেটেনি,"[13, 5, 16, 5, 6, 4, 0, 0, 0, 0, 0, 0, 0, 0, 0, 0, 0, 0, 0, 0]","[['m', 'e'], ['ʈ', 'e'], ['n', 'i']]",meʈeni
উদ্যানসহ,"[14, 17, 17, 2, 6, 9, 7, 21, 3, 0, 0, 0, 0, 0, 0, 0, 0, 0, 0, 0]","[['u', 'd̪'], ['d̪', 'a', 'n'], ['ʃ', 'ɔ'], ['h', 'o']]",ud̪d̪anʃɔho
একচিলতে,"[28, 8, 22, 4, 12, 10, 5, 0, 0, 0, 0, 0, 0, 0, 0, 0, 0, 0, 0, 0]","[['æ', 'k'], ['tʃ', 'i', 'l'], ['t̪', 'e']]",æktʃilt̪e
চণ্ডীদাসের,"[22, 3, 6, 26, 4, 17, 2, 9, 5, 1, 0, 0, 0, 0, 0, 0, 0, 0, 0, 0]","[['tʃ', 'o', 'n'], ['ɖ', 'i'], ['d̪', 'a'], ['ʃ', 'e', 'r']]",tʃonɖid̪aʃer
বালামের,"[11, 2, 12, 2, 13, 5, 1, 0, 0, 0, 0, 0, 0, 0, 0, 0, 0, 0, 0, 0]","[['b', 'a'], ['l', 'a'], ['m', 'e', 'r']]",balamer
রজনীতে,"[1, 7, 18, 3, 6, 4, 10, 5, 0, 0, 0, 0, 0, 0, 0, 0, 0, 0, 0, 0]","[['r', 'ɔ'], ['dʒ', 'o'], ['n', 'i'], ['t̪', 'e']]",rɔdʒonit̪e
খাতগুলোতে,"[24, 2, 10, 20, 14, 12, 3, 10, 5, 0, 0, 0, 0, 0, 0, 0, 0, 0, 0, 0]","[['kʰ', 'a', 't̪'], ['g', 'u'], ['l', 'o'], ['t̪', 'e']]",kʰat̪gulot̪e
মধ্যস্বত্বভোগীদের,"[13, 3, 17, 25, 3, 9, 7, 10, 10, 3, 23, 3, 20, 4, 17, 5, 1, 0, 0, 0]","[['m', 'o', 'd̪'], ['d̪ʱ', 'o'], ['ʃ', 'ɔ', 't̪'], ['t̪', 'o'], ['bʱ', 'o'], ['g', 'i'], ['d̪', 'e', 'r']]",mod̪d̪ʱoʃɔt̪t̪obʱogid̪er
ফ্যাক্টরের,"[27, 28, 8, 16, 3, 1, 5, 1, 0, 0, 0, 0, 0, 0, 0, 0, 0, 0, 0, 0]","[['f', 'æ', 'k'], ['ʈ', 'o'], ['r', 'e', 'r']]",fækʈorer
ত্রিবেদীর,"[10, 1, 4, 11, 5, 17, 4, 1, 0, 0, 0, 0, 0, 0, 0, 0, 0, 0, 0, 0]","[['t̪', 'r', 'i'], ['b', 'e'], ['d̪', 'i', 'r']]",t̪ribed̪ir
হারেও,"[21, 2, 1, 37, 0, 0, 0, 0, 0, 0, 0, 0, 0, 0, 0, 0, 0, 0, 0, 0]","[['h', 'a'], ['r', 'eo̯']]",hareo̯
মেরুল,"[13, 5, 1, 14, 12, 0, 0, 0, 0, 0, 0, 0, 0, 0, 0, 0, 0, 0, 0, 0]","[['m', 'e'], ['r', 'u', 'l']]",merul
ওকাম্পোর,"[3, 8, 2, 13, 15, 3, 1, 0, 0, 0, 0, 0, 0, 0, 0, 0, 0, 0, 0, 0]","[['o'], ['k', 'a', 'm'], ['p', 'o', 'r']]",okampor
দালালেরা,"[17, 2, 12, 2, 12, 5, 1, 2, 0, 0, 0, 0, 0, 0, 0, 0, 0, 0, 0, 0]","[['d̪', 'a'], ['l', 'a'], ['l', 'e'], ['r', 'a']]",d̪alalera
বাতাসেও,"[11, 2, 10, 2, 9, 37, 0, 0, 0, 0, 0, 0, 0, 0, 0, 0, 0, 0, 0, 0]","[['b', 'a'], ['t̪', 'a'], ['ʃ', 'eo̯']]",bat̪aʃeo̯
রসুলুল্লাহ,"[1, 7, 19, 14, 12, 14, 12, 12, 2, 21, 0, 0, 0, 0, 0, 0, 0, 0, 0, 0]","[['r', 'ɔ'], ['s', 'u'], ['l', 'u', 'l'], ['l', 'a', 'h']]",rɔsulullah
চমকানোর,"[22, 7, 13, 8, 2, 6, 3, 1, 0, 0, 0, 0, 0, 0, 0, 0, 0, 0, 0, 0]","[['tʃ', 'ɔ', 'm'], ['k', 'a'], ['n', 'o', 'r']]",tʃɔmkanor
রেফারিরা,"[1, 5, 27, 2, 1, 4, 1, 2, 0, 0, 0, 0, 0, 0, 0, 0, 0, 0, 0, 0]","[['r', 'e'], ['f', 'a'], ['r', 'i'], ['r', 'a']]",refarira
কাকরাইলের,"[8, 2, 8, 1, 30, 12, 5, 1, 0, 0, 0, 0, 0, 0, 0, 0, 0, 0, 0, 0]","[['k', 'a', 'k'], ['r', 'ai̯'], ['l', 'e', 'r']]",kakrai̯ler
ক্রোমোজোমের,"[8, 1, 3, 13, 3, 18, 3, 13, 5, 1, 0, 0, 0, 0, 0, 0, 0, 0, 0, 0]","[['k', 'r', 'o'], ['m', 'o'], ['dʒ', 'o'], ['m', 'e', 'r']]",kromodʒomer
সমুদ্দুর,"[9, 3, 13, 14, 17, 17, 14, 1, 0, 0, 0, 0, 0, 0, 0, 0, 0, 0, 0, 0]","[['ʃ', 'o'], ['m', 'u', 'd̪'], ['d̪', 'u', 'r']]",ʃomud̪d̪ur
ডিসকোর্সের,"[26, 4, 19, 8, 3, 1, 19, 5, 1, 0, 0, 0, 0, 0, 0, 0, 0, 0, 0, 0]","[['ɖ', 'i', 's'], ['k', 'o', 'r'], ['s', 'e', 'r']]",ɖiskorser
দুঃস্থদের,"[17, 14, 19, 32, 3, 17, 5, 1, 0, 0, 0, 0, 0, 0, 0, 0, 0, 0, 0, 0]","[['d̪', 'u', 's'], ['t̪ʰ', 'o'], ['d̪', 'e', 'r']]",d̪ust̪ʰod̪er
টানলেন,"[16, 2, 6, 12, 5, 6, 0, 0, 0, 0, 0, 0, 0, 0, 0, 0, 0, 0, 0, 0]","[['ʈ', 'a', 'n'], ['l', 'e', 'n']]",ʈanlen
সাহাদাত,"[9, 2, 21, 2, 17, 2, 10, 0, 0, 0, 0, 0, 0, 0, 0, 0, 0, 0, 0, 0]","[['ʃ', 'a'], ['h', 'a'], ['d̪', 'a', 't̪']]",ʃahad̪at̪
কর্মপরিকল্পনার,"[8, 7, 1, 13, 3, 15, 3, 1, 4, 8, 7, 12, 15, 3, 6, 2, 1, 0, 0, 0]","[['k', 'ɔ', 'r'], ['m', 'o'], ['p', 'o'], ['r', 'i'], ['k', 'ɔ', 'l'], ['p', 'o'], ['n', 'a', 'r']]",kɔrmoporikɔlponar
গাঁথুনির,"[20, 2, 32, 14, 6, 4, 1, 0, 0, 0, 0, 0, 0, 0, 0, 0, 0, 0, 0, 0]","[['g', 'a'], ['t̪ʰ', 'u'], ['n', 'i', 'r']]",gat̪ʰunir
পেশাতেই,"[15, 5, 9, 2, 10, 33, 0, 0, 0, 0, 0, 0, 0, 0, 0, 0, 0, 0, 0, 0]","[['p', 'e'], ['ʃ', 'a'], ['t̪', 'ei̯']]",peʃat̪ei̯
টেম্পোরারি,"[16, 5, 13, 15, 3, 1, 2, 1, 4, 0, 0, 0, 0, 0, 0, 0, 0, 0, 0, 0]","[['ʈ', 'e', 'm'], ['p', 'o'], ['r', 'a'], ['r', 'i']]",ʈemporari
কস্টিক,"[8, 7, 19, 16, 4, 8, 0, 0, 0, 0, 0, 0, 0, 0, 0, 0, 0, 0, 0, 0]","[['k', 'ɔ', 's'], ['ʈ', 'i', 'k']]",kɔsʈik
ব্রুনা,"[11, 1, 14, 6, 2, 0, 0, 0, 0, 0, 0, 0, 0, 0, 0, 0, 0, 0, 0, 0]","[['b', 'r', 'u'], ['n', 'a']]",bruna
লুব্রিক্যান্ট,"[12, 14, 11, 1, 4, 8, 28, 6, 16, 0, 0, 0, 0, 0, 0, 0, 0, 0, 0, 0]","[['l', 'u', 'b'], ['r', 'i'], ['k', 'æ', 'n', 'ʈ']]",lubrikænʈ
ঘোচানো,"[35, 3, 22, 2, 6, 3, 0, 0, 0, 0, 0, 0, 0, 0, 0, 0, 0, 0, 0, 0]","[['gʱ', 'o'], ['tʃ', 'a'], ['n', 'o']]",gʱotʃano
সহজীকরণ,"[9, 7, 21, 3, 18, 4, 8, 7, 1, 3, 6, 0, 0, 0, 0, 0, 0, 0, 0, 0]","[['ʃ', 'ɔ'], ['h', 'o'], ['dʒ', 'i'], ['k', 'ɔ'], ['r', 'o', 'n']]",ʃɔhodʒikɔron
উদ্ধারকৃতদের,"[14, 17, 25, 2, 1, 8, 1, 4, 10, 3, 17, 5, 1, 0, 0, 0, 0, 0, 0, 0]","[['u', 'd̪'], ['d̪ʱ', 'a', 'r'], ['k', 'r', 'i'], ['t̪', 'o'], ['d̪', 'e', 'r']]",ud̪d̪ʱarkrit̪od̪er
জুলেখার,"[18, 14, 12, 5, 24, 2, 1, 0, 0, 0, 0, 0, 0, 0, 0, 0, 0, 0, 0, 0]","[['dʒ', 'u'], ['l', 'e'], ['kʰ', 'a', 'r']]",dʒulekʰar
নকিব,"[6, 3, 8, 4, 11, 0, 0, 0, 0, 0, 0, 0, 0, 0, 0, 0, 0, 0, 0, 0]","[['n', 'o'], ['k', 'i', 'b']]",nokib
ধরিল,"[25, 3, 1, 4, 12, 3, 0, 0, 0, 0, 0, 0, 0, 0, 0, 0, 0, 0, 0, 0]","[['d̪ʱ', 'o'], ['r', 'i'], ['l', 'o']]",d̪ʱorilo
ন্যাসিওনাল,"[6, 28, 9, 4, 3, 6, 2, 12, 0, 0, 0, 0, 0, 0, 0, 0, 0, 0, 0, 0]","[['n', 'æ'], ['ʃ', 'i'], ['o'], ['n', 'a', 'l']]",næʃional
ভাষাপরিবারের,"[23, 2, 9, 2, 15, 3, 1, 4, 11, 2, 1, 5, 1, 0, 0, 0, 0, 0, 0, 0]","[['bʱ', 'a'], ['ʃ', 'a'], ['p', 'o'], ['r', 'i'], ['b', 'a'], ['r', 'e', 'r']]",bʱaʃaporibarer
স্তরবিন্যাস,"[19, 10, 7, 1, 11, 4, 6, 6, 2, 9, 0, 0, 0, 0, 0, 0, 0, 0, 0, 0]","[['s', 't̪', 'ɔ', 'r'], ['b', 'i', 'n'], ['n', 'a', 'ʃ']]",st̪ɔrbinnaʃ
কাইউম,"[8, 30, 14, 13, 0, 0, 0, 0, 0, 0, 0, 0, 0, 0, 0, 0, 0, 0, 0, 0]","[['k', 'ai̯'], ['u', 'm']]",kai̯um
ফোর্ডের,"[27, 3, 1, 26, 5, 1, 0, 0, 0, 0, 0, 0, 0, 0, 0, 0, 0, 0, 0, 0]","[['f', 'o', 'r'], ['ɖ', 'e', 'r']]",forɖer
প্যাকেজগুলো,"[15, 28, 8, 5, 18, 20, 14, 12, 3, 0, 0, 0, 0, 0, 0, 0, 0, 0, 0, 0]","[['p', 'æ'], ['k', 'e', 'dʒ'], ['g', 'u'], ['l', 'o']]",pækedʒgulo
আফতাবের,"[2, 27, 10, 2, 11, 5, 1, 0, 0, 0, 0, 0, 0, 0, 0, 0, 0, 0, 0, 0]","[['a', 'f'], ['t̪', 'a'], ['b', 'e', 'r']]",aft̪aber
সংখ্যাধিক্যের,"[9, 7, 29, 24, 2, 25, 4, 8, 8, 5, 1, 0, 0, 0, 0, 0, 0, 0, 0, 0]","[['ʃ', 'ɔ', 'ŋ'], ['kʰ', 'a'], ['d̪ʱ', 'i', 'k'], ['k', 'e', 'r']]",ʃɔŋkʰad̪ʱikker
কনকর্ডের,"[8, 7, 6, 8, 7, 1, 26, 5, 1, 0, 0, 0, 0, 0, 0, 0, 0, 0, 0, 0]","[['k', 'ɔ', 'n'], ['k', 'ɔ', 'r'], ['ɖ', 'e', 'r']]",kɔnkɔrɖer
অস্ত্রোপচারও,"[7, 19, 10, 1, 3, 15, 7, 22, 2, 1, 3, 0, 0, 0, 0, 0, 0, 0, 0, 0]","[['ɔ', 's'], ['t̪', 'r', 'o'], ['p', 'ɔ'], ['tʃ', 'a', 'r'], ['o']]",ɔst̪ropɔtʃaro
ঢালচর,"[46, 2, 12, 22, 7, 1, 0, 0, 0, 0, 0, 0, 0, 0, 0, 0, 0, 0, 0, 0]","[['ɖʱ', 'a', 'l'], ['tʃ', 'ɔ', 'r']]",ɖʱaltʃɔr
বাজিগর,"[11, 2, 18, 4, 20, 7, 1, 0, 0, 0, 0, 0, 0, 0, 0, 0, 0, 0, 0, 0]","[['b', 'a'], ['dʒ', 'i'], ['g', 'ɔ', 'r']]",badʒigɔr
হ্যান্ডসেটটি,"[21, 28, 6, 26, 19, 5, 16, 16, 4, 0, 0, 0, 0, 0, 0, 0, 0, 0, 0, 0]","[['h', 'æ', 'n', 'ɖ'], ['s', 'e', 'ʈ'], ['ʈ', 'i']]",hænɖseʈʈi
তাঁরে,"[10, 2, 1, 5, 0, 0, 0, 0, 0, 0, 0, 0, 0, 0, 0, 0, 0, 0, 0, 0]","[['t̪', 'a'], ['r', 'e']]",t̪are
ফকরুল,"[27, 3, 8, 1, 14, 12, 0, 0, 0, 0, 0, 0, 0, 0, 0, 0, 0, 0, 0, 0]","[['f', 'o', 'k'], ['r', 'u', 'l']]",fokrul
গিলা,"[20, 4, 12, 2, 0, 0, 0, 0, 0, 0, 0, 0, 0, 0, 0, 0, 0, 0, 0, 0]","[['g', 'i'], ['l', 'a']]",gila
চিন্তাতেই,"[22, 4, 6, 10, 2, 10, 33, 0, 0, 0, 0, 0, 0, 0, 0, 0, 0, 0, 0, 0]","[['tʃ', 'i', 'n'], ['t̪', 'a'], ['t̪', 'ei̯']]",tʃint̪at̪ei̯
এঁরাই,"[5, 1, 30, 0, 0, 0, 0, 0, 0, 0, 0, 0, 0, 0, 0, 0, 0, 0, 0, 0]","[['e'], ['r', 'ai̯']]",erai̯
পোলারে,"[15, 3, 12, 2, 1, 5, 0, 0, 0, 0, 0, 0, 0, 0, 0, 0, 0, 0, 0, 0]","[['p', 'o'], ['l', 'a'], ['r', 'e']]",polare
ঠেকতে,"[34, 5, 8, 10, 5, 0, 0, 0, 0, 0, 0, 0, 0, 0, 0, 0, 0, 0, 0, 0]","[['ʈʰ', 'e', 'k'], ['t̪', 'e']]",ʈʰekt̪e
রুমঝুম,"[1, 14, 13, 39, 14, 13, 0, 0, 0, 0, 0, 0, 0, 0, 0, 0, 0, 0, 0, 0]","[['r', 'u', 'm'], ['dʒʱ', 'u', 'm']]",rumdʒʱum
টেলিছবিটি,"[16, 5, 12, 4, 31, 3, 11, 4, 16, 4, 0, 0, 0, 0, 0, 0, 0, 0, 0, 0]","[['ʈ', 'e'], ['l', 'i'], ['tʃʰ', 'o'], ['b', 'i'], ['ʈ', 'i']]",ʈelitʃʰobiʈi
শব্দসমূহকে,"[9, 7, 11, 17, 3, 9, 3, 13, 14, 21, 3, 8, 5, 0, 0, 0, 0, 0, 0, 0]","[['ʃ', 'ɔ', 'b'], ['d̪', 'o'], ['ʃ', 'o'], ['m', 'u'], ['h', 'o'], ['k', 'e']]",ʃɔbd̪oʃomuhoke
ফেইলিওর,"[27, 33, 12, 4, 3, 1, 0, 0, 0, 0, 0, 0, 0, 0, 0, 0, 0, 0, 0, 0]","[['f', 'ei̯'], ['l', 'i'], ['o', 'r']]",fei̯lior
বেনিতেজ,"[11, 5, 6, 4, 10, 5, 18, 0, 0, 0, 0, 0, 0, 0, 0, 0, 0, 0, 0, 0]","[['b', 'e'], ['n', 'i'], ['t̪', 'e', 'dʒ']]",benit̪edʒ
নান্দী,"[6, 2, 6, 17, 4, 0, 0, 0, 0, 0, 0, 0, 0, 0, 0, 0, 0, 0, 0, 0]","[['n', 'a', 'n'], ['d̪', 'i']]",nand̪i
গৃহকর্ত্রীর,"[20, 1, 4, 21, 3, 8, 3, 1, 10, 1, 4, 1, 0, 0, 0, 0, 0, 0, 0, 0]","[['g', 'r', 'i'], ['h', 'o'], ['k', 'o', 'r'], ['t̪', 'r', 'i', 'r']]",grihokort̪rir
বহুনির্বাচনী,"[11, 3, 21, 14, 6, 4, 1, 11, 2, 22, 3, 6, 4, 0, 0, 0, 0, 0, 0, 0]","[['b', 'o'], ['h', 'u'], ['n', 'i', 'r'], ['b', 'a'], ['tʃ', 'o'], ['n', 'i']]",bohunirbatʃoni
আকতারুজ্জামান,"[2, 8, 10, 2, 1, 14, 18, 18, 2, 13, 2, 6, 0, 0, 0, 0, 0, 0, 0, 0]","[['a', 'k'], ['t̪', 'a'], ['r', 'u', 'dʒ'], ['dʒ', 'a'], ['m', 'a', 'n']]",akt̪arudʒdʒaman
শাহাদতের,"[9, 2, 21, 2, 17, 7, 10, 5, 1, 0, 0, 0, 0, 0, 0, 0, 0, 0, 0, 0]","[['ʃ', 'a'], ['h', 'a'], ['d̪', 'ɔ'], ['t̪', 'e', 'r']]",ʃahad̪ɔt̪er
শ্রমকে,"[19, 1, 3, 13, 8, 5, 0, 0, 0, 0, 0, 0, 0, 0, 0, 0, 0, 0, 0, 0]","[['s', 'r', 'o', 'm'], ['k', 'e']]",sromke
সিআরপিতে,"[19, 4, 2, 1, 15, 4, 10, 5, 0, 0, 0, 0, 0, 0, 0, 0, 0, 0, 0, 0]","[['s', 'i'], ['a', 'r'], ['p', 'i'], ['t̪', 'e']]",siarpit̪e
নৌবন্দরে,"[6, 47, 11, 7, 6, 17, 3, 1, 5, 0, 0, 0, 0, 0, 0, 0, 0, 0, 0, 0]","[['n', 'oo̯'], ['b', 'ɔ', 'n'], ['d̪', 'o'], ['r', 'e']]",noo̯bɔnd̪ore
প্রত্নসম্পদ,"[15, 1, 3, 10, 6, 3, 9, 7, 13, 15, 7, 17, 0, 0, 0, 0, 0, 0, 0, 0]","[['p', 'r', 'o', 't̪'], ['n', 'o'], ['ʃ', 'ɔ', 'm'], ['p', 'ɔ', 'd̪']]",prot̪noʃɔmpɔd̪
ব্রোকারেজ,"[11, 1, 3, 8, 2, 1, 5, 18, 0, 0, 0, 0, 0, 0, 0, 0, 0, 0, 0, 0]","[['b', 'r', 'o'], ['k', 'a'], ['r', 'e', 'dʒ']]",brokaredʒ
কাপূর,"[8, 2, 15, 14, 1, 0, 0, 0, 0, 0, 0, 0, 0, 0, 0, 0, 0, 0, 0, 0]","[['k', 'a'], ['p', 'u', 'r']]",kapur
মৈত্রের,"[13, 36, 10, 1, 5, 1, 0, 0, 0, 0, 0, 0, 0, 0, 0, 0, 0, 0, 0, 0]","[['m', 'oi̯', 't̪'], ['r', 'e', 'r']]",moi̯t̪rer
সের্হিও,"[19, 5, 1, 21, 49, 0, 0, 0, 0, 0, 0, 0, 0, 0, 0, 0, 0, 0, 0, 0]","[['s', 'e', 'r'], ['h', 'io̯']]",serhio̯
অপমৃত্যুর,"[7, 15, 3, 13, 1, 4, 10, 10, 14, 1, 0, 0, 0, 0, 0, 0, 0, 0, 0, 0]","[['ɔ'], ['p', 'o'], ['m', 'r', 'i', 't̪'], ['t̪', 'u', 'r']]",ɔpomrit̪t̪ur
হাইটসের,"[21, 30, 16, 19, 5, 1, 0, 0, 0, 0, 0, 0, 0, 0, 0, 0, 0, 0, 0, 0]","[['h', 'ai̯', 'ʈ'], ['s', 'e', 'r']]",hai̯ʈser
ভক্তকূল,"[23, 7, 8, 10, 3, 8, 14, 12, 0, 0, 0, 0, 0, 0, 0, 0, 0, 0, 0, 0]","[['bʱ', 'ɔ', 'k'], ['t̪', 'o'], ['k', 'u', 'l']]",bʱɔkt̪okul
শ্রেণীবৈষম্য,"[9, 1, 5, 6, 4, 11, 36, 9, 7, 13, 13, 3, 0, 0, 0, 0, 0, 0, 0, 0]","[['ʃ', 'r', 'e'], ['n', 'i'], ['b', 'oi̯'], ['ʃ', 'ɔ', 'm'], ['m', 'o']]",ʃreniboi̯ʃɔmmo
ট্যালি,"[16, 28, 12, 4, 0, 0, 0, 0, 0, 0, 0, 0, 0, 0, 0, 0, 0, 0, 0, 0]","[['ʈ', 'æ'], ['l', 'i']]",ʈæli
জরুরিভাবে,"[18, 3, 1, 14, 1, 4, 23, 2, 11, 5, 0, 0, 0, 0, 0, 0, 0, 0, 0, 0]","[['dʒ', 'o'], ['r', 'u'], ['r', 'i'], ['bʱ', 'a'], ['b', 'e']]",dʒoruribʱabe
ক্যান্সারসহ,"[8, 28, 6, 19, 2, 1, 9, 7, 21, 3, 0, 0, 0, 0, 0, 0, 0, 0, 0, 0]","[['k', 'æ', 'n'], ['s', 'a', 'r'], ['ʃ', 'ɔ'], ['h', 'o']]",kænsarʃɔho
ডিফেন্ডারকে,"[26, 4, 27, 5, 6, 26, 2, 1, 8, 5, 0, 0, 0, 0, 0, 0, 0, 0, 0, 0]","[['ɖ', 'i'], ['f', 'e', 'n'], ['ɖ', 'a', 'r'], ['k', 'e']]",ɖifenɖarke
খাবারেও,"[24, 2, 11, 2, 1, 37, 0, 0, 0, 0, 0, 0, 0, 0, 0, 0, 0, 0, 0, 0]","[['kʰ', 'a'], ['b', 'a'], ['r', 'eo̯']]",kʰabareo̯
প্রেষণ,"[15, 1, 5, 9, 7, 6, 0, 0, 0, 0, 0, 0, 0, 0, 0, 0, 0, 0, 0, 0]","[['p', 'r', 'e'], ['ʃ', 'ɔ', 'n']]",preʃɔn
ঘুমাতাম,"[35, 14, 13, 2, 10, 2, 13, 0, 0, 0, 0, 0, 0, 0, 0, 0, 0, 0, 0, 0]","[['gʱ', 'u'], ['m', 'a'], ['t̪', 'a', 'm']]",gʱumat̪am
পর্বতারোহীদের,"[15, 7, 1, 11, 3, 10, 2, 1, 3, 21, 4, 17, 5, 1, 0, 0, 0, 0, 0, 0]","[['p', 'ɔ', 'r'], ['b', 'o'], ['t̪', 'a'], ['r', 'o'], ['h', 'i'], ['d̪', 'e', 'r']]",pɔrbot̪arohid̪er
ভুবনমোহিনী,"[23, 14, 11, 3, 6, 13, 3, 21, 4, 6, 4, 0, 0, 0, 0, 0, 0, 0, 0, 0]","[['bʱ', 'u'], ['b', 'o', 'n'], ['m', 'o'], ['h', 'i'], ['n', 'i']]",bʱubonmohini
ভালোকরে,"[23, 2, 12, 3, 8, 3, 1, 5, 0, 0, 0, 0, 0, 0, 0, 0, 0, 0, 0, 0]","[['bʱ', 'a'], ['l', 'o'], ['k', 'o'], ['r', 'e']]",bʱalokore
আর্সেনিকযুক্ত,"[2, 1, 19, 5, 6, 4, 8, 18, 14, 8, 10, 3, 0, 0, 0, 0, 0, 0, 0, 0]","[['a', 'r'], ['s', 'e'], ['n', 'i', 'k'], ['dʒ', 'u', 'k'], ['t̪', 'o']]",arsenikdʒukt̪o
এক্সেসরিজ,"[5, 8, 19, 5, 19, 7, 1, 4, 18, 0, 0, 0, 0, 0, 0, 0, 0, 0, 0, 0]","[['e', 'k'], ['s', 'e'], ['s', 'ɔ'], ['r', 'i', 'dʒ']]",eksesɔridʒ
পাতিলেবুর,"[15, 2, 10, 4, 12, 5, 11, 14, 1, 0, 0, 0, 0, 0, 0, 0, 0, 0, 0, 0]","[['p', 'a'], ['t̪', 'i'], ['l', 'e'], ['b', 'u', 'r']]",pat̪ilebur
পরিকল্পিতভাবেই,"[15, 3, 1, 4, 8, 3, 12, 15, 4, 10, 3, 23, 2, 11, 33, 0, 0, 0, 0, 0]","[['p', 'o'], ['r', 'i'], ['k', 'o', 'l'], ['p', 'i'], ['t̪', 'o'], ['bʱ', 'a'], ['b', 'ei̯']]",porikolpit̪obʱabei̯
গ্রিনল্যান্ড,"[20, 1, 4, 6, 12, 28, 6, 26, 0, 0, 0, 0, 0, 0, 0, 0, 0, 0, 0, 0]","[['g', 'r', 'i', 'n'], ['l', 'æ', 'n', 'ɖ']]",grinlænɖ
কাইনেটিক,"[8, 30, 6, 5, 16, 4, 8, 0, 0, 0, 0, 0, 0, 0, 0, 0, 0, 0, 0, 0]","[['k', 'ai̯'], ['n', 'e'], ['ʈ', 'i', 'k']]",kai̯neʈik
বিশ্বরাজনীতির,"[11, 4, 9, 9, 3, 1, 2, 18, 6, 4, 10, 4, 1, 0, 0, 0, 0, 0, 0, 0]","[['b', 'i', 'ʃ'], ['ʃ', 'o'], ['r', 'a', 'dʒ'], ['n', 'i'], ['t̪', 'i', 'r']]",biʃʃoradʒnit̪ir
সোপের,"[19, 3, 15, 5, 1, 0, 0, 0, 0, 0, 0, 0, 0, 0, 0, 0, 0, 0, 0, 0]","[['s', 'o'], ['p', 'e', 'r']]",soper
শিশুপুত্রকে,"[9, 4, 9, 14, 15, 14, 10, 1, 3, 8, 5, 0, 0, 0, 0, 0, 0, 0, 0, 0]","[['ʃ', 'i'], ['ʃ', 'u'], ['p', 'u', 't̪'], ['r', 'o'], ['k', 'e']]",ʃiʃuput̪roke
প্রেমকাহিনি,"[15, 1, 5, 13, 8, 2, 21, 4, 6, 4, 0, 0, 0, 0, 0, 0, 0, 0, 0, 0]","[['p', 'r', 'e', 'm'], ['k', 'a'], ['h', 'i'], ['n', 'i']]",premkahini
ঘেটুপুত্র,"[35, 5, 16, 14, 15, 14, 10, 1, 3, 0, 0, 0, 0, 0, 0, 0, 0, 0, 0, 0]","[['gʱ', 'e'], ['ʈ', 'u'], ['p', 'u', 't̪'], ['r', 'o']]",gʱeʈuput̪ro
শিক্ষাকার্যক্রম,"[9, 4, 8, 24, 2, 8, 2, 1, 18, 3, 8, 1, 3, 13, 0, 0, 0, 0, 0, 0]","[['ʃ', 'i', 'k'], ['kʰ', 'a'], ['k', 'a', 'r'], ['dʒ', 'o'], ['k', 'r', 'o', 'm']]",ʃikkʰakardʒokrom
শিরোনামহীনের,"[9, 4, 1, 3, 6, 2, 13, 21, 4, 6, 5, 1, 0, 0, 0, 0, 0, 0, 0, 0]","[['ʃ', 'i'], ['r', 'o'], ['n', 'a', 'm'], ['h', 'i'], ['n', 'e', 'r']]",ʃironamhiner
অকালমৃত্যু,"[7, 8, 2, 12, 13, 1, 4, 10, 10, 14, 0, 0, 0, 0, 0, 0, 0, 0, 0, 0]","[['ɔ'], ['k', 'a', 'l'], ['m', 'r', 'i', 't̪'], ['t̪', 'u']]",ɔkalmrit̪t̪u
রাজধানীও,"[1, 2, 18, 25, 2, 6, 4, 3, 0, 0, 0, 0, 0, 0, 0, 0, 0, 0, 0, 0]","[['r', 'a', 'dʒ'], ['d̪ʱ', 'a'], ['n', 'i'], ['o']]",radʒd̪ʱanio
সাহিত্যিককে,"[9, 2, 21, 4, 10, 10, 4, 8, 8, 5, 0, 0, 0, 0, 0, 0, 0, 0, 0, 0]","[['ʃ', 'a'], ['h', 'i', 't̪'], ['t̪', 'i', 'k'], ['k', 'e']]",ʃahit̪t̪ikke
ফিরেননি,"[27, 4, 1, 5, 6, 6, 4, 0, 0, 0, 0, 0, 0, 0, 0, 0, 0, 0, 0, 0]","[['f', 'i'], ['r', 'e', 'n'], ['n', 'i']]",firenni
মাধবীলতা,"[13, 2, 25, 3, 11, 4, 12, 7, 10, 2, 0, 0, 0, 0, 0, 0, 0, 0, 0, 0]","[['m', 'a'], ['d̪ʱ', 'o'], ['b', 'i'], ['l', 'ɔ'], ['t̪', 'a']]",mad̪ʱobilɔt̪a
দুধভাত,"[17, 14, 25, 23, 2, 10, 0, 0, 0, 0, 0, 0, 0, 0, 0, 0, 0, 0, 0, 0]","[['d̪', 'u', 'd̪ʱ'], ['bʱ', 'a', 't̪']]",d̪ud̪ʱbʱat̪
পানিস্বল্পতা,"[15, 2, 6, 4, 9, 7, 12, 15, 3, 10, 2, 0, 0, 0, 0, 0, 0, 0, 0, 0]","[['p', 'a'], ['n', 'i'], ['ʃ', 'ɔ', 'l'], ['p', 'o'], ['t̪', 'a']]",paniʃɔlpot̪a
হাইড্রোজেনের,"[21, 30, 26, 1, 3, 18, 5, 6, 5, 1, 0, 0, 0, 0, 0, 0, 0, 0, 0, 0]","[['h', 'ai̯'], ['ɖ', 'r', 'o'], ['dʒ', 'e'], ['n', 'e', 'r']]",hai̯ɖrodʒener
ক্যানটিন,"[8, 28, 6, 16, 4, 6, 0, 0, 0, 0, 0, 0, 0, 0, 0, 0, 0, 0, 0, 0]","[['k', 'æ', 'n'], ['ʈ', 'i', 'n']]",kænʈin
